title,address,city,price,bedroom,bathroom,floors,parking,face,year,views,area,road,road_width,road_type,build_area,posted,amenities,year_missing,road_width_ft,area_sqft,build_area_sqft,price_category
"Flat System House On Sale At Budhanikantha : House For Sale In Budhanilkantha, Kathmandu","Budhanikantha, Budhanilkantha, Kathmandu",Kathmandu,90000000,6,3,2.0,10,West,2073.0,17,1-0-0-0 Aana,20 Feet / Blacktopped,20 Feet , Blacktopped,18-0-0-0 Aana,11 hours ago,"['Parking', 'Lawn', 'Garage', 'Frontyard', 'Fencing', 'Balcony', 'Backyard', 'Modular Kitchen', 'Garden', 'Water Supply', 'Drainage', 'Water Tank', 'Wifi', 'Water Well', 'Solar Water', 'TV Cable']",0,20.0,5476.0,98568.0,Premium
"21 Aana Beautiful House : House For Sale In Budhanilkantha, Kathmandu","Pasikot, Budhanilkantha, Kathmandu",Kathmandu,80000000,5,3,2.0,9,East,2073.0,26,0-21-0-0 Aana,20 Feet / Blacktopped,20 Feet , Blacktopped,0-14-0-0 Aana,12 hours ago,"['Parking', 'Garage', 'Fencing', 'Frontyard', 'Balcony', 'Backyard', 'Garden', 'Modular Kitchen', 'Drainage', 'Water Supply', 'Wifi', 'Water Tank', 'Water Well', 'Solar Water', 'TV Cable']",0,20.0,7187.25,4791.5,Premium
"Beautiful To Floor House : House For Sale In Dhapasi, Kathmandu","Dhapasi, Dhapasi, Kathmandu",Kathmandu,70000000,5,3,2.0,12,East,2071.0,154,1-1-0-0 Aana,20 Feet / Blacktopped,20 Feet , Blacktopped,10-1-0-0 Aana,2 days ago,"['Parking', 'Lawn', 'Garage', 'Frontyard', 'Fencing', 'Balcony', 'Backyard', 'Garden', 'Modular Kitchen', 'Water Supply', 'Drainage', 'Wifi', 'Water Tank', 'Water Well', 'Solar Water', 'TV Cable']",0,20.0,5818.25,55102.25,Premium
"Modern Architecture Bungalow House : House For Sale In Baluwatar, Kathmandu","baluwatar, Baluwatar, Kathmandu",Kathmandu,130000000,6,4,3.0,9,West,2017.0,17,0-10-1-0 Aana,20 Feet / Blacktopped,20 Feet , Blacktopped,0-7-1-0 Aana,1 day ago,"['Parking', 'Lawn', 'Garage', 'Frontyard', 'Fencing', 'Balcony', 'Backyard', 'Garden', 'Modular Kitchen', 'Water Supply', 'Drainage', 'Water Tank', 'Water Well', 'Solar Water', 'Wifi', 'TV Cable']",0,20.0,3508.0625,2481.3125,Premium
"Modern Bungalow House : House For Sale In Golfutar, Kathmandu","Golfutar, Golfutar, Kathmandu",Kathmandu,100000000,6,3,2.0,10,East,2070.0,59,0-19-2-0 Aana,20 Feet / Blacktopped,20 Feet , Blacktopped,0-14-2-0 Aana,2 days ago,"['Parking', 'Lawn', 'Garage', 'Balcony', 'Backyard', 'Frontyard', 'Fencing', 'Garden', 'Modular Kitchen', 'TV Cable', 'Wifi', 'Drainage', 'Water Supply', 'Water Tank', 'Solar Water', 'Water Well']",0,20.0,6673.875,4962.625,Premium
"Beautiful Bungalow House : House For Sale In Banasthali, Kathmandu","Banasthali, Banasthali, Kathmandu",Kathmandu,100000000,5,6,3.0,9,East,2074.0,92,0-12-3-1 Aana,13 Feet / Blacktopped,13 Feet , Blacktopped,0-8-3-1 Aana,3 days ago,"['Parking', 'Lawn', 'Garage', 'Balcony', 'Backyard', 'Frontyard', 'Fencing', 'Modular Kitchen', 'Garden', 'TV Cable', 'Wifi', 'Drainage', 'Water Supply', 'Water Tank', 'Water Well', 'Solar Water']",0,13.0,4385.078125,3016.078125,Premium
"House For Sale @ Dadathok Lubhu Lalitpur : House For Sale In Lubhu, Lalitpur","Dadathok, Lubhu, Lalitpur",Lalitpur,11000000,3,4,3.0,1,South East,2019.0,317,3-1-1 Aana,11 Feet / Gravelled,11 Feet , Gravelled,N/A Aana,3 days ago,"['Parking', 'Balcony']",0,11.0,16855.8125,,High
"Modern House : House For Sale In Budhanilkantha, Kathmandu","Hepali, Budhanilkantha, Kathmandu",Kathmandu,50000000,5,4,2.0,9,East,2073.0,618,0-8-5-0 Aana,20 Feet / Blacktopped,20 Feet , Blacktopped,0-6-5-0 Aana,3 days ago,"['Parking', 'Lawn', 'Garage', 'Frontyard', 'Fencing', 'Balcony', 'Backyard', 'Garden', 'Modular Kitchen', 'Drainage', 'Water Supply', 'Wifi', 'TV Cable', 'Solar Water', 'Water Tank', 'Water Well']",0,20.0,3165.8125,2481.3125,Premium
"Flat System House : House For Sale In Baluwatar, Kathmandu","baluwatar, Baluwatar, Kathmandu",Kathmandu,100000000,10,8,3.5,5,North,2017.0,110,0-12-3-2 Aana,20 Feet / Blacktopped,20 Feet , Blacktopped,0-9-3-2 Aana,4 days ago,"['Lawn', 'Garage', 'Backyard', 'Balcony', 'Fencing', 'Frontyard', 'Garden', 'Modular Kitchen', 'TV Cable', 'Wifi', 'Drainage', 'Water Supply', 'Solar Water', 'Water Tank', 'Water Well', 'Parking']",0,20.0,4406.46875,3379.71875,Premium
"Residential House Sale : House For Sale In Sukedhara, Kathmandu","Nearby Nilo Pool, Sukedhara, Kathmandu",Kathmandu,32500000,6,4,2.5,1,South East,2065.0,2.6K,0-4-0-0 Aana,12 Feet / Concrete,12 Feet , Concrete,2394 Aana,1 month ago,"['Balcony', 'Fencing', 'Garden', 'TV Cable', 'Wifi', 'Drainage', 'Water Supply', 'Water Tank', 'Water Well', 'Electricity Backup', 'Internet', 'Parking', 'Store Room']",0,12.0,1369.0,819346.5,Premium
"Beautiful House For Sale : House For Sale In Lekhnath, Pokhara","4, Lekhnath, Pokhara",Pokhara,32000000,4,5,3.0,3,South West,2075.0,922,14 Aana,15 Feet / Blacktopped,15 Feet , Blacktopped,7 Aana,3 weeks ago,"['Parking', 'Backyard']",0,15.0,4791.5,2395.75,Premium
"House Sale In Budhanilkantha : House For Sale In Chapali, Kathmandu","Budhanilkantha, Chapali, Kathmandu",Kathmandu,39900000,5,4,3.0,1,North West,2075.0,592,0-4-2-0 Aana,14 Feet / Paved,14 Feet , Paved,2500 Aana,1 month ago,"['Parking', 'Balcony', 'Internet']",0,14.0,1540.125,855625.0,Premium
"Budhanilkantha Mandir 1 Floor Home : House For Sale In Budhanilkantha, Kathmandu","Na, Budhanilkantha, Kathmandu",Kathmandu,15000000,2,2,1.0,1,South,2074.0,766,5 Aana,12 Feet / Gravelled,12 Feet , Gravelled,N/A Aana,1 month ago,['Parking'],0,12.0,1711.25,,High
"House For Sale , Hepali Height : House For Sale In Budhanilkantha, Kathmandu","Na, Budhanilkantha, Kathmandu",Kathmandu,52500000,5,5,3.0,3,South East,2075.0,872,8 Aana,20 Feet / Blacktopped,20 Feet , Blacktopped,N/A Aana,1 month ago,"['Parking', 'Garage', 'Modular Kitchen', 'Microwave', 'Garden', 'Drainage', 'Water Supply', 'Solar Water', 'Water Well']",0,20.0,2738.0,,Premium
"Tokha Grandy Height Home : House For Sale In Budhanilkantha, Kathmandu","Na, Budhanilkantha, Kathmandu",Kathmandu,26500000,6,6,3.0,1,East,2076.0,1.1K,4 Aana,13 Feet / Paved,13 Feet , Paved,N/A Aana,1 month ago,['Parking'],0,13.0,1369.0,,High
"Sitapaila Modern Semi Bungalow : House For Sale In Sitapaila, Kathmandu","NA, Sitapaila, Kathmandu",Kathmandu,25500000,6,6,3.0,1,East,2076.0,1.6K,4 Aana,13 Feet / Gravelled,13 Feet , Gravelled,2700 Sq. Feet,1 month ago,['Parking'],0,13.0,1369.0,2700.0,High
"2.5 Storey : House For Sale In Narephate, Kathmandu","Nearby CCRC College, Narephate, Kathmandu",Kathmandu,33000000,6,4,2.5,1,East,2056.0,2.8K,0-6-0-0 Aana,20 Feet / Blacktopped,20 Feet , Blacktopped,N/A Aana,2 months ago,"['Lawn', 'Fencing', 'Garden', 'Modular Kitchen', 'TV Cable', 'Wifi', 'Drainage', 'Water Supply', 'Solar Water', 'Water Tank', 'Parking', 'Store Room']",0,20.0,2053.5,,Premium
"2.5 Storey House On Sale At Daura Dipo , Checkpost : House For Sale In Thankot, Kathmandu","Daura Dipo, Thankot, Kathmandu",Kathmandu,18500000,4,4,3.0,3,South,2074.0,404,6 Aana,13 Feet,13 Feet,Unknown,N/A Aana,1 month ago,['Parking'],1,13.0,2053.5,,High
"House For Sale At Kalanki : House For Sale In Kalanki, Kathmandu","khasibazaar, Kalanki, Kathmandu",Kathmandu,62000000,7,4,3.0,3,East,2074.0,164,10 Aana,0 Feet,0 Feet,Unknown,N/A Aana,1 month ago,[],1,0.0,3422.5,,Premium
"House Sale In Lolang Height : House For Sale In Kavresthali, Kathmandu","Lonag height, Kavresthali, Kathmandu",Kathmandu,10500000,0,0,3.0,0,North,2074.0,460,0-4-0-0 Aana,10 Feet,10 Feet,Unknown,N/A Aana,1 month ago,[],1,10.0,1369.0,,High
"House For Sale In Sipadol, Bhaktapur","Sipadol, Sipadol, Bhaktapur",Bhaktapur,20500000,7,3,3.0,1,East,2076.0,3.2K,0-3-2-0 Aana,10 Feet / Gravelled,10 Feet , Gravelled,2100 Sq. Feet,1 month ago,"['Lawn', 'Balcony', 'Fencing', 'TV Cable', 'Wifi', 'Drainage', 'Water Supply', 'Solar Water', 'Water Tank', 'CCTV', 'Internet', 'Parking', 'Store Room']",0,10.0,1197.875,2100.0,High
"House For Sale In Radhe Radhe, Bhaktapur","Radhe Radhe, Radhe Radhe, Bhaktapur",Bhaktapur,22000000,0,0,3.0,0,East,2074.0,720,0-3-2-0 Aana,20 Feet / Blacktopped,20 Feet , Blacktopped,N/A Sq. Feet,1 month ago,[],1,20.0,1197.875,,High
"Balaju Commercial Building For Sale : House For Sale In Balaju, Kathmandu","Na, Balaju, Kathmandu",Kathmandu,145000000,95,40,5.0,7,East,2073.0,169,21 Aana,20 Feet / Blacktopped,20 Feet , Blacktopped,N/A Aana,1 month ago,"['Parking', 'Garage']",0,20.0,7187.25,,Premium
"Budhanilkantha Taulung Home : House For Sale In Budhanilkantha, Kathmandu","Na, Budhanilkantha, Kathmandu",Kathmandu,55000000,5,6,3.0,4,South,2071.0,253,19 Aana,20 Feet / Gravelled,20 Feet , Gravelled,N/A Aana,1 month ago,"['Parking', 'Garden']",0,20.0,6502.75,,Premium
"Semi-Furnished House : House For Sale In Sitapaila, Kathmandu","Ramkot, Sitapaila, Kathmandu",Kathmandu,24000000,4,4,2.5,1,East,2075.0,510,0-4-0-0 Aana,13 Feet / Blacktopped,13 Feet , Blacktopped,2100 Sq. Feet,1 month ago,"['Balcony', 'Fencing', 'Modular Kitchen', 'TV Cable', 'Drainage', 'Water Supply', 'Water Tank', 'Internet', 'Parking']",0,13.0,1369.0,2100.0,High
"Dhapasi Deurali Janata Najik Ghar : House For Sale In Dhapasi, Kathmandu","Na, Dhapasi, Kathmandu",Kathmandu,37000000,6,6,3.0,3,South East,2074.0,178,6.1 Aana,32 Feet,32 Feet,Unknown,N/A Aana,1 month ago,"['Parking', 'Garage']",1,32.0,2087.725,,Premium
"Golfutar Height 19 Ana Bungalow : House For Sale In Golfutar, Kathmandu","Na, Golfutar, Kathmandu",Kathmandu,102500000,6,6,3.0,4,East,2070.0,208,19 Aana,13 Feet / Blacktopped,13 Feet , Blacktopped,N/A Aana,1 month ago,"['Parking', 'Garage', 'Backyard', 'Balcony', 'Air Condition', 'Frontyard', 'Fencing', 'Garden', 'Modular Kitchen', 'Water Supply', 'Drainage', 'Solar Water', 'Water Well']",0,13.0,6502.75,,Premium
"Newly Constructed : House For Sale In Imadol, Lalitpur","Sital height, Imadol, Lalitpur",Lalitpur,22000000,7,4,3.5,2,South,2076.0,981,0-4-2-0 Aana,13 Feet / Gravelled,13 Feet , Gravelled,2700 Aana,4 months ago,"['Balcony', 'Fencing', 'Modular Kitchen', 'TV Cable', 'Drainage', 'Water Supply', 'Solar Water', 'Water Tank', 'Water Well', 'Electricity Backup', 'Internet', 'Parking', 'Store Room']",0,13.0,1540.125,924075.0,High
"House For Sale In Pepsicola, Kathmandu","Na, Pepsicola, Kathmandu",Kathmandu,58500000,6,6,3.0,2,East,2076.0,318,6.5 Aana,16 Feet / Blacktopped,16 Feet , Blacktopped,N/A Aana,1 month ago,"['Parking', 'Garage']",0,16.0,2224.625,,Premium
"House For Sale In Imadol, Lalitpur","Bojepokhari, Imadol, Lalitpur",Lalitpur,18500000,4,3,2.5,1,East,2076.0,596,0-3-0-0 Aana,13 Feet / Gravelled,13 Feet , Gravelled,N/A Sq. Feet,1 month ago,"['Lawn', 'Balcony', 'Fencing', 'Drainage', 'Water Supply', 'Water Tank', 'Store Room']",0,13.0,1026.75,,High
"Newly Built House : House For Sale In Imadol, Lalitpur","Bojepokhari, Imadol, Lalitpur",Lalitpur,21000000,4,3,2.5,1,East,2076.0,466,0-3-2-0 Aana,13 Feet / Gravelled,13 Feet , Gravelled,112 Sq. Meter,1 month ago,"['Balcony', 'Fencing', 'Modular Kitchen', 'TV Cable', 'Drainage', 'Water Supply', 'Water Tank', 'Internet', 'Parking', 'Store Room']",0,13.0,1197.875,1205.5567999999998,High
"Imadol, Swastik Tole House On Sell : House For Sale In Imadol, Lalitpur","Swastik Tole, Imadol, Lalitpur",Lalitpur,17500000,5,3,3.0,1,South,2074.0,157,3-0-2 Aana,13 Feet,13 Feet,Unknown,3-0-2 Aana,1 month ago,"['Parking', 'Balcony', 'Water Tank', 'Water Well', 'Drainage', 'Internet', 'Wifi', 'TV Cable']",1,13.0,16599.125,16599.125,High
"Baluwatar New Home : House For Sale In Baluwatar, Kathmandu","Na, Baluwatar, Kathmandu",Kathmandu,130000000,5,6,3.0,3,East,2074.0,566,10 Aana,15 Feet / Blacktopped,15 Feet , Blacktopped,N/A Aana,1 month ago,"['Parking', 'Garage', 'Air Condition', 'Balcony', 'Frontyard', 'Fencing', 'Garden', 'Microwave', 'Modular Kitchen', 'TV Cable', 'Washing Machine', 'Wifi', 'Drainage', 'Water Supply', 'Solar Water', 'Water Well', 'Water Tank']",0,15.0,3422.5,,Premium
"Budhanilkantha Underconstruction : House For Sale In Budhanilkantha, Kathmandu","Na, Budhanilkantha, Kathmandu",Kathmandu,105000000,8,8,4.0,4,East,2076.0,96,21 Aana,15 Feet / Blacktopped,15 Feet , Blacktopped,N/A Aana,1 month ago,"['Parking', 'Garage']",0,15.0,7187.25,,Premium
"4 Ropani Farm House Budhanilkantha : House For Sale In Budhanilkantha, Kathmandu","Na, Budhanilkantha, Kathmandu",Kathmandu,105000000,5,5,3.0,4,South,2070.0,345,4 Ropani,15 Feet / Gravelled,15 Feet , Gravelled,N/A Aana,1 month ago,"['Parking', 'Garage', 'Balcony', 'Backyard', 'Deck', 'Frontyard', 'Fencing', 'Garden', 'Microwave', 'Modular Kitchen', 'Washing Machine', 'Drainage', 'Water Supply', 'Solar Water', 'Water Well', 'Water Tank', 'CCTV', 'Kids Playground', 'Store Room']",0,15.0,21904.0,,Premium
"Kapan Khariboth Home : House For Sale In Kapan, Kathmandu","Na, Kapan, Kathmandu",Kathmandu,27500000,6,5,3.0,1,East,2076.0,971,4 ana Aana,16 Feet / Blacktopped,16 Feet , Blacktopped,N/A Aana,1 month ago,['Parking'],0,16.0,1369.0,,Premium
"Dhumbarahi Home For Sale : House For Sale In Mandikatar, Kathmandu","Na, Mandikatar, Kathmandu",Kathmandu,40000000,7,7,4.0,2,East,2074.0,151,7 Aana,15 Feet / Blacktopped,15 Feet , Blacktopped,N/A Aana,1 month ago,['Parking'],0,15.0,2395.75,,Premium
"Hattigaudama 5 Anako Ghar Bikrima : House For Sale In Hattigauda, Kathmandu","NA, Hattigauda, Kathmandu",Kathmandu,26500000,6,6,3.0,2,West,2075.0,282,5 Aana,14 Feet / Blacktopped,14 Feet , Blacktopped,N/A Aana,1 month ago,['Parking'],0,14.0,1711.25,,High
"Office Space For Rent In Radhe Radhe, Bhaktapur","Nearby Bhatbhateni Super market, Radhe Radhe, Bhaktapur",Bhaktapur,50,0,2,3.5,2,West,2076.0,1.1K,2500 Sq. Feet,20 Feet / Blacktopped,20 Feet , Blacktopped,N/A Sq. Feet,4 months ago,"['Wifi', 'Drainage', 'Water Supply', 'Water Tank', 'Water Well', 'Electricity Backup', 'Internet', 'Parking']",0,20.0,2500.0,,Low
"Grandy Gate Home : House For Sale In Budhanilkantha, Kathmandu","Na, Budhanilkantha, Kathmandu",Kathmandu,22500000,6,6,3.0,1,North East,2070.0,66,3.1 Aana,18 Feet / Blacktopped,18 Feet , Blacktopped,N/A Aana,1 month ago,['Parking'],0,18.0,1060.9750000000001,,High
"11 Ana Bungalow For Sale : House For Sale In Budhanilkantha, Kathmandu","Na, Budhanilkantha, Kathmandu",Kathmandu,60000000,6,6,3.0,4,South East,2070.0,157,11 Aana,15 Feet / Soil Stabilized,15 Feet , Soil Stabilized,N/A Aana,1 month ago,['Parking'],0,15.0,3764.75,,Premium
"Baluwatar 30 Ana Bungalow For Sale : House For Sale In Baluwatar, Kathmandu","Na, Baluwatar, Kathmandu",Kathmandu,250000000,6,5,3.0,10,East,2074.0,339,30 Aana,15 Feet,15 Feet,Unknown,N/A Aana,1 month ago,"['Parking', 'Garage', 'Balcony', 'Garden', 'Water Supply', 'Drainage', 'Water Tank', 'Solar Water']",1,15.0,10267.5,,Premium
"Grandy House For Sale : House For Sale In Tokha, Kathmandu","Na, Tokha, Kathmandu",Kathmandu,40000000,9,6,4.0,3,East,2069.0,71,9 Aana,13 Feet / Paved,13 Feet , Paved,N/A Aana,1 month ago,['Parking'],0,13.0,3080.25,,Premium
"Sukedhara Brand New Home For Sale : House For Sale In Sukedhara, Kathmandu","Na, Sukedhara, Kathmandu",Kathmandu,30000000,6,5,3.0,1,East,2076.0,136,3.5 Aana,15 Feet / Blacktopped,15 Feet , Blacktopped,N/A Aana,1 month ago,"['Parking', 'Garage', 'Balcony', 'Modular Kitchen', 'Water Supply', 'Drainage', 'Water Well', 'Solar Water', 'Water Tank']",0,15.0,1197.875,,Premium
"Naksal Maligau Home For Sale : House For Sale In Maligaon, Kathmandu","NA, Maligaon, Kathmandu",Kathmandu,65000000,6,6,3.0,4,East,2070.0,108,12 Aana,14 Feet / Gravelled,14 Feet , Gravelled,N/A Aana,1 month ago,"['Parking', 'Garage', 'Air Condition', 'Microwave', 'Modular Kitchen', 'Water Supply', 'Drainage', 'Water Well', 'Solar Water', 'Water Tank']",0,14.0,4107.0,,Premium
"Hattigauda 5 Ana Home : House For Sale In Budhanilkantha, Kathmandu","Na, Budhanilkantha, Kathmandu",Kathmandu,33000000,5,6,3.0,2,North,2070.0,150,5 Aana,13 Feet / Blacktopped,13 Feet , Blacktopped,N/A Aana,1 month ago,"['Parking', 'Garden']",0,13.0,1711.25,,Premium
"Golfutar Height Home : House For Sale In Budhanilkantha, Kathmandu","Man, Budhanilkantha, Kathmandu",Kathmandu,30500000,5,5,2.0,1,West,2070.0,112,4 Aana,13 Feet / Blacktopped,13 Feet , Blacktopped,N/A Aana,1 month ago,['Parking'],0,13.0,1369.0,,Premium
"Mandikatar 1 Floor Home : House For Sale In Mandikatar, Kathmandu","Na, Mandikatar, Kathmandu",Kathmandu,14000000,2,2,1.0,1,South West,2076.0,1.7K,3.1 ana Aana,13 Feet / Gravelled,13 Feet , Gravelled,N/A Aana,1 month ago,['Parking'],0,13.0,1060.9750000000001,,High
"Jyotinagar Home For Sale : House For Sale In Budhanilkantha, Kathmandu","NA, Budhanilkantha, Kathmandu",Kathmandu,28000000,6,6,3.0,1,South East,2076.0,100,4 Aana,13 Feet / Blacktopped,13 Feet , Blacktopped,N/A Aana,1 month ago,['Parking'],0,13.0,1369.0,,Premium
"Dhapasi Height Commercil Building : House For Sale In Tokha, Kathmandu","Na, Tokha, Kathmandu",Kathmandu,41000000,10,5,4.0,3,South East,2075.0,67,4 Aana,26 Feet / Blacktopped,26 Feet , Blacktopped,N/A Aana,1 month ago,['Parking'],0,26.0,1369.0,,Premium
"Sundar Basti Brand New Home 2 Homes : House For Sale In Budhanilkantha, Kathmandu","NA, Budhanilkantha, Kathmandu",Kathmandu,27000000,6,6,3.0,2,East,2076.0,161,4.5 Aana,14 Feet / Gravelled,14 Feet , Gravelled,N/A Aana,1 month ago,"['Parking', 'Garage']",0,14.0,1540.125,,Premium
"Tokha Near Venas Housing Home : House For Sale In Tokha, Kathmandu","Na, Tokha, Kathmandu",Kathmandu,22000000,5,5,3.0,1,East,2076.0,139,3.1 Aana,13 Feet / Soil Stabilized,13 Feet , Soil Stabilized,N/A Aana,1 month ago,['Parking'],0,13.0,1060.9750000000001,,High
"8 Ana Home Budhanilkantha : House For Sale In Budhanilkantha, Kathmandu","Na, Budhanilkantha, Kathmandu",Kathmandu,37000000,5,5,3.0,3,South East,2071.0,168,8 Aana,15 Feet / Blacktopped,15 Feet , Blacktopped,N/A Aana,1 month ago,"['Parking', 'Garage', 'Frontyard', 'Water Supply', 'Drainage', 'Solar Water', 'Water Tank']",0,15.0,2738.0,,Premium
"House For Sale In Baluwatar, Kathmandu","Chandol, Height, Baluwatar, Kathmandu",Kathmandu,46000000,4,3,2.5,1,South West,2074.0,5.6K,0-6-3-0 Aana,13 Feet / Concrete,13 Feet , Concrete,N/A Aana,1 month ago,"['Balcony', 'Fencing', 'Garden', 'Modular Kitchen', 'TV Cable', 'Wifi', 'Drainage', 'Water Supply', 'Solar Water', 'Water Tank', 'Water Well', 'Electricity Backup', 'Internet', 'Parking', 'Store Room']",0,13.0,2310.1875,,Premium
"Sale Of Attractive House And Land : House For Sale In Naikap, Kathmandu","Piple Chautari Tole (Naya Basti), Naikap, Kathmandu",Kathmandu,22500000,5,3,3.0,1,East,2074.0,274,4 Aana,13 Feet,13 Feet,Unknown,4 Aana,1 month ago,"['Parking', 'Balcony', 'Water Well', 'Store Room', 'Frontyard', 'Garden', 'Water Supply', 'Solar Water', 'TV Cable']",1,13.0,1369.0,1369.0,High
"Brand New Never Used House For Sale At Rose Village Balkot : House For Sale In Balkot, Bhaktapur","Rose Village Balkot, Balkot, Bhaktapur",Bhaktapur,29000000,3,3,2.0,2,North,2070.0,1.4K,4.5 Aana,20 Feet / Blacktopped,20 Feet , Blacktopped,2200 Sq. Feet,1 month ago,"['Parking', 'Garage', 'Air Condition', 'Balcony', 'Deck', 'Fencing', 'Frontyard', 'Microwave', 'Modular Kitchen', 'Swimming Pool', 'TV Cable', 'Washing Machine', 'Drainage', 'Water Supply', 'Solar Water', 'Water Tank', 'Internet']",0,20.0,1540.125,2200.0,Premium
"House On Sale : House For Sale In Naya Bazar, Kathmandu","Nayabazar-16, Naya Bazar, Kathmandu",Kathmandu,31000000,3,4,3.0,1,East,2018.0,209,0-3-0-0 Aana,6 Meter / Blacktopped,6 Meter , Blacktopped,2000 Sq. Feet,1 month ago,"['Fencing', 'Modular Kitchen', 'Frontyard', 'Backyard']",0,19.68504,1026.75,2000.0,Premium
"Commercial House Sale In Satungal : House For Sale In Satungal, Kathmandu","Commercial land sale in Satungal, Satungal, Kathmandu",Kathmandu,42500000,0,0,3.0,0,West,2074.0,136,0-5-1-1 Aana,29 Feet,29 Feet,Unknown,N/A Aana,1 month ago,[],1,29.0,1818.203125,,Premium
"Flat House On Sale, 500 Meter Far From Main Road. : House For Sale In Budhanilkantha, Kathmandu","pasikot/Budhanilkantha, Budhanilkantha, Kathmandu",Kathmandu,37500000,5,5,3.0,2,South East,2074.0,162,5 Aana,0 Feet,0 Feet,Unknown,3 Aana,1 month ago,"['Parking', 'Balcony', 'Garden', 'Modular Kitchen', 'TV Cable', 'Drainage', 'Solar Water', 'Internet', 'Store Room', 'Wifi']",1,0.0,1711.25,1026.75,Premium
"House With 4 Ropani, Only Land Cost -Budhanilkantha : House For Sale In Budhanilkantha, Kathmandu","Muhanpokhari Budhanilkantha, Budhanilkantha, Kathmandu",Kathmandu,105000000,4,3,3.0,4,South,2074.0,437,4-0-0-0 Ropani,20 Feet,20 Feet,Unknown,N/A Aana,1 month ago,"['Parking', 'Garage', 'Backyard', 'Balcony', 'Deck', 'Fencing', 'Frontyard', 'Garden', 'Drainage', 'Water Supply', 'Solar Water', 'Water Tank']",1,20.0,21904.0,,Premium
"Modern House For Sale -Baluwatar : House For Sale In Baluwatar, Kathmandu","Shree Marga, Baluwatar, Kathmandu",Kathmandu,80000000,4,5,3.0,4,West,2076.0,726,0-9-3-3 Aana,13 Feet / Gravelled,13 Feet , Gravelled,4000 Sq. Feet,1 month ago,"['Parking', 'Garage', 'Air Condition', 'Balcony', 'Deck', 'Fencing', 'Frontyard', 'Garden', 'Modular Kitchen', 'TV Cable', 'Drainage', 'Water Supply', 'Solar Water', 'Water Well', 'Water Tank']",0,13.0,3401.109375,4000.0,Premium
"House For Sale -Nakkhudol Bhaisepati : House For Sale In Nakhundol, Lalitpur","Nakkhudol Bhaisepati, Nakhundol, Lalitpur",Lalitpur,25000000,3,4,2.0,2,East,2076.0,688,0-4-2-0 Aana,13 Feet / Gravelled,13 Feet , Gravelled,N/A Aana,1 month ago,"['Parking', 'Balcony', 'Modular Kitchen', 'Fencing', 'Water Tank', 'Water Supply', 'Drainage']",0,13.0,1540.125,,High
"Bungalow : House For Sale In Bhaktapur, Bhaktapur","Gamcha, Bhaktapur, Bhaktapur",Bhaktapur,32500000,4,4,2.0,4,South,2017.0,374,7 Aana,20 Feet / Paved,20 Feet , Paved,2200 Sq. Feet,1 month ago,"['Parking', 'Balcony', 'Modular Kitchen', 'TV Cable', 'Washing Machine', 'Wifi', 'Drainage', 'Water Supply', 'Solar Water', 'Water Tank', 'Electricity Backup', 'Internet', 'Store Room']",0,20.0,2395.75,2200.0,Premium
"जोरपाटी माकलबारी सानो पुल नजिक : House For Sale In Jorpati, Kathmandu","jorpati makalbari near sano pool, Jorpati, Kathmandu",Kathmandu,21000000,5,3,3.0,1,South West,2076.0,173,0-3-2-0 Sq. Feet,12 Feet / Blacktopped,12 Feet , Blacktopped,0-3-1-2 Sq. Feet,1 month ago,"['Water Well', 'Solar Water', 'Garage', 'TV Cable', 'Parking', 'Electricity Backup', 'Store Room']",0,12.0,1197.875,1155.09375,High
"House Sale In Raniban : House For Sale In Raniban, Kathmandu","Raniban, Raniban, Kathmandu",Kathmandu,120000000,0,0,3.0,0,West,2074.0,205,1-15-0-0 Aana,20 Feet,20 Feet,Unknown,N/A Aana,1 month ago,[],1,20.0,10609.75,,Premium
"Attractive House For Sale In Ratnanagar, Chitwan : House For Sale In Ratnanagar, Chitwan","Jerauna, Ratnanagar, Chitwan",Chitwan,7700000,4,2,2.0,1,East,2017.0,677,6 Aana,16 Feet / Gravelled,16 Feet , Gravelled,4 Aana,1 month ago,"['Backyard', 'Balcony', 'Fencing', 'Frontyard', 'Water Tank', 'Parking']",0,16.0,2053.5,1369.0,Medium
"Residential House : House For Sale In Makalbari, Kathmandu","Sundar Tole, Makalbari, Kathmandu",Kathmandu,20000000,7,3,2.5,2,West,2067.0,5.1K,0-4-1-1 Aana,10 Feet / Gravelled,10 Feet , Gravelled,N/A Aana,1 month ago,"['Balcony', 'Fencing', 'Frontyard', 'Garden', 'TV Cable', 'Wifi', 'Drainage', 'Water Supply', 'Water Tank', 'Internet', 'Parking', 'Store Room']",0,10.0,1475.953125,,High
"3.5 Storey : House For Sale In Sipadol, Bhaktapur","Darjeling Height, Sipadol, Bhaktapur",Bhaktapur,19000000,7,4,3.5,1,West,2076.0,6.2K,0-3-0-0 Aana,20 Feet / Gravelled,20 Feet , Gravelled,3500 Aana,5 months ago,"['Balcony', 'TV Cable', 'Wifi', 'Drainage', 'Water Supply', 'Solar Water', 'Water Tank', 'Water Well', 'Electricity Backup', 'Internet', 'Parking']",0,20.0,1026.75,1197875.0,High
"Fully Furnished New House On Sale At Hepali, Budhanilkantha : House For Sale In Budhanilkantha, Kathmandu","Hepali, Budhanilkantha, Budhanilkantha, Kathmandu",Kathmandu,33500000,0,4,3.0,2,South East,2074.0,188,0-4-0-0 Aana,18 Feet / Blacktopped,18 Feet , Blacktopped,N/A Aana,1 month ago,"['Parking', 'Balcony', 'Microwave', 'Drainage', 'Electricity Backup', 'Water Supply', 'Modular Kitchen', 'Fencing', 'Intercom', 'Internet', 'Frontyard', 'TV Cable', 'Garage', 'Garden', 'Washing Machine', 'Water Tank', 'Kids Playground', 'CCTV', 'Wifi']",1,18.0,1369.0,,Premium
"House Sale In Mhepi : House For Sale In Mhepi, Kathmandu","Mhepi, Mhepi, Kathmandu",Kathmandu,37000000,0,0,3.0,0,North East,2074.0,86,0-5-0-2 Aana,13 Feet / Blacktopped,13 Feet , Blacktopped,N/A Aana,1 month ago,[],1,13.0,1754.03125,,Premium
"House Sale In Chaysingdol : House For Sale In Pasikot, Kathmandu","Chyasingdol, Pasikot, Kathmandu",Kathmandu,36000000,0,0,3.0,0,East,2074.0,134,0-7-2-0 Aana,20 Feet,20 Feet,Unknown,N/A Aana,1 month ago,[],1,20.0,2566.875,,Premium
"House On Sell @Dhapasi, Near By Grandi International Hospital. : House For Sale In Dhapasi, Kathmandu","Harihar Marg, Dhapasi, Dhapasi, Kathmandu",Kathmandu,40000000,8,4,3.0,5,South,2068.0,86,0-8-3-0 Sq. Feet,12 Feet / Concrete,12 Feet , Concrete,0-4-0-0 Aana,1 month ago,"['Parking', 'Water Supply', 'Solar Water', 'Water Tank', 'Store Room', 'Garden', 'Lawn', 'Balcony', 'TV Cable', 'Internet', 'Wifi', 'Modular Kitchen']",0,12.0,2994.6875,1369.0,Premium
"One And Half Storied : House For Sale In Imadol, Lalitpur","Nearby Cozy Homes, Imadol, Lalitpur",Lalitpur,12500000,2,1,1.0,1,West,2076.0,3.2K,0-3-0-0 Aana,20 Feet / Gravelled,20 Feet , Gravelled,N/A Sq. Feet,1 month ago,"['Lawn', 'Modular Kitchen', 'TV Cable', 'Wifi', 'Drainage', 'Water Supply', 'Water Tank', 'Parking']",0,20.0,1026.75,,High
"Modern Designed : House For Sale In Imadol, Lalitpur","Nearby Cozy Homes, Imadol, Lalitpur",Lalitpur,19500000,5,3,2.5,1,East,2076.0,710,0-3-1-0 Aana,20 Feet / Gravelled,20 Feet , Gravelled,1900 Sq. Feet,1 month ago,"['Balcony', 'Fencing', 'Garden', 'Modular Kitchen', 'TV Cable', 'Drainage', 'Water Supply', 'Solar Water', 'Water Tank', 'Internet', 'Parking', 'Store Room']",0,20.0,1112.3125,1900.0,High
"House For Sale In Imadol, Lalitpur","Sanagaun Height, Imadol, Lalitpur",Lalitpur,22000000,5,3,2.5,1,West,2076.0,157,0-3-2-0 Aana,20 Feet / Gravelled,20 Feet , Gravelled,2100 Sq. Feet,1 month ago,"['Balcony', 'Fencing', 'Modular Kitchen', 'TV Cable', 'Drainage', 'Water Supply', 'Water Tank', 'Electricity Backup', 'Parking', 'Store Room']",0,20.0,1197.875,2100.0,High
"House For Sale In Imadol, Lalitpur","Sanagaun Height, Imadol, Lalitpur",Lalitpur,21500000,4,3,2.5,1,East,2076.0,161,0-4-0-0 Aana,20 Feet / Gravelled,20 Feet , Gravelled,2500 Sq. Feet,1 month ago,"['Balcony', 'Fencing', 'Modular Kitchen', 'TV Cable', 'Drainage', 'Water Supply', 'Solar Water', 'Parking', 'Store Room']",0,20.0,1369.0,2500.0,High
"Newly Built : House For Sale In Imadol, Lalitpur","Sanagaun height, Imadol, Lalitpur",Lalitpur,19500000,4,3,2.5,1,North East,2076.0,166,0-3-2-0 Aana,20 Feet / Gravelled,20 Feet , Gravelled,750 Aana,1 month ago,"['Balcony', 'Modular Kitchen', 'Wifi', 'Drainage', 'Water Supply', 'Solar Water', 'Water Tank', 'Parking', 'Store Room']",0,20.0,1197.875,256687.5,High
"House For Sale In Imadol, Lalitpur","Nearby, Buddha party palace, Imadol, Lalitpur",Lalitpur,19000000,4,3,2.5,1,South,2076.0,602,0-3-0-0 Aana,13 Feet / Gravelled,13 Feet , Gravelled,650 Sq. Feet,1 month ago,"['Balcony', 'Fencing', 'Modular Kitchen', 'TV Cable', 'Drainage', 'Water Supply', 'Parking', 'Store Room']",0,13.0,1026.75,650.0,High
"House For Sale In Imadol, Lalitpur","Nearby, Buddha party palace, Imadol, Lalitpur",Lalitpur,18000000,4,3,2.5,1,South,2076.0,792,0-3-0-0 Aana,13 Feet / Gravelled,13 Feet , Gravelled,650 Sq. Feet,1 month ago,[],0,13.0,1026.75,650.0,High
"Brand New House For Sale In Swoyambhu/Swayambhu : House For Sale In Swayambhu, Kathmandu","Swoyambhu, Swayambhu, Kathmandu",Kathmandu,37000000,8,5,3.0,2,South,2077.0,136,0-5-1-3 Aana,12 Feet / Gravelled,12 Feet , Gravelled,990 Sq. Feet,1 month ago,"['Parking', 'Balcony', 'Drainage', 'Garden']",0,12.0,1860.984375,990.0,Premium
"Brand New House For Sale In Swoyambhu/Swayambhu Near Bhagwan Pau : House For Sale In Swayambhu, Kathmandu","Swoyambhu, Swayambhu, Kathmandu",Kathmandu,34000000,6,3,3.0,1,South,2077.0,94,0-4-0-0 Aana,12 Feet / Gravelled,12 Feet , Gravelled,950 Sq. Feet,1 month ago,"['Parking', 'Balcony', 'Water Well', 'Water Tank', 'Drainage']",0,12.0,1369.0,950.0,Premium
"Vbn : House For Sale In Butwal, Butwal","Nayagaun, Butwal, Butwal",Butwal,800000,2,1,1.0,1,South,2020.0,197,6.25 Dhur,32 Feet,32 Feet,Unknown,6.25 Dhur,1 month ago,['Parking'],0,32.0,1139.0625,1139.0625,Low
"House On Sell @Tarkeshwar-09, Manamaiju, Basukinagtole : House For Sale In Manamaiju, Kathmandu","Basukinagtole, Manamaiju, Kathmandu, Manamaiju, Kathmandu",Kathmandu,26000000,8,4,3.0,1,South,2075.0,220,0-4-0-2 Aana,16 Feet / Gravelled,16 Feet , Gravelled,0-3-2-0 Aana,1 month ago,"['Parking', 'Balcony', 'Deck', 'Modular Kitchen', 'TV Cable', 'Wifi', 'Water Supply', 'Solar Water', 'Water Tank', 'Electricity Backup', 'Internet']",0,16.0,1411.78125,1197.875,High
"House Sale In Syuchatar : House For Sale In Syuchatar, Kathmandu","Syuchatar, Syuchatar, Kathmandu",Kathmandu,22000000,5,3,3.0,1,South West,2074.0,380,0-6-2-0 Aana,10 Feet,10 Feet,Unknown,N/A Aana,1 month ago,"['Parking', 'Balcony', 'Drainage', 'Water Supply']",1,10.0,2224.625,,High
"House Sale In Phutung Tushal : House For Sale In Kavresthali, Kathmandu","Phutung Tushal, Kavresthali, Kathmandu",Kathmandu,23000000,7,3,3.0,1,North East,2074.0,135,0-4-0-0 Aana,10 Feet,10 Feet,Unknown,N/A Aana,2 months ago,['Parking'],1,10.0,1369.0,,High
"House For Sale In Goldhunga, Kathmandu","Jarankhu, Goldhunga, Kathmandu",Kathmandu,15500000,5,2,3.0,1,North West,2074.0,960,0-3-2-2 Aana,13 Feet,13 Feet,Unknown,N/A Aana,2 months ago,['Parking'],1,13.0,1240.65625,,High
"2 And Half Floor House Is On Sale In Imadole : House For Sale In Imadol, Lalitpur","Imadole, Imadol, Lalitpur",Lalitpur,23500000,6,4,3.0,1,North,2020.0,673,3.3aana Aana,10 Feet,10 Feet,Unknown,N/A Aana,2 months ago,"['Parking', 'Modular Kitchen', 'TV Cable', 'Water Well', 'Water Supply', 'Water Tank', 'Solar Water', 'Drainage']",0,10.0,1129.425,,High
"House For Sale In Maharajgunj, Kathmandu","Maharajgunj Ganeshbasti, Maharajgunj, Kathmandu",Kathmandu,57500000,0,0,3.0,0,North East,2074.0,167,0-6-1-0 Aana,12 Feet / Blacktopped,12 Feet , Blacktopped,N/A Aana,2 months ago,[],1,12.0,2139.0625,,Premium
"House Sale In Baluwatar : House For Sale In Baluwatar, Kathmandu","Baluwatar, Baluwatar, Kathmandu",Kathmandu,90000000,5,5,3.0,3,South East,2074.0,296,0-10-0-0 Aana,20 Feet,20 Feet,Unknown,N/A Aana,2 months ago,"['Parking', 'Balcony', 'Garden', 'Drainage', 'Water Supply', 'Solar Water', 'Electricity Backup']",1,20.0,3422.5,,Premium
"House For Sale In Kalanki, Kathmandu","Nearby L.R.I School., Kalanki, Kathmandu",Kathmandu,17000000,4,3,2.5,1,North West,2076.0,2.1K,0-4-0-0 Aana,10 Feet / Blacktopped,10 Feet , Blacktopped,1650 Sq. Feet,2 months ago,"['Balcony', 'Fencing', 'Garden', 'Modular Kitchen', 'TV Cable', 'Drainage', 'Water Supply', 'Water Tank', 'Internet', 'Parking', 'Store Room']",0,10.0,1369.0,1650.0,High
"1.5 Storied House : House For Sale In Imadol, Lalitpur","Opposite of Green hill city, Imadol, Lalitpur",Lalitpur,12500000,2,1,1.5,1,South,2076.0,917,0-3-1-0 Aana,13 Feet / Gravelled,13 Feet , Gravelled,N/A Aana,2 months ago,"['TV Cable', 'Drainage', 'Water Supply', 'Water Well', 'Internet', 'Parking']",0,13.0,1112.3125,,High
"Plotted Land : Land For Sale In Sirutar, Bhaktapur","Milan Chowk, Sirutar, Bhaktapur",Bhaktapur,2100000,0,0,3.0,0,North East,2074.0,3.8K,0-5-2-0 Sq. Feet,20 Feet / Gravelled,20 Feet , Gravelled,N/A Sq. Feet,2 months ago,"['Drainage', 'Water Supply']",1,20.0,1882.375,,Medium
"House For Sale In Budhanilkantha, Kathmandu","Pasikot, Budhanilkantha, Kathmandu",Kathmandu,45000000,4,4,3.0,4,South West,2074.0,8.2K,11 Aana,22 Feet,22 Feet,Unknown,N/A Sq. Feet,1 year ago,"['Garage', 'Balcony', 'Garden', 'Water Supply', 'TV Cable', 'Lawn', 'Frontyard', 'Modular Kitchen', 'Backyard', 'Deck', 'Drainage', 'Wifi', 'Fencing']",0,22.0,3764.75,,Premium
"1.5 Storey House : House For Sale In Tikathali, Lalitpur","Nearby Pawan Pakriti School., Tikathali, Lalitpur",Lalitpur,12500000,2,1,1.5,1,South,2076.0,4.1K,0-3-0-0 Aana,13 Feet / Gravelled,13 Feet , Gravelled,N/A Sq. Feet,2 months ago,"['Drainage', 'Water Supply', 'Parking']",0,13.0,1026.75,,High
"Residential : House For Sale In Imadol, Lalitpur","Ochu Height, Imadol, Lalitpur",Lalitpur,19000000,4,3,2.5,2,North West,2076.0,1.9K,0-3-2-0 Aana,13 Feet / Gravelled,13 Feet , Gravelled,1195 Sq. Feet,2 months ago,"['Balcony', 'Modular Kitchen', 'Drainage', 'Water Supply', 'Solar Water', 'Water Tank', 'Internet', 'Parking', 'Store Room']",0,13.0,1197.875,1195.0,High
"House For Sale In Pasikot, Kathmandu","chyasingdol, Pasikot, Kathmandu",Kathmandu,32000000,0,0,3.0,0,South West,2074.0,138,0-10-0-0 Aana,20 Feet,20 Feet,Unknown,N/A Aana,2 months ago,[],1,20.0,3422.5,,Premium
"One And Half Storied : House For Sale In Kadaghari, Kathmandu","Birendrachwok, Planning, Kadaghari, Kathmandu",Kathmandu,15500000,2,1,1.5,2,South West,2076.0,5.3K,0-4-0-0 Aana,20 Feet / Gravelled,20 Feet , Gravelled,N/A Aana,2 months ago,[],0,20.0,1369.0,,High
"Attractive Residential Land On Sale : Land For Sale In Budhanilkantha, Kathmandu","Bhuddha colony, Budhanilkantha, Kathmandu",Kathmandu,3000000,0,0,3.0,0,West,2074.0,48,12 Aana,16 Feet / Paved,16 Feet , Paved,N/A Aana,1 day ago,[],1,16.0,4107.0,,Medium
"18 Aana Land For Sale At Shamkhamul : Land For Sale In Sankhamul, Kathmandu","Sankhamul, Sankhamul, Kathmandu",Kathmandu,6500000,0,0,3.0,0,East,2074.0,46,0-18-0-0 Aana,40 Feet / Blacktopped,40 Feet , Blacktopped,N/A Aana,1 day ago,[],1,40.0,6160.5,,Medium
"Land On Sale At Beautiful Location : Land For Sale In Thankot, Kathmandu","High Vision Colony,Thankot,Mahadevsthan, Thankot, Kathmandu",Kathmandu,2350000,0,0,3.0,0,South,2074.0,232,5 Aana,13 Feet / Blacktopped,13 Feet , Blacktopped,N/A Aana,4 days ago,[],1,13.0,1711.25,,Medium
"4 Aana Land For Sale At Golfutar : Land For Sale In Golfutar, Kathmandu","Golfutar, Golfutar, Kathmandu",Kathmandu,4100000,0,0,3.0,0,East,2074.0,23,0-4-0-0 Aana,13 Feet / Soil Stabilized,13 Feet , Soil Stabilized,N/A Aana,1 day ago,[],1,13.0,1369.0,,Medium
"Commercial Estate Land For Business : Land For Lease In Simara, Bara","Simara Chok, Simara, Bara",Bara,100000,0,0,3.0,0,West,2074.0,323,3.95 Kattha,16 Feet,16 Feet,Unknown,N/A Aana,1 week ago,[],1,16.0,14397.75,,Low
"Commercial Estate Land For Business : Land For Lease In Dhapasi, Kathmandu","Basundhara, Ring Road, Dhapasi, Kathmandu",Kathmandu,200000,0,0,3.0,0,North West,2074.0,203,10 Aana,20 Feet,20 Feet,Unknown,10 Aana,3 weeks ago,[],1,20.0,3422.5,3422.5,Low
"Land For Sale In Gaurighat, Kathmandu","kumarigal, Gaurighat, Kathmandu",Kathmandu,3500000,0,0,3.0,0,South,2074.0,443,6.1 Aana,12 Feet / Paved,12 Feet , Paved,N/A Aana,3 weeks ago,[],1,12.0,2087.725,,Medium
"Flat At Rent : Flat For Rent In Budhanilkantha, Kathmandu","Budhanilkanta, Budhanilkantha, Kathmandu",Kathmandu,30000,2,1,3.0,0,West,2074.0,457,4 Aana,11 Feet,11 Feet,Unknown,4 Aana,3 weeks ago,[],1,11.0,1369.0,1369.0,Low
"18 Ana Budhanilkantha Taulung : Land For Sale In Budhanilkantha, Kathmandu","Man, Budhanilkantha, Kathmandu",Kathmandu,2800000,0,0,3.0,0,West,2074.0,599,18 Aana,20 Feet / Blacktopped,20 Feet , Blacktopped,N/A Aana,1 month ago,[],1,20.0,6160.5,,Medium
"Budhanilkantha 18 Ana Taulung : Land For Sale In Budhanilkantha, Kathmandu","Man, Budhanilkantha, Kathmandu",Kathmandu,3500000,0,0,3.0,0,East,2074.0,195,18 Aana,30 Feet / Blacktopped,30 Feet , Blacktopped,N/A Aana,1 month ago,[],1,30.0,6160.5,,Medium
"Land Sale At Jhor, Tokha : Land For Sale In Tokha, Kathmandu","Nearby Baudheshwor Temple, Jhor, Tokha, Kathmandu",Kathmandu,1500000,0,0,3.0,0,East,2074.0,475,0-7-0-0 Aana,58 Feet / Concrete,58 Feet , Concrete,N/A Aana,1 month ago,[],1,58.0,2395.75,,Medium
"Land : Land For Sale In Birtamod, Birtamod","Omchowk, Birtamod, Birtamod",Birtamod,1250000,0,0,3.0,0,East,2003.0,222,11.5 Kattha,20 Feet / Soil Stabilized,20 Feet , Soil Stabilized,N/A Aana,1 month ago,[],0,20.0,41917.5,,Low
"Land Sale In Phutung : Land For Sale In Kavresthali, Kathmandu","Phutung, Kavresthali, Kathmandu",Kathmandu,1100000,0,0,3.0,0,South,2074.0,248,0-4-0-0 Aana,10 Feet,10 Feet,Unknown,N/A Aana,1 month ago,[],1,10.0,1369.0,,Low
"Land Sale In Chabahil : Land For Sale In Chabahil, Kathmandu","Chabahil, Chabahil, Kathmandu",Kathmandu,8500000,0,0,3.0,0,South,2074.0,126,0-5-2-0 Aana,13 Feet,13 Feet,Unknown,N/A Aana,1 month ago,[],1,13.0,1882.375,,High
"Land Sale In Jarankhu : Land For Sale In Kavresthali, Kathmandu","Jarankhu, Kavresthali, Kathmandu",Kathmandu,2850000,0,0,3.0,0,South,2074.0,111,0-4-0-0 Aana,10 Feet,10 Feet,Unknown,N/A Aana,1 month ago,[],1,10.0,1369.0,,Medium
"Land Sale In Dharmasthali : Land For Sale In Dharmasthali, Kathmandu","Dharmasthali, Dharmasthali, Kathmandu",Kathmandu,1450000,0,0,3.0,0,West,2074.0,110,0-5-0-0 Aana,20 Feet,20 Feet,Unknown,N/A Aana,1 month ago,[],1,20.0,1711.25,,Medium
"Budhanilkantha Land : Land For Sale In Budhanilkantha, Kathmandu","Na, Budhanilkantha, Kathmandu",Kathmandu,2600000,0,0,3.0,0,East,2074.0,211,41 Aana,15 Feet / Blacktopped,15 Feet , Blacktopped,N/A Aana,1 month ago,[],1,15.0,14032.25,,Medium
"Deuba Chokma 1 Ropani : Land For Sale In Budhanilkantha, Kathmandu","Na, Budhanilkantha, Kathmandu",Kathmandu,3800000,0,0,3.0,0,East,2074.0,142,1 Ropani,30 Feet / Blacktopped,30 Feet , Blacktopped,N/A Aana,1 month ago,[],1,30.0,5476.0,,Medium
"Deuba Biwas 10 Ana : Land For Sale In Budhanilkantha, Kathmandu","Na, Budhanilkantha, Kathmandu",Kathmandu,3500000,0,0,3.0,0,South,2074.0,103,10 Aana,30 Feet / Blacktopped,30 Feet , Blacktopped,N/A Aana,1 month ago,[],1,30.0,3422.5,,Medium
"Consultancy : Office Space For Sale In Dillibazar, Kathmandu","Dilli bazzar road, Dillibazar, Kathmandu",Kathmandu,1000000,0,0,3.0,0,North,2074.0,247,3 Aana,26 Feet,26 Feet,Unknown,N/A Aana,1 month ago,['Parking'],1,26.0,1026.75,,Low
"Bansbarima 8 Ana Jagga : Land For Sale In Golfutar, Kathmandu","Na, Golfutar, Kathmandu",Kathmandu,4200000,0,0,3.0,0,South,2074.0,73,8 Aana,15 Feet,15 Feet,Unknown,N/A Aana,1 month ago,[],1,15.0,2738.0,,Medium
"Budhanilkanyha 8 Ropani : Land For Sale In Budhanilkantha, Kathmandu","Na, Budhanilkantha, Kathmandu",Kathmandu,6000000,0,0,3.0,0,East,2074.0,72,8 Ropani,35 Feet / Blacktopped,35 Feet , Blacktopped,N/A Aana,1 month ago,[],1,35.0,43808.0,,Medium
"Spacious Flat Bear Grande Hospital : Flat For Rent In Tokha, Kathmandu","Grande Villa height, milantol, tokha, Tokha, Kathmandu",Kathmandu,20000,2,1,3.0,1,West,2074.0,498,5.5 Aana,18 Feet,18 Feet,Unknown,1100 Aana,1 month ago,"['Parking', 'Water Supply', 'Frontyard', 'Fencing']",1,18.0,1882.375,376475.0,Low
"Land Sale : Land For Sale In Bhaktapur, Bhaktapur","duwakot, Bhaktapur, Bhaktapur",Bhaktapur,2100000,0,0,3.0,0,South,2074.0,316,0-6-0-0 Aana,0 Feet,0 Feet,Unknown,N/A Aana,1 month ago,[],1,0.0,2053.5,,Medium
"Flat For RENT : Flat For Rent In Maharajgunj, Kathmandu","Chakrapath,Near Bhat Bhateni, Maharajgunj, Kathmandu",Kathmandu,32000,2,2,5.0,0,West,2074.0,615,1000 Sq. Feet,10 Feet,10 Feet,Unknown,N/A Aana,1 month ago,[],1,10.0,1000.0,,Low
"Commercial / Residential Land : Land For Sale In Imadol, Lalitpur","Kist hospital to hatiban road, Imadol, Lalitpur",Lalitpur,3500000,0,0,3.0,0,South West,2074.0,90,4.5 Aana,7 Meter / Gravelled,7 Meter , Gravelled,N/A Aana,1 month ago,[],1,22.96588,1540.125,,Medium
"Hattigauda 9 Ana Home On Rent : House For Rent In Hattigauda, Kathmandu","Man, Hattigauda, Kathmandu",Kathmandu,75000,7,7,3.0,3,South,2070.0,252,9 Aana,13 Feet / Blacktopped,13 Feet , Blacktopped,N/A Aana,1 month ago,['Parking'],0,13.0,3080.25,,Low
"Flat On Rent At Lazimpat : Flat For Rent In Lazimpat, Kathmandu","ranibari, Lazimpat, Kathmandu",Kathmandu,30000,1,1,3.0,1,East,2074.0,567,10 Aana,0 Feet,0 Feet,Unknown,N/A Aana,1 month ago,"['Parking', 'Balcony', 'Modular Kitchen', 'Water Supply']",1,0.0,3422.5,,Low
"Bishalnagar 29 Ana For Sale : Land For Sale In Bishal Nagar, Kathmandu","Na, Bishal Nagar, Kathmandu",Kathmandu,8500000,0,0,3.0,0,East,2074.0,141,29 ana Aana,16 Feet,16 Feet,Unknown,N/A Aana,1 month ago,[],1,16.0,9925.25,,High
"Land For Sale In Bhangal, Kathmandu","jyoti nagar,kathmandu, Bhangal, Kathmandu",Kathmandu,2450000,0,0,3.0,0,North East,2074.0,397,0-5-0-0 Aana,16 Feet,16 Feet,Unknown,N/A Aana,1 month ago,[],1,16.0,1711.25,,Medium
"Tallo Baluwatar 1 Ropani : Land For Sale In Baluwatar, Kathmandu","Na, Baluwatar, Kathmandu",Kathmandu,5700000,0,0,3.0,0,East,2074.0,344,16 Aana,14 Feet,14 Feet,Unknown,N/A Aana,1 month ago,[],1,14.0,5476.0,,Medium
"Flat/Godown Space Available For Rent : Flat For Rent In Newroad, Kathmandu","Pyukha new road, Newroad, Kathmandu",Kathmandu,20000,0,1,3.0,0,South,2074.0,158,310 Sq. Feet,0 Feet,0 Feet,Unknown,N/A Aana,1 month ago,[],1,0.0,310.0,,Low
"Office Space Available For Rent : Office Space For Rent In Newroad, Kathmandu","Pyukha marg near bira complex, Newroad, Kathmandu",Kathmandu,65000,0,1,3.0,0,South,2074.0,92,320 Sq. Feet,0 Feet,0 Feet,Unknown,N/A Aana,1 month ago,[],1,0.0,320.0,,Low
"Hattigauda Height 9 Ana Land : Land For Sale In Hattigauda, Kathmandu","Na, Hattigauda, Kathmandu",Kathmandu,2500000,0,0,3.0,0,South,2074.0,151,9 Aana,15 Feet / Blacktopped,15 Feet , Blacktopped,N/A Aana,1 month ago,[],1,15.0,3080.25,,Medium
"Office Space For Rent At Imadol Prime Area : Flat For Rent In Mahalaxmi Nagarpalika, Lalitpur","Imadol Mahalaxmi 1, Mahalaxmi Nagarpalika, Lalitpur",Lalitpur,35000,0,0,5.0,2,East,2013.0,106,9 Aana,72 Feet / Blacktopped,72 Feet , Blacktopped,5 Aana,1 month ago,"['Parking', 'Balcony', 'Garage', 'Fencing', 'Drainage', 'Water Supply', 'Water Well', 'Water Tank', 'CCTV', 'Electricity Backup']",0,72.0,3080.25,1711.25,Low
"Rudreswor 4 Ropani , Budhanilkantha : Land For Sale In Budhanilkantha, Kathmandu","Na, Budhanilkantha, Kathmandu",Kathmandu,4000000,0,0,3.0,0,North East,2074.0,134,4 Ropani,15 Feet / Soil Stabilized,15 Feet , Soil Stabilized,N/A Aana,1 month ago,[],1,15.0,21904.0,,Medium
"Budhanilkantha 21 Ana Bungalow On Rent : House For Rent In Budhanilkantha, Kathmandu","Na, Budhanilkantha, Kathmandu",Kathmandu,250000,6,7,3.0,6,South East,2070.0,354,21 Aana,16 Feet / Blacktopped,16 Feet , Blacktopped,N/A Aana,1 month ago,"['Parking', 'Garage', 'Air Condition', 'Backyard', 'Deck', 'Balcony', 'Frontyard', 'Fencing', 'Garden', 'Modular Kitchen', 'Microwave', 'TV Cable', 'Washing Machine', 'Wifi', 'Drainage', 'Water Supply', 'Solar Water', 'Water Well', 'Water Tank']",0,16.0,7187.25,,Low
"Ranibari 4 Land : Land For Sale In Ranibari, Kathmandu","Na, Ranibari, Kathmandu",Kathmandu,5700000,0,0,3.0,0,East,2074.0,105,4 Aana,15 Feet / Blacktopped,15 Feet , Blacktopped,N/A Aana,1 month ago,[],1,15.0,1369.0,,Medium
"Golfutar Hepali Pipalbot : Land For Sale In Golfutar, Kathmandu","Na, Golfutar, Kathmandu",Kathmandu,3000000,0,0,3.0,0,South West,2074.0,117,5 Aana,13 Feet / Soil Stabilized,13 Feet , Soil Stabilized,N/A Aana,1 month ago,[],1,13.0,1711.25,,Medium
"Commercial Space For Rent : Office Space For Rent In Sorakhutte, Kathmandu","Nearby NCC Bank , Link Road, Sorakhutte, Kathmandu",Kathmandu,60000,0,2,4.5,5,North,2076.0,655,850 Sq. Feet,20 Meter / Blacktopped,20 Meter , Blacktopped,850 Sq. Feet,1 month ago,"['Lawn', 'Drainage', 'Parking']",0,65.6168,850.0,850.0,Low
"12 Aana Land For Sale At Lazimpat : Land For Sale In Lazimpat, Kathmandu","Lazimpat Kathmandu, Lazimpat, Kathmandu",Kathmandu,5500000,0,0,3.0,0,South,2074.0,101,0-12-0-0 Aana,0 Feet,0 Feet,Unknown,N/A Aana,1 month ago,[],1,0.0,4107.0,,Medium
"7 Aana Commercial Land For Sale At Anamnagar : Land For Sale In Anamnagar, Kathmandu","Dhobikhola Corridor, Anamnagar, Kathmandu",Kathmandu,7000000,0,0,3.0,0,East,2074.0,50,0-7-0-0 Aana,9 Meter / Blacktopped,9 Meter , Blacktopped,N/A Aana,1 month ago,[],1,29.52756,2395.75,,Medium
"Flat For Rent In Imadol, Lalitpur","Sitapakha, Imadol, Lalitpur",Lalitpur,25000,2,2,3.0,1,West,2076.0,666,1085 Sq. Feet,13 Feet / Concrete,13 Feet , Concrete,N/A Sq. Feet,1 month ago,"['Lawn', 'Modular Kitchen', 'TV Cable', 'Drainage', 'Water Supply', 'Solar Water', 'Water Tank', 'Internet', 'Parking', 'Store Room']",0,13.0,1085.0,,Low
"Office For Rent At New Baneshwor : Flat For Rent In Baneshwor, Kathmandu","New Baneshwor, Baneshwor, Kathmandu",Kathmandu,30000,0,0,2.0,4,East,2074.0,78,500 Sq. Feet,26 Feet / Blacktopped,26 Feet , Blacktopped,N/A Aana,1 month ago,['Parking'],1,26.0,500.0,,Low
"Urgent Land Sale : Land For Sale In Chitapol, Bhaktapur","Nearby Kathmandu Fun Valley, Chitapol, Bhaktapur",Bhaktapur,550000,0,0,3.0,0,South,2074.0,1.4K,0-10-3-0 Aana,10 Feet / Gravelled,10 Feet , Gravelled,N/A Aana,1 month ago,[],1,10.0,3679.1875,,Low
"Apartment Rent In Sanepa : Apartment For Sale In Sanepa, Lalitpur","Sanepa, Sanepa, Lalitpur",Lalitpur,115000,0,0,3.0,0,North East,2074.0,259,1400 Sq. Feet,0 Feet,0 Feet,Unknown,N/A Aana,1 month ago,[],1,0.0,1400.0,,Low
"Apartment Sale In Sanepa : Apartment For Sale In Sanepa, Lalitpur","Sanepa, Sanepa, Lalitpur",Lalitpur,35000000,0,0,3.0,0,North East,2074.0,196,1400 Sq. Feet,20 Feet,20 Feet,Unknown,N/A Aana,1 month ago,[],1,20.0,1400.0,,Premium
"Land Sale In Kirtipur : Land For Sale In Kirtipur, Kathmandu","kirtipur, Kirtipur, Kathmandu",Kathmandu,1900000,0,0,3.0,0,South East,2074.0,161,1-9-0-0 Aana,22 Feet,22 Feet,Unknown,N/A Aana,1 month ago,[],1,22.0,8556.25,,Medium
"Villa On Rent At Maharajgunj : House For Rent In Maharajgunj, Kathmandu","maharajgunj, Maharajgunj, Kathmandu",Kathmandu,600000,5,4,3.0,11,East,2074.0,226,5 Ropani,0 Feet,0 Feet,Unknown,N/A Aana,1 month ago,"['Parking', 'Balcony', 'Modular Kitchen', 'Solar Water', 'Garage', 'Garden']",1,0.0,27380.0,,Low
"Sasto Jaggha : Land For Sale In Bhangal, Kathmandu","Santinagar, Bhangal, Kathmandu",Kathmandu,3000000,0,0,3.0,0,North,2074.0,158,5 Aana,0 Feet,0 Feet,Unknown,5 Aana,1 month ago,[],1,0.0,1711.25,1711.25,Medium
"Furnished Apartment Flat Near Japanese Embassy : Apartment For Sale In Panipokhari, Kathmandu","panipokhari, Panipokhari, Kathmandu",Kathmandu,23000000,3,3,3.0,1,South,2074.0,395,1583 Sq. Feet,20 Feet,20 Feet,Unknown,1583 Sq. Feet,1 month ago,"['Parking', 'Air Condition', 'Balcony', 'Fencing', 'Garden', 'Gym', 'Modular Kitchen', 'Swimming Pool', 'Wifi', 'Drainage', 'Water Supply', 'Electricity Backup', 'Internet', 'Lift']",1,20.0,1583.0,1583.0,High
"Fully-Furnished 3BHK At Grande Tower : Apartment For Rent In Tokha, Kathmandu","Grande Tower, Tokha, Kathmandu",Kathmandu,80000,3,2,4.0,1,North,2074.0,1.1K,1514 Sq. Feet,0 Feet / Blacktopped,0 Feet , Blacktopped,1280 Sq. Feet,1 month ago,"['Lawn', 'Balcony', 'Modular Kitchen', 'Swimming Pool', 'TV Cable', 'Drainage', 'Water Supply', 'Solar Water', 'Water Tank', 'Cafeteria', 'Electricity Backup', 'Intercom', 'Internet', 'Lift', 'Parking', 'Security Staff', 'Store Room']",1,0.0,1514.0,1280.0,Low
"Beautiful Land Is In Sale 13 Dhur Dhur : Land For Sale In Dharan, Dharan","dharan-8, Dharan, Dharan",Dharan,700000,0,0,3.0,0,East,2074.0,142,13 Dhur,25 Feet / Blacktopped,25 Feet , Blacktopped,N/A Aana,1 month ago,[],1,25.0,2369.25,,Low
"Flat For Rent In Jhamsikhel, Lalitpur","jhamsihel (near British school), Jhamsikhel, Lalitpur",Lalitpur,35000,2,2,3.0,2,East,2074.0,301,6 Aana,10 Feet / Soil Stabilized,10 Feet , Soil Stabilized,4 Sq. Feet,1 month ago,"['Parking', 'Water Supply', 'Garden', 'Solar Water', 'Balcony']",0,10.0,2053.5,4.0,Low
"Full Furnished Office On Sale : Office Space For Sale In Thapathali, Kathmandu","Patangri marg, height, Thapathali, Kathmandu",Kathmandu,290000,0,1,1.0,1,East,2074.0,127,900 Sq. Feet,12 Feet / Paved,12 Feet , Paved,N/A Aana,1 month ago,"['Parking', 'TV Cable', 'Wifi', 'Internet', 'Security Staff']",1,12.0,900.0,,Low
"Bansbari - House For Rent : House For Rent In Basbari, Kathmandu","Bansbari, Basbari, Kathmandu",Kathmandu,150000,3,4,3.0,2,South,2074.0,173,0-5-0-0 Aana,0 Feet,0 Feet,Unknown,N/A Aana,1 month ago,"['Parking', 'Garage', 'Balcony', 'Frontyard', 'Drainage', 'Water Supply', 'Solar Water', 'Water Well', 'Water Tank']",1,0.0,1711.25,,Low
"Commercial Land Sale In Sano Gaucharan : Land For Sale In Sano Gaucharan, Kathmandu","Sano gaucharan, Sano Gaucharan, Kathmandu",Kathmandu,11000000,0,0,3.0,0,North,2074.0,197,0-9-3-0 Aana,32 Feet,32 Feet,Unknown,N/A Aana,1 month ago,[],1,32.0,3336.9375,,High
"Godown Space Rent In Kushlechaur : Business For Rent In Chhauni, Kathmandu","Kushlechaur, Chhauni, Kathmandu",Kathmandu,55000,0,0,3.0,0,North,2074.0,123,1 Aana,10 Feet,10 Feet,Unknown,N/A Aana,1 month ago,[],1,10.0,342.25,,Low
"Flat For Rent In Gaushala, Kathmandu","Gaushala, Gaushala, Kathmandu",Kathmandu,55000,0,0,3.0,0,West,2074.0,207,1-0-0-0 Aana,12 Feet,12 Feet,Unknown,N/A Aana,1 month ago,[],1,12.0,5476.0,,Low
"Commerial Land Sale In Nayabazar : Land For Sale In Naya Bazar, Kathmandu","Nayabazar, Naya Bazar, Kathmandu",Kathmandu,11000000,0,0,3.0,0,South,2074.0,85,0-10-0-0 Aana,40 Feet,40 Feet,Unknown,N/A Aana,1 month ago,[],1,40.0,3422.5,,High
"Rental @ Bharatpur : Flat For Rent In Bharatpur, Chitwan","Bhintuna road, Bharatpur, Chitwan",Chitwan,20000,0,0,3.0,0,South,2074.0,159,12 Aana,6 Meter / Blacktopped,6 Meter , Blacktopped,4 Aana,1 month ago,[],1,19.68504,4107.0,1369.0,Low
"Flat For Rental : Flat For Rent In Jorpati, Kathmandu","Narayantar shivachowk-JORPATI, Jorpati, Kathmandu",Kathmandu,20000,1,1,3.0,1,East,2074.0,390,1111111111111 Aana,0 Feet,0 Feet,Unknown,N/A Aana,1 month ago,[],1,0.0,380277777777739.75,,Low
"Hattiban Town Planing : Land For Sale In Hattiban, Lalitpur","Velpa Hattiban, Hattiban, Lalitpur",Lalitpur,3500000,0,0,3.0,0,East,2074.0,368,0-4-0-0 Aana,6 Meter,6 Meter,Unknown,N/A Aana,1 month ago,[],1,19.68504,1369.0,,Medium
"Brand New Apartment For Sale At Janta Awash Bhaisepati : Flat For Sale In Bhaisepati, Lalitpur","Janta Awash Bhaisepati, Bhaisepati, Lalitpur",Lalitpur,16500000,3,2,5.0,1,East,2058.0,975,1200 Sq. Feet,40 Feet / Blacktopped,40 Feet , Blacktopped,1200 Sq. Feet,1 month ago,"['Parking', 'Air Condition', 'Balcony', 'Microwave', 'Modular Kitchen', 'TV Cable', 'Washing Machine', 'Wifi', 'Water Supply', 'Water Tank', 'Kids Playground', 'Internet', 'Intercom', 'Electricity Backup']",0,40.0,1200.0,1200.0,High
"House For Rent At Hattiban : House For Rent In Hattiban, Lalitpur","hattiban, Hattiban, Lalitpur",Lalitpur,60000,4,3,3.0,2,East,2074.0,454,4 Aana,0 Feet,0 Feet,Unknown,N/A Aana,1 month ago,"['Parking', 'Balcony', 'Modular Kitchen', 'Water Supply', 'Garden']",1,0.0,1369.0,,Low
"House For Rent At Sallaghari : House For Rent In Sallaghari, Bhaktapur","sallaghari, Sallaghari, Bhaktapur",Bhaktapur,70000,4,3,3.0,2,East,2074.0,407,4 Aana,0 Feet,0 Feet,Unknown,N/A Aana,1 month ago,"['Parking', 'Balcony', 'Microwave', 'Modular Kitchen', 'Water Supply', 'Air Condition']",1,0.0,1369.0,,Low
"House For Rent Near Manbhawan : House For Rent In Kumaripati, Lalitpur","manbhawan, Kumaripati, Lalitpur",Lalitpur,120000,5,4,3.0,4,East,2074.0,166,10 Aana,0 Feet,0 Feet,Unknown,N/A Aana,1 month ago,[],1,0.0,3422.5,,Low
"Super Commercial Land For Sale At Mid Baneshwor Main Road : Land For Sale In Mid Baneshwor, Kathmandu","Mid Baneshwor Main Road, Mid Baneshwor, Kathmandu",Kathmandu,10000000,0,0,3.0,0,East,2074.0,330,0-26-0-0 Aana,35 Feet / Blacktopped,35 Feet , Blacktopped,N/A Aana,1 month ago,[],1,35.0,8898.5,,High
"Land For Sale : Land For Sale In Kapan, Kathmandu","In-between kharibot and Paiyatar, Kapan, Kathmandu",Kathmandu,3500000,0,0,3.0,0,East,2074.0,130,1 Ropani,14 Feet / Gravelled,14 Feet , Gravelled,N/A Aana,1 month ago,[],1,14.0,5476.0,,Medium
"Land On Sale @ Manamaiju : Land For Sale In Manamaiju, Kathmandu","Manamaiju, Nasal Chowk, Near mansingh school, Manamaiju, Kathmandu",Kathmandu,2400000,0,0,3.0,0,South East,2074.0,115,0-4-0-0 Aana,16 Feet / Blacktopped,16 Feet , Blacktopped,N/A Aana,1 month ago,[],1,16.0,1369.0,,Medium
"Land For Sale In Bode, Bhaktapur","Nilbarahi Bode, Bhaktapur, Bode, Bhaktapur",Bhaktapur,2200000,0,0,3.0,0,East,2074.0,72,0-11-1-3 Ropani,13 Feet,13 Feet,Unknown,N/A Ropani,1 month ago,[],1,13.0,3914.484375,,Medium
"House On Rent At Maharajgunj : House For Rent In Maharajgunj, Kathmandu","House No: 496, Dhara Marg, Ward No: 4, Maharajgunj, Kathmandu",Kathmandu,275000,0,0,2.0,0,East,2074.0,121,1.5 Ropani,0 Feet,0 Feet,Unknown,N/A Aana,1 month ago,"['Parking', 'Balcony', 'Garden']",1,0.0,8214.0,,Low
"Land For Sale In Imadol, Lalitpur","Boje Pokhari, Imadol, Lalitpur",Lalitpur,3000000,0,0,3.0,0,East,2074.0,1.1K,0-7-3-0 Aana,13 Feet / Blacktopped,13 Feet , Blacktopped,N/A Aana,1 month ago,"['Drainage', 'Water Supply', 'Parking', 'Store Room']",1,13.0,2652.4375,,Medium
"Commercial Building Booking Open : Office Space For Rent In Dhapasi, Kathmandu","Nearby Deurali Janata Pharmaceutical, Dhapasi, Kathmandu",Kathmandu,70000,0,0,4.0,1,East,2076.0,1K,0-6-0-0 Aana,25 Feet / Blacktopped,25 Feet , Blacktopped,1350 Sq. Feet,1 month ago,"['Fencing', 'Frontyard', 'TV Cable', 'Drainage', 'Water Supply', 'Water Tank', 'Internet', 'Parking']",0,25.0,2053.5,1350.0,Low
"Fancy Shop Sale In Nayabazar : Business For Sale In Naya Bazar, Kathmandu","Nayabazar, Naya Bazar, Kathmandu",Kathmandu,3500000,0,0,3.0,0,South West,2074.0,98,1 Aana,16 Feet,16 Feet,Unknown,N/A Aana,1 month ago,[],1,16.0,342.25,,Medium
"Fancy Shop Sale In Shankhamul : Business For Sale In Sankhamul, Kathmandu","Shankhamul, Sankhamul, Kathmandu",Kathmandu,760000,0,0,3.0,0,North West,2074.0,81,1 Aana,0 Feet,0 Feet,Unknown,N/A Aana,1 month ago,[],1,0.0,342.25,,Low
"Land Sale In Nayabazar : Land For Sale In Naya Bazar, Kathmandu","Nayabazar, Naya Bazar, Kathmandu",Kathmandu,7000000,0,0,3.0,0,South East,2074.0,94,0-2-2-0 Aana,26 Feet,26 Feet,Unknown,N/A Aana,1 month ago,[],1,26.0,855.625,,Medium
"Land For Sale In Ramkot, Kathmandu","Taukhel, Ramkot, Kathmandu",Kathmandu,2500000,0,0,3.0,0,South West,2074.0,74,0-11-2-0 Aana,14 Feet,14 Feet,Unknown,N/A Aana,1 month ago,[],1,14.0,3935.875,,Medium
"Land Sale In Bijeshori : Land For Sale In Swayambhu, Kathmandu","Bijeshori, Swayambhu, Kathmandu",Kathmandu,6000000,0,0,3.0,0,North,2074.0,75,0-8-0-0 Aana,32 Feet,32 Feet,Unknown,N/A Aana,1 month ago,[],1,32.0,2738.0,,Medium
"House For Sale In Samakhusi Inside Ring Road In High End Colony : Flat For Sale In Samakhusi, Kathmandu","Samakhusi Inside Ring Road, Samakhusi, Kathmandu",Kathmandu,24500000,0,3,2.0,1,East,2074.0,206,0-3-0-0 Aana,16 Feet / Gravelled,16 Feet , Gravelled,N/A Aana,1 month ago,"['Parking', 'Balcony', 'Drainage', 'Electricity Backup', 'Water Supply', 'Modular Kitchen', 'Fencing', 'Intercom', 'Internet', 'Frontyard', 'Garage', 'Air Condition', 'Garden', 'Water Tank', 'Kids Playground', 'Backyard', 'Wifi', 'CCTV']",0,16.0,1026.75,,High
"Land Sale In Narayanthan : Land For Sale In Budhanilkantha, Kathmandu","Budhanilkantha, Budhanilkantha, Kathmandu",Kathmandu,2850000,0,0,3.0,0,West,2074.0,295,1-1-0-0 Aana,13 Feet,13 Feet,Unknown,N/A Aana,1 month ago,[],1,13.0,5818.25,,Medium
"Land Sale In Taukhel : Land For Sale In Nagarjun, Kathmandu","Taukhel, Nagarjun, Kathmandu",Kathmandu,2500000,0,0,3.0,0,South East,2074.0,311,0-11-2-0 Aana,14 Feet,14 Feet,Unknown,N/A Aana,1 month ago,[],1,14.0,3935.875,,Medium
"Land Rent In Bohoratar : Land For Rent In Manamaiju, Kathmandu","Bohoratar, Manamaiju, Kathmandu",Kathmandu,40000,0,0,3.0,0,West,2074.0,352,1-8-0-0 Ropani,20 Feet / Soil Stabilized,20 Feet , Soil Stabilized,N/A Aana,1 month ago,[],1,20.0,8214.0,,Low
"Land Sale In Budhanilkantha : Land For Sale In Budhanilkantha, Kathmandu","Narayanthan, Budhanilkantha, Kathmandu",Kathmandu,2600000,0,0,3.0,0,North,2074.0,307,2-0-0-0 Ropani,14 Feet,14 Feet,Unknown,N/A Aana,1 month ago,[],1,14.0,10952.0,,Medium
"House On Sell @Tarkeshwar-09, Manamaiju, Basukinagtole : Flat For Sale In Manamaiju, Kathmandu","Basukinagtole, Manamaiju, Kathmandu, Manamaiju, Kathmandu",Kathmandu,17000000,5,3,3.0,1,West,2074.0,248,0-3-0-0 Aana,14 Feet,14 Feet,Unknown,0-2-2-1 Aana,1 month ago,"['Parking', 'Balcony', 'TV Cable', 'Wifi', 'Water Supply', 'Water Tank', 'Solar Water', 'Internet', 'Store Room']",1,14.0,1026.75,877.015625,High
"Flat For Rent In Pokhara : Flat For Rent In Raam Bazar, Pokhara","Syani Patan, Sunaulo Marg, Pokhara-15, Raam Bazar, Pokhara",Pokhara,15000,2,1,3.0,1,East,2074.0,439,8.5 Aana,13 Feet / Paved,13 Feet , Paved,5 Aana,1 month ago,['Parking'],1,13.0,2909.125,1711.25,Low
"Land Sale In Raniban : Land For Sale In Raniban, Kathmandu","Raniban, Raniban, Kathmandu",Kathmandu,2850000,0,0,3.0,0,South East,2074.0,303,0-5-1-0 Aana,12 Feet,12 Feet,Unknown,N/A Aana,1 month ago,[],1,12.0,1796.8125,,Medium
"Land Sale In Thulobharyang : Land For Sale In Thulo Bharyang, Kathmandu","Thulobharyang, Thulo Bharyang, Kathmandu",Kathmandu,4000000,0,0,3.0,0,South East,2074.0,245,3-0-0-0 Ropani,20 Feet,20 Feet,Unknown,N/A Aana,1 month ago,[],1,20.0,16428.0,,Medium
"10 Dhur, Land Sale At Dharan, Panbari : Land For Sale In Tarahara, Sunsari","Dharan, Sunsari, Tarahara, Sunsari",Sunsari,250000,0,0,3.0,0,East,2074.0,169,10 Dhur,20 Feet / Gravelled,20 Feet , Gravelled,N/A Aana,1 month ago,[],1,20.0,1822.5,,Low
"Commercial Land : Land For Sale In Hattisar, Kathmandu","Opposite of Siddartha Bank, Hattisar, Kathmandu",Kathmandu,15000000,0,0,3.0,1,East,2074.0,1.2K,0-13-2-2 Aana,20 Feet / Blacktopped,20 Feet , Blacktopped,N/A Aana,1 month ago,[],1,20.0,4663.15625,,High
"13 Dhur, Land Sale At Dharan, Panbari : Land For Sale In Tarahara, Sunsari","Dharan, Sunsari, Tarahara, Sunsari",Sunsari,235000,0,0,3.0,0,East,2074.0,143,13 Dhur,16 Feet / Gravelled,16 Feet , Gravelled,N/A Aana,1 month ago,[],1,16.0,2369.25,,Low
"HOUSE ON RENT AT SITAPAILA/RAMKOT AROUND CIVIL HOME HOUSING : House For Rent In Sitapaila, Kathmandu","Ramkot, Sitapaila, Kathmandu",Kathmandu,40000,4,3,3.0,1,South East,2020.0,439,1500 Sq. Feet,22 Feet / Gravelled,22 Feet , Gravelled,N/A Aana,2 months ago,"['Parking', 'Garage', 'Fencing', 'Balcony', 'Drainage', 'Water Supply', 'Solar Water', 'Water Tank']",0,22.0,1500.0,,Low
"Land For Sale In Chabahil, Kathmandu","chuchchepati, Chabahil, Kathmandu",Kathmandu,5500000,0,0,3.0,0,South East,2074.0,73,1-2-0-0 Aana,36 Feet,36 Feet,Unknown,N/A Aana,2 months ago,[],1,36.0,6160.5,,Medium
"Bungalow On Rent At Basbari : House For Rent In Basbari, Kathmandu","Basbari, Basbari, Kathmandu",Kathmandu,200000,6,4,3.0,2,East,2074.0,151,10 Aana,0 Feet,0 Feet,Unknown,N/A Aana,2 months ago,[],1,0.0,3422.5,,Low
"Land Is Very Suitable For Residental Purpose : Land For Sale In Swayambhu, Kathmandu","Ichangu, Swayambhu, Kathmandu",Kathmandu,1150000,0,0,3.0,0,East,2074.0,565,0-7-1-0 Aana,11 Feet / Gravelled,11 Feet , Gravelled,N/A Aana,2 months ago,[],1,11.0,2481.3125,,Low
"Flats And Room On Rent : Flat For Rent In Baghbazaar, Kathmandu","Siddhartha marga, Baghbazaar, Kathmandu",Kathmandu,30000,6,2,3.0,2,East,2014.0,192,1-1-1 Ropani,14 Feet / Blacktopped,14 Feet , Blacktopped,1-1-0 Ropani,2 months ago,[],0,14.0,5903.8125,5818.25,Low
"Office Space For Rent At Soaltee Mood : Office Space For Rent In Soltimode, Kathmandu","Soaltee mode, Soltimode, Kathmandu",Kathmandu,40000,3,2,3.0,1,East,2074.0,78,10 Aana,0 Feet,0 Feet,Unknown,N/A Aana,2 months ago,[],1,0.0,3422.5,,Low
"Villa On Rent At Budhanilkantha : House For Rent In Budhanilkantha, Kathmandu","budhanilkantha, Budhanilkantha, Kathmandu",Kathmandu,200000,5,4,3.0,4,East,2074.0,323,25 Aana,0 Feet,0 Feet,Unknown,N/A Aana,2 months ago,['Parking'],1,0.0,8556.25,,Low
"Lands Suitable For All Purposes : Land For Sale In Thaha Nagarpalika, Makwanpur","Thaha muncipility, Thaha Nagarpalika, Makwanpur",Makwanpur,300000,0,0,3.0,0,North West,2074.0,191,9 Ropani,14 Feet / Gravelled,14 Feet , Gravelled,95/16/11/7 Ropani,2 months ago,[],1,14.0,49284.0,,Low
"Land For Sale In Sitapaila, Kathmandu","Sitapaila, Sitapaila, Kathmandu",Kathmandu,4200000,0,0,3.0,0,East,2074.0,103,0-13-0-0 Aana,11 Meter / Blacktopped,11 Meter , Blacktopped,N/A Aana,2 months ago,[],1,36.08924,4449.25,,Medium
"Business For Sale In Patan, Lalitpur","Patan, Patan, Lalitpur",Lalitpur,3500000,0,0,3.0,0,East,2074.0,124,1500 Sq. Feet,0 Feet,0 Feet,Unknown,N/A Aana,2 months ago,[],1,0.0,1500.0,,Medium
"Apartment For Sale In Jhamsikhel, Lalitpur","Jhamsikhel, Jhamsikhel, Lalitpur",Lalitpur,11900000,2,1,3.0,0,North,2074.0,469,683 Sq. Feet,30 Feet,30 Feet,Unknown,N/A Aana,2 months ago,"['Air Condition', 'TV Cable', 'Swimming Pool']",1,30.0,683.0,,High
"House For Sale In Pasikot, Kathmandu","pasikot, Pasikot, Kathmandu",Kathmandu,28500000,6,6,3.0,1,South East,2074.0,103,0-5-2-0 Aana,20 Feet,20 Feet,Unknown,N/A Aana,2 months ago,[],1,20.0,1882.375,,Premium
"House Sale In TIkathali : House For Sale In Tikathali, Lalitpur","Tikathali, Tikathali, Lalitpur",Lalitpur,21500000,0,0,3.0,1,South West,2074.0,100,0-3-2-0 Aana,13 Feet / Gravelled,13 Feet , Gravelled,N/A Aana,2 months ago,['Parking'],1,13.0,1197.875,,High
"Flat For Rent In Dhumbarahi, Kathmandu","Dhumbarahi,Pragati tol, Dhumbarahi, Kathmandu",Kathmandu,20000,2,1,3.0,0,West,2074.0,529,3.5 Aana,0 Feet,0 Feet,Unknown,N/A Aana,2 months ago,[],1,0.0,1197.875,,Low
"Land For Sale At Kapan Paiyatar : Land For Sale In Kapan, Kathmandu","Paiyatar, Kapan, Kapan, Kathmandu",Kathmandu,3000000,0,0,3.0,0,East,2074.0,135,4 Aana,13 Feet / Soil Stabilized,13 Feet , Soil Stabilized,N/A Aana,2 months ago,[],1,13.0,1369.0,,Medium
"Godawari_Badikhel Pitched Road Touching House For Sell_ 5 Anna Land : House For Sale In Godawari, Lalitpur","Badikhel (Godawari), Godawari, Lalitpur",Lalitpur,12500000,3,1,2.0,1,West,2074.0,214,0-5-0-0 Aana,16 Feet / Blacktopped,16 Feet , Blacktopped,N/A Aana,2 months ago,"['Parking', 'Water Well', 'Water Tank', 'Backyard']",1,16.0,1711.25,,High
"Commercial House On Sale At Bafal : House For Sale In Bafal, Kathmandu","soltee dobato, Bafal, Kathmandu",Kathmandu,32500000,11,0,3.0,1,East,2074.0,453,4.5 Aana,20 Feet / Blacktopped,20 Feet , Blacktopped,N/A Aana,2 months ago,[],1,20.0,1540.125,,Premium
"House For Sale In Imadol, Lalitpur","Bojepokhari, Panii Tyanki, Imadol, Lalitpur",Lalitpur,22000000,5,3,2.5,1,North West,2076.0,1.7K,0-4-0-0 Aana,10 Feet / Gravelled,10 Feet , Gravelled,N/A Sq. Feet,2 months ago,"['Balcony', 'Fencing', 'Drainage', 'Water Supply', 'Water Tank', 'Parking']",0,10.0,1369.0,,High
"New Beautiful House Is On Sale At Gaidakot, Nawalpur : House For Sale In Gaidakot, Nawalpur","Congress chowk, Gaidakot, Nawalpur",Nawalpur,11000000,3,4,3.0,1,East,2018.0,247,4 Aana,15 Feet / Blacktopped,15 Feet , Blacktopped,4 Aana,2 months ago,"['Parking', 'Balcony', 'Fencing']",0,15.0,1369.0,1369.0,High
"Beautiful House Is On Sale At Tarkeshwor, Kathmndu : House For Sale In Tarkeshwor, Kathmandu","Tarkeshwor, Tarkeshwor, Kathmandu",Kathmandu,17000000,0,2,3.0,1,South,2017.0,151,3.1 Aana,20 Feet / Blacktopped,20 Feet , Blacktopped,3.2 Aana,2 months ago,['Parking'],0,20.0,1060.9750000000001,1095.2,High
"4 Aana 1 Paisa Land : Land For Sale In Sallaghari, Bhaktapur","Katunje, Sallaghari, Bhaktapur",Bhaktapur,3000000,0,0,3.0,0,West,2074.0,1.5K,0-4-1-0 Aana,13 Feet / Blacktopped,13 Feet , Blacktopped,N/A Aana,2 months ago,"['Drainage', 'Water Supply']",1,13.0,1454.5625,,Medium
"1.5 Storey House : House For Sale In Tikathali, Lalitpur","nearby Panityanki, Tikathali, Lalitpur",Lalitpur,11000000,2,1,1.5,2,West,2076.0,1.6K,0-2-3-0 Aana,13 Feet / Gravelled,13 Feet , Gravelled,646 Sq. Feet,2 months ago,"['Fencing', 'Drainage', 'Water Supply', 'Parking']",0,13.0,941.1875,646.0,High
"लुभु लामाटार बुढाथोकी टोलमा ५ आना सस्तो जग्गा तु. बिक्रिमा : Land For Sale In Lubhu, Lalitpur","Lubhu Lamatar, Lubhu, Lalitpur",Lalitpur,900000,0,0,3.0,0,East,2074.0,1.1K,5 Aana,10 Feet,10 Feet,Unknown,N/A Aana,2 months ago,[],1,10.0,1711.25,,Low
"Highly Commercial Land For Sale At Maitidevi Main Road : Land For Sale In Maitidevi, Kathmandu","Maitidevi Main Road, Maitidevi, Kathmandu",Kathmandu,15000000,0,0,3.0,0,East,2074.0,251,0-8-0-0 Aana,45 Feet / Blacktopped,45 Feet , Blacktopped,N/A Aana,2 months ago,[],1,45.0,2738.0,,High
"1.5 Storey House : House For Sale In Imadol, Lalitpur","Nearby Buddha party palace, Imadol, Lalitpur",Lalitpur,13000000,4,2,1.5,1,North East,2076.0,786,0-3-0-0 Aana,13 Feet / Gravelled,13 Feet , Gravelled,750 Aana,2 months ago,"['Drainage', 'Water Supply', 'Water Tank', 'Parking']",0,13.0,1026.75,256687.5,High
"Commercial House Sale At Satungal Near By APF Hospital ,घर वा जमिनको साथ साटासाट गर्न सकिन्छ : House For Sale In Satungal, Kathmandu","satungal,kathmandu, Satungal, Kathmandu",Kathmandu,42500000,28,0,5.0,0,East,2074.0,460,0-5-1-1 Aana,29 Feet,29 Feet,Unknown,0-5-1 Aana,2 months ago,"['TV Cable', 'Drainage', 'Balcony', 'Water Supply', 'Electricity Backup']",1,29.0,1818.203125,1796.8125,Premium
"Attractive Land For Sale At Shankharapur , Kathmandu : Land For Sale In Gokarneshwor, Kathmandu","Shankharapur, Gokarneshwor, Kathmandu",Kathmandu,1300000,0,0,3.0,0,North,2074.0,516,14 Aana,20 Feet / Blacktopped,20 Feet , Blacktopped,14 Aana,2 months ago,[],1,20.0,4791.5,4791.5,Low
"Land For Sale In Machhegaun, Kirtipur","Chandragiri nagarpalika -9, Machhegaun, Kirtipur",Kirtipur,1800000,0,0,3.0,0,East,2074.0,503,0-4-3-0 Aana,12 Feet / Blacktopped,12 Feet , Blacktopped,N/A Sq. Feet,2 months ago,[],1,12.0,1625.6875,,Medium
"House On Rent At Pulchowk : House For Rent In Pulchowk, Lalitpur","pulchowk, Pulchowk, Lalitpur",Lalitpur,300000,8,5,3.0,7,East,2074.0,192,12 Aana,0 Feet,0 Feet,Unknown,N/A Aana,2 months ago,"['Parking', 'Balcony']",1,0.0,4107.0,,Low
"Commercial LAnd : Land For Sale In Balkhu, Kathmandu","kalanki, Balkhu, Kathmandu",Kathmandu,10500000,0,0,3.0,0,East,2074.0,198,0-7-1-0 Aana,0 Feet,0 Feet,Unknown,N/A Aana,2 months ago,[],1,0.0,2481.3125,,High
"Naksal Apartment : Apartment For Sale In Hattisar, Kathmandu","Na, Hattisar, Kathmandu",Kathmandu,50000000,3,3,3.0,2,South,2070.0,1.6K,5 Ropani,20 Feet / Blacktopped,20 Feet , Blacktopped,1500 Sq. Feet,2 months ago,['Parking'],0,20.0,27380.0,1500.0,Premium
"House Sale At Pokhara Buspark, Chitwan : House For Sale In Bharatpur, Chitwan","Naranghat, Bharatpur, Chitwan",Chitwan,10500000,4,2,3.0,1,South,2009.0,461,4 Aana,13 Feet / Blacktopped,13 Feet , Blacktopped,4 Aana,2 months ago,"['Water Supply', 'Drainage', 'Water Tank']",0,13.0,1369.0,1369.0,High
"New Residental House For Sale Near Grande Hospital : House For Sale In Tokha, Kathmandu","tokha road , saraswoti 3, Tokha, Kathmandu",Kathmandu,30000000,6,5,3.0,2,North,2019.0,434,5 Aana,14 Feet / Gravelled,14 Feet , Gravelled,3922.08 Sq. Feet,2 months ago,"['Parking', 'Water Tank', 'Solar Water', 'Water Supply', 'Drainage', 'Balcony']",0,14.0,1711.25,3922.08,Premium
"Banglow For Sale : House For Sale In Bhaisepati, Lalitpur","Bhaisepati, Bhaisepati, Lalitpur",Lalitpur,31500000,4,4,3.0,1,South,2012.0,290,4.3 Aana,12 Feet / Paved,12 Feet , Paved,N/A Aana,2 months ago,"['Garage', 'Garden', 'Balcony', 'Solar Water', 'Water Supply', 'Store Room', 'Electricity Backup']",0,12.0,1471.675,,Premium
"House For Sale : House For Sale In Harisiddhi, Lalitpur","Harisiddhi, Harisiddhi, Lalitpur",Lalitpur,18000000,3,3,3.0,1,South East,2074.0,704,0-3-0-3 Aana,18 Feet,18 Feet,Unknown,N/A Aana,2 months ago,"['Parking', 'TV Cable', 'Water Tank', 'Deck', 'Balcony', 'Modular Kitchen', 'Drainage', 'Water Supply']",1,18.0,1090.921875,,High
"Land For Sale In Bhandara, Chitwan","Rapti Nagar, Bhandara, Chitwan",Chitwan,50000000,0,0,0.0,0,East,2074.0,305,3 Bigha,20 Feet / Soil Stabilized,20 Feet , Soil Stabilized,N/A Sq. Feet,2 months ago,[],1,20.0,218700.0,,Premium
"Fabulous Bungalow , Budhanilkantha : House For Sale In Budhanilkantha, Kathmandu","Na, Budhanilkantha, Kathmandu",Kathmandu,57500000,4,5,3.0,1,South West,2076.0,493,8 Aana,20 Feet / Paved,20 Feet , Paved,N/A Aana,2 months ago,"['Parking', 'Garage', 'Balcony', 'Garden', 'Water Supply', 'Drainage', 'Water Well', 'Solar Water', 'Water Tank', 'Security Staff', 'Maintenance']",0,20.0,2738.0,,Premium
"House For Sale At Lampokhari, Chabahil Main Road : House For Sale In Chabahil, Kathmandu","Lampokhari, Chabahil Main Road., Chabahil, Kathmandu",Kathmandu,30000000,0,3,3.0,1,East,2074.0,115,0-2-0-0 Aana,25 Feet / Blacktopped,25 Feet , Blacktopped,N/A Aana,2 months ago,"['Parking', 'Balcony', 'Electricity Backup', 'Water Supply', 'Lawn', 'Fencing', 'Intercom', 'Internet', 'Water Well', 'TV Cable', 'Frontyard', 'Water Tank', 'Backyard']",1,25.0,684.5,,Premium
"House For Rent In Prime Location (Near Satdobato, In Front Of Ring Road) : House For Rent In Mahalaxmisthan, Lalitpur","Talchhikhel, Satdobato, Mahalaxmisthan, Lalitpur",Lalitpur,100000,3,3,3.0,3,East,2001.0,223,11 Aana,20 Feet / Blacktopped,20 Feet , Blacktopped,5000 Sq. Feet,2 months ago,"['Parking', 'Balcony', 'Deck', 'Garage', 'Lawn', 'Water Tank', 'Water Well', 'Solar Water', 'Water Supply']",0,20.0,3764.75,5000.0,Low
"4 Anna Land For Sale At Chabahil Beside Medicare Hospital. : Land For Sale In Chabahil, Kathmandu","Chabahil Beside Medicare Hospital, Chabahil, Kathmandu",Kathmandu,15500000,0,0,3.0,0,East,2074.0,185,0-4-0-0 Aana,18 Feet / Blacktopped,18 Feet , Blacktopped,N/A Aana,2 months ago,[],1,18.0,1369.0,,High
"9.2 Anna Land For Sale At Baluwatar, 1 Kitta Inside From Main Road : Land For Sale In Baluwatar, Kathmandu","Baluwatar Beside Goma Petrol Pump, 1 Kitta Inside from Main Road., Baluwatar, Kathmandu",Kathmandu,7500000,0,0,3.0,0,East,2074.0,137,0-9-2-0 Aana,20 Feet / Blacktopped,20 Feet , Blacktopped,N/A Aana,2 months ago,[],1,20.0,3251.375,,Medium
"House For Sale At Ganeshthan, Chabahil Beside Raprapa Party Office : House For Sale In Chabahil, Kathmandu","Ganeshthan, Chabahil Beside Raprapa Party Office., Chabahil, Kathmandu",Kathmandu,60000000,0,0,2.0,3,East,2074.0,135,0-9-2-0 Aana,15 Feet / Blacktopped,15 Feet , Blacktopped,N/A Aana,2 months ago,"['Parking', 'Balcony', 'Drainage', 'Deck', 'Water Supply', 'Electricity Backup', 'Intercom', 'Solar Water', 'Lawn', 'Fencing', 'Garage', 'Frontyard', 'Internet', 'Kids Playground', 'Water Tank', 'Garden', 'Backyard', 'Wifi']",1,15.0,3251.375,,Premium
"Plotted Land : Land For Sale In Matatirtha, Kathmandu","Nearby Bauthali Chwok., Matatirtha, Kathmandu",Kathmandu,1200000,0,0,3.0,0,North East,2074.0,2.6K,0-4-3-0 Aana,20 Feet / Concrete,20 Feet , Concrete,N/A Aana,2 months ago,[],1,20.0,1625.6875,,Low
"0-5-0-0 Aana Commercial Land : Land For Sale In Kadaghari, Kathmandu","Nearby Suncity Apartment, Kadaghari, Kathmandu",Kathmandu,2700000,0,0,3.0,0,North East,2074.0,1.4K,0-5-0-0 Aana,12 Feet / Blacktopped,12 Feet , Blacktopped,3600 Sq. Feet,2 months ago,"['Drainage', 'Water Supply']",1,12.0,1711.25,3600.0,Medium
"Brand New : House For Sale In Sankhamul, Kathmandu","Nearby Valley Top Driving Center, Sankhamul, Kathmandu",Kathmandu,35000000,7,3,2.5,2,West,2076.0,1.5K,0-3-2-2 Aana,12 Feet / Paved,12 Feet , Paved,3600 Sq. Feet,2 months ago,"['Balcony', 'Fencing', 'Modular Kitchen', 'TV Cable', 'Drainage', 'Water Supply', 'Solar Water', 'Water Tank', 'Internet', 'Parking', 'Store Room']",0,12.0,1240.65625,3600.0,Premium
"0-9-0-0 Aana Land : Land For Sale In Kalanki, Kathmandu","Maitrinagar, Kalanki, Kathmandu",Kathmandu,3600000,0,0,3.0,0,East,2074.0,1.2K,0-9-0-0 Aana,16 Feet / Blacktopped,16 Feet , Blacktopped,N/A Aana,2 months ago,"['Fencing', 'TV Cable', 'Drainage', 'Water Supply', 'Internet']",1,16.0,3080.25,,Medium
"House On Sale At Chabahil (50m Towards Ganeshsthan) ) : House For Sale In Chabahil, Kathmandu","Chabahil, Charumati bihar, Chabahil, Kathmandu",Kathmandu,25000000,6,4,4.0,2,East,2000.0,479,2.5 Aana,20 Feet / Paved,20 Feet , Paved,2.5 Aana,2 months ago,"['Parking', 'Balcony', 'Drainage', 'Water Supply', 'Water Tank', 'Internet', 'Kids Playground']",0,20.0,855.625,855.625,High
"Beautiful House Sale At Gothatar, Bhaktapur, Nepal : House For Sale In Gothatar, Kathmandu","Gothatar, Gothatar, Kathmandu",Kathmandu,15500000,0,0,2.0,0,North,2015.0,601,0-3-2-0 Aana,13 Feet / Blacktopped,13 Feet , Blacktopped,0-3-2-0 Aana,2 months ago,"['Parking', 'Balcony', 'Internet', 'Water Tank']",0,13.0,1197.875,1197.875,High
"13 Anna Land For Sale At Chabahil Main Road, Inside Ring Road Track. : Land For Sale In Chabahil, Kathmandu","13 Anna Land For Sale At Chabahil Main Road, Inside Ring Road Track., Chabahil, Kathmandu",Kathmandu,9500000,0,0,3.0,0,East,2074.0,123,0-13-0-0 Aana,40 Feet / Blacktopped,40 Feet , Blacktopped,N/A Aana,2 months ago,[],1,40.0,4449.25,,High
"House For Sale At Putalisadak Behind Star Mall, Just 100 Meters From Main Road. : House For Sale In Putalisadak, Kathmandu","Putalisadak Behind Star Mall, 100 Meters From Main Road, Putalisadak, Kathmandu",Kathmandu,75000000,0,0,5.0,0,East,2074.0,215,0-9-0-0 Aana,12 Feet / Blacktopped,12 Feet , Blacktopped,N/A Aana,2 months ago,"['Parking', 'Balcony', 'Drainage', 'Electricity Backup', 'Water Supply', 'Lawn', 'Fencing', 'Intercom', 'Internet', 'Water Well', 'Frontyard', 'Garage', 'TV Cable', 'Garden', 'Water Tank', 'Kids Playground', 'CCTV', 'Backyard']",1,12.0,3080.25,,Premium
"13 Anna Land At For Sale At Chabahil, Dhobikhola Corridor : Land For Sale In Chabahil, Kathmandu","Chabahil, Dhobikhola Corridor, Chabahil, Kathmandu",Kathmandu,3500000,0,0,3.0,0,East,2074.0,201,0-13-0-0 Aana,25 Feet / Blacktopped,25 Feet , Blacktopped,N/A Aana,2 months ago,[],1,25.0,4449.25,,Medium
"40 Anna Commercial Land For Sale At Nardevi Basantapur, New Road : Land For Sale In Basantapur, Kathmandu","West Of Nardevi Temple At Nardevi, Basantapur, New Road., Basantapur, Kathmandu",Kathmandu,7500000,0,0,3.0,0,East,2074.0,192,0-40-0-0 Aana,15 Feet / Blacktopped,15 Feet , Blacktopped,N/A Aana,2 months ago,[],1,15.0,13690.0,,Medium
"House At Chabahil Beside Pashupati Campus, 100 Meter From Ring Road : House For Sale In Chabahil, Kathmandu","Chabahil Beside Pashupati Campus, 100 Meter From Ring Road, Chabahil, Kathmandu",Kathmandu,75000000,0,0,3.0,0,East,2074.0,150,0-10-0-0 Aana,16 Feet / Gravelled,16 Feet , Gravelled,N/A Aana,2 months ago,"['Parking', 'Balcony', 'Microwave', 'Drainage', 'Electricity Backup', 'Water Supply', 'Modular Kitchen', 'Deck', 'Lawn', 'Fencing', 'Solar Water', 'Intercom', 'Internet', 'Water Well', 'TV Cable', 'Frontyard', 'Garage', 'Air Condition', 'Garden', 'Washing Machine', 'Water Tank', 'Kids Playground', 'Wifi', 'Backyard']",1,16.0,3422.5,,Premium
"8 Anna Land For Sale At Sifal, Chabahil : Land For Sale In Chabahil, Kathmandu","Sifal, Chabahil, Chabahil, Kathmandu",Kathmandu,4500000,0,0,3.0,0,East,2074.0,94,0-8-0-0 Aana,16 Feet / Blacktopped,16 Feet , Blacktopped,N/A Aana,2 months ago,[],1,16.0,2738.0,,Medium
"9 Anna Perfect Residential Land For Sale At Budhanilkantha : Land For Sale In Budhanilkantha, Kathmandu","Budhanilkantha, Budhanilkantha, Kathmandu",Kathmandu,3700000,0,0,3.0,0,East,2074.0,131,0-9-0-0 Aana,16 Feet / Gravelled,16 Feet , Gravelled,N/A Aana,2 months ago,[],1,16.0,3080.25,,Medium
"6 Anna House For Sale At Ratopul : House For Sale In Ratopul, Kathmandu","Ratopul, Ratopul, Kathmandu",Kathmandu,39500000,0,0,4.0,3,East,2074.0,228,0-6-0-0 Aana,18 Feet / Blacktopped,18 Feet , Blacktopped,N/A Aana,2 months ago,"['Parking', 'Balcony', 'Drainage', 'Electricity Backup', 'Water Supply', 'Lawn', 'Fencing', 'Solar Water', 'Internet', 'Intercom', 'Water Well', 'TV Cable', 'Frontyard', 'Garage', 'Garden', 'Washing Machine', 'Water Tank', 'Kids Playground', 'Wifi', 'Backyard']",1,18.0,2053.5,,Premium
"Restaurant For Rent : Business For Rent In Mahendrapul, Pokhara","74, Mahendrapul, Pokhara",Pokhara,70000,0,2,3.0,0,East,2074.0,173,1600 Sq. Feet,0 Feet,0 Feet,Unknown,N/A Aana,2 months ago,[],1,0.0,1600.0,,Low
"Flat Rent At Balaju (Godaun Storage / Office Use) : Flat For Rent In Balaju, Kathmandu","Main road, Balaju, Kathmandu",Kathmandu,18000,1,1,1.0,4,East,2074.0,444,375 Sq. Feet,20 Feet,20 Feet,Unknown,N/A Aana,2 months ago,"['Parking', 'Balcony', 'Water Tank', 'Store Room']",1,20.0,375.0,,Low
"10 Anna Land For Sale At Basbari Behind Shambhala Hotel : Land For Sale In Basbari, Kathmandu","Basbari Behind Shambhala Hotel, Basbari, Kathmandu",Kathmandu,5000000,0,0,3.0,0,East,2074.0,105,0-10-0-0 Aana,16 Feet / Gravelled,16 Feet , Gravelled,N/A Aana,2 months ago,[],1,16.0,3422.5,,Medium
"Golfutar Family Bungalow : House For Sale In Golfutar, Kathmandu","Na, Golfutar, Kathmandu",Kathmandu,37000000,5,6,3.0,2,South,2076.0,492,4 Aana,20 Feet / Blacktopped,20 Feet , Blacktopped,N/A Aana,2 months ago,"['Garage', 'Parking', 'Water Supply', 'Drainage', 'Water Well', 'Solar Water']",0,20.0,1369.0,,Premium
"Spacious Office Area For Rent At A Very Reasonable Price... : Office Space For Rent In Mahendrapul, Pokhara","74, Mahendrapul, Pokhara",Pokhara,40000,0,0,3.0,0,East,2074.0,292,800 Sq. Feet,0 Feet,0 Feet,Unknown,N/A Aana,2 months ago,[],1,0.0,800.0,,Low
"House On SALE In Dhapakhel : House For Sale In Dhapakhel, Lalitpur","dhapakhel height, Dhapakhel, Lalitpur",Lalitpur,25600000,0,0,4.0,1,East,2013.0,101,0-4-0-0 Aana,10 Feet / Gravelled,10 Feet , Gravelled,4100 Sq. Feet,2 months ago,"['Parking', 'Balcony', 'Fencing', 'Wifi', 'Water Supply', 'Solar Water', 'Water Well', 'Water Tank', 'Internet']",0,10.0,1369.0,4100.0,High
"Full Furnished House For Rent At Jawakhel : House For Rent In Jawalakhel, Lalitpur","jawalakhel, Jawalakhel, Lalitpur",Lalitpur,78000,4,4,3.0,1,East,2074.0,176,5 Aana,0 Feet,0 Feet,Unknown,N/A Aana,2 months ago,"['Parking', 'Balcony', 'Microwave', 'Drainage', 'Modular Kitchen', 'Water Supply', 'TV Cable', 'Water Well', 'Internet', 'Garden']",1,0.0,1711.25,,Low
"14 Kattha : Land For Sale In Parsa, Chitwan","Sundi- Khaireni Nagarpalika, Parsa, Chitwan",Chitwan,1600000,0,0,3.0,0,South East,2074.0,1.7K,14 Kattha,30 Feet / Blacktopped,30 Feet , Blacktopped,N/A Kattha,2 months ago,"['Drainage', 'Water Supply']",1,30.0,51030.0,,Medium
"Fully Furnished Brand New House For Sale At Housing, Budhanilkantha. : House For Sale In Budhanilkantha, Kathmandu","Road Show Housing, Budhanilkantha., Budhanilkantha, Kathmandu",Kathmandu,36500000,5,4,2.0,2,East,2020.0,350,0-5-5-0 Aana,20 Feet / Blacktopped,20 Feet , Blacktopped,N/A Aana,2 months ago,"['Parking', 'Balcony', 'Microwave', 'Drainage', 'Cafeteria', 'Electricity Backup', 'Water Supply', 'Modular Kitchen', 'Deck', 'Jacuzzi', 'Lawn', 'Fencing', 'Swimming Pool', 'Solar Water', 'Intercom', 'Internet', 'Water Well', 'TV Cable', 'Frontyard', 'Garage', 'Air Condition', 'Garden', 'Washing Machine', 'Kids Playground', 'Water Tank', 'Backyard', 'Gym', 'Wifi', 'CCTV', 'Lift']",0,20.0,2139.0625,,Premium
"Bungalow For Sale At Golfutar Height, 80 Meter From Highway : House For Sale In Golfutar, Kathmandu","Golfutar Height, 80 Meter From Highway, Golfutar, Kathmandu",Kathmandu,102500000,5,0,2.0,0,East,2074.0,266,1-3-0-0 Aana,20 Feet / Blacktopped,20 Feet , Blacktopped,N/A Aana,2 months ago,"['Parking', 'Balcony', 'Microwave', 'Drainage', 'Cafeteria', 'Electricity Backup', 'Water Supply', 'Modular Kitchen', 'Deck', 'Jacuzzi', 'Lawn', 'Fencing', 'Swimming Pool', 'Solar Water', 'Intercom', 'Internet', 'Water Well', 'TV Cable', 'Frontyard', 'Garage', 'Air Condition', 'Garden', 'Washing Machine', 'Water Tank', 'Kids Playground', 'Lift', 'CCTV', 'Wifi', 'Gym', 'Backyard']",1,20.0,6502.75,,Premium
"30 Dhur For Sale - Pokharia - Biratnagar : Land For Sale In Pokharia, Biratnagar","Pratap Marg, Pokharia, Biratnagar",Biratnagar,899999,0,0,3.0,0,East,2074.0,129,30 Dhur,0 Feet / Blacktopped,0 Feet , Blacktopped,N/A Dhur,2 months ago,[],1,0.0,5467.5,,Low
"Brand New House For Sale At Sano Bharyang : House For Sale In Sanobharyang, Kathmandu","Sano Bharyang, Sanobharyang, Kathmandu",Kathmandu,22500000,5,3,3.0,1,East,2020.0,238,0-3-1-0 Aana,14 Feet / Blacktopped,14 Feet , Blacktopped,N/A Aana,2 months ago,"['Parking', 'Lawn', 'Garage', 'Air Condition', 'Backyard', 'Garden', 'Frontyard', 'Fencing', 'Deck', 'Balcony', 'Microwave', 'Modular Kitchen', 'TV Cable', 'Washing Machine', 'Wifi', 'CCTV', 'Water Tank', 'Water Well', 'Solar Water', 'Water Supply', 'Drainage', 'Cafeteria', 'Electricity Backup', 'Intercom', 'Internet']",0,14.0,1112.3125,,High
"Brand New House For Sale At Sano Bharyang Near Ring Road : House For Sale In Sano Bharyang, Kathmandu","Sano Bharyang Near Ring Road, Sano Bharyang, Kathmandu",Kathmandu,23500000,5,3,3.0,2,East,2020.0,175,0-3-0-0 Aana,15 Feet / Blacktopped,15 Feet , Blacktopped,N/A Aana,2 months ago,"['Parking', 'Lawn', 'Garage', 'Air Condition', 'Backyard', 'Garden', 'Frontyard', 'Fencing', 'Deck', 'Balcony', 'Modular Kitchen', 'TV Cable', 'Washing Machine', 'Wifi', 'CCTV', 'Water Tank', 'Water Well', 'Solar Water', 'Water Supply', 'Drainage', 'Cafeteria', 'Electricity Backup', 'Intercom', 'Internet', 'Kids Playground']",0,15.0,1026.75,,High
"Brand New House For Sale At Pasikot, Budhanilkantha : House For Sale In Budhanilkantha, Kathmandu","Pasikot, Budhanilkantha, Budhanilkantha, Kathmandu",Kathmandu,22500000,4,3,3.0,1,East,2076.0,271,0-3-0-3 Aana,15 Feet / Gravelled,15 Feet , Gravelled,N/A Aana,2 months ago,"['Parking', 'Lawn', 'Garage', 'Backyard', 'Garden', 'Frontyard', 'Fencing', 'Deck', 'Balcony', 'Microwave', 'Modular Kitchen', 'TV Cable', 'Washing Machine', 'Wifi', 'CCTV', 'Water Tank', 'Water Well', 'Solar Water', 'Water Supply', 'Drainage', 'Cafeteria', 'Electricity Backup', 'Intercom', 'Internet']",0,15.0,1090.921875,,High
"5 Bhk House New House At Rudreshwor Budhanilkanta 200 Mtr From Highway : House For Sale In Budhanilkantha, Kathmandu","Rudreshwor Budhanilkanta 200 Mtr From Highway, Budhanilkantha, Kathmandu",Kathmandu,32500000,5,4,3.0,1,East,2020.0,204,0-4-0-0 Aana,15 Feet / Gravelled,15 Feet , Gravelled,N/A Aana,2 months ago,"['Parking', 'Lawn', 'Garage', 'Air Condition', 'Backyard', 'Garden', 'Frontyard', 'Fencing', 'Deck', 'Balcony', 'Microwave', 'Modular Kitchen', 'TV Cable', 'Washing Machine', 'Wifi', 'CCTV', 'Water Tank', 'Water Well', 'Solar Water', 'Water Supply', 'Drainage', 'Cafeteria', 'Electricity Backup', 'Intercom', 'Internet', 'Kids Playground']",0,15.0,1369.0,,Premium
"12 Anna 5 Bhk Bungalow For Sale At Chapali, Budhanilkantha : House For Sale In Chapali, Kathmandu","Chapali, Budhanilkantha, Chapali, Kathmandu",Kathmandu,42500000,5,0,3.0,4,East,2074.0,210,0-12-0-0 Aana,15 Feet / Blacktopped,15 Feet , Blacktopped,N/A Aana,2 months ago,"['Parking', 'Lawn', 'Air Condition', 'Frontyard', 'Garage', 'Backyard', 'Garden', 'Fencing', 'Deck', 'Balcony', 'Microwave', 'Modular Kitchen', 'Wifi', 'CCTV', 'Water Tank', 'Water Well', 'Electricity Backup', 'Water Supply', 'Solar Water', 'Drainage', 'Cafeteria', 'Intercom', 'Internet', 'Kids Playground']",1,15.0,4107.0,,Premium
"House On Sale At Mahadevsthan , Thankot : House For Sale In Thankot, Kathmandu","madevsthan, Thankot, Kathmandu",Kathmandu,11000000,10,3,2.0,0,East,2072.0,538,4 Aana,3 Feet,3 Feet,Unknown,N/A Aana,2 months ago,"['Electricity Backup', 'Solar Water']",0,3.0,1369.0,,High
"5 Anna Semi Bungalow For Sale At Sukedhara Inside Ring Road : House For Sale In Sukedhara, Kathmandu","Sukedhara Near Chauki, Sukedhara, Kathmandu",Kathmandu,42500000,5,3,2.0,1,East,2074.0,147,0-5-0-0 Aana,12 Feet / Paved,12 Feet , Paved,N/A Aana,2 months ago,"['Parking', 'Lawn', 'Garage', 'Air Condition', 'Backyard', 'Garden', 'Fencing', 'Frontyard', 'Deck', 'Balcony', 'Microwave', 'Modular Kitchen', 'TV Cable', 'Washing Machine', 'Wifi', 'CCTV', 'Water Tank', 'Water Well', 'Solar Water', 'Water Supply', 'Drainage', 'Cafeteria', 'Electricity Backup', 'Intercom', 'Internet', 'Kids Playground']",1,12.0,1711.25,,Premium
"House For Sale In Budhanilkantha, Kathmandu","Ganesh Chowk, Budhanilkantha, Kathmandu",Kathmandu,35000000,5,4,2.0,2,East,2020.0,280,0-6-0-0 Aana,18 Feet / Gravelled,18 Feet , Gravelled,N/A Aana,2 months ago,"['Parking', 'Lawn', 'Garage', 'Air Condition', 'Backyard', 'Garden', 'Frontyard', 'Fencing', 'Deck', 'Balcony', 'Microwave', 'Modular Kitchen', 'TV Cable', 'Washing Machine', 'Wifi', 'CCTV', 'Water Tank', 'Water Well', 'Solar Water', 'Water Supply', 'Drainage', 'Cafeteria', 'Electricity Backup', 'Intercom', 'Internet', 'Kids Playground']",0,18.0,2053.5,,Premium
"Plotting Land For Sale At Tokha In 20 Feet Pitched Road. : Land For Sale In Tokha, Kathmandu","Tokha, Tokha, Kathmandu",Kathmandu,2200000,0,0,3.0,0,East,2074.0,194,0-5-0-0 Aana,20 Feet / Blacktopped,20 Feet , Blacktopped,N/A Aana,2 months ago,[],1,20.0,1711.25,,Medium
"5 Anna Land For Sale At Chapali Ghumti : Land For Sale In Chapali, Kathmandu","Chapali, Chapali, Kathmandu",Kathmandu,2400000,0,0,3.0,0,East,2074.0,107,0-5-0-0 Aana,16 Feet / Blacktopped,16 Feet , Blacktopped,N/A Aana,2 months ago,[],1,16.0,1711.25,,Medium
"Pasikot Ghumti Land : Land For Sale In Budhanilkantha, Kathmandu","Na, Budhanilkantha, Kathmandu",Kathmandu,2400000,0,0,3.0,0,South East,2074.0,422,5 Aana,12 Feet / Gravelled,12 Feet , Gravelled,N/A Aana,2 months ago,[],1,12.0,1711.25,,Medium
"Land On Sale In Chabahil, Kathmandu : Land For Sale In Anamnagar, Kathmandu","chabahil, maijubahal, maijumilan tole, Anamnagar, Kathmandu",Kathmandu,6000000,0,0,0.0,0,East,2074.0,351,0-3-0 Sq. Feet,13 Feet / Gravelled,13 Feet , Gravelled,N/A Sq. Feet,2 months ago,[],1,13.0,1026.75,,Medium
"Hepali Height 13 Ana : Land For Sale In Golfutar, Kathmandu","NA, Golfutar, Kathmandu",Kathmandu,2700000,0,0,3.0,0,West,2074.0,368,13 Aana,13 Feet / Blacktopped,13 Feet , Blacktopped,N/A Aana,2 months ago,[],1,13.0,4449.25,,Medium
"Tokha Plotting Land : Land For Sale In Tokha, Kathmandu","NA, Tokha, Kathmandu",Kathmandu,2300000,0,0,3.0,0,East,2074.0,415,6 Aana,20 Feet / Blacktopped,20 Feet , Blacktopped,N/A Aana,2 months ago,[],1,20.0,2053.5,,Medium
"Golfutar Height Bungalow : House For Sale In Golfutar, Kathmandu","Na, Golfutar, Kathmandu",Kathmandu,37000000,5,5,3.0,1,South,2076.0,1.2K,4 Aana,20 Feet / Blacktopped,20 Feet , Blacktopped,N/A Aana,2 months ago,"['Parking', 'Garage', 'Water Supply', 'Drainage', 'Solar Water', 'Water Well', 'Water Tank']",0,20.0,1369.0,,Premium
"Sukedhara New Home : House For Sale In Sukedhara, Kathmandu","Na, Sukedhara, Kathmandu",Kathmandu,45000000,6,6,3.0,3,East,2076.0,198,6 Aana,20 Feet / Blacktopped,20 Feet , Blacktopped,N/A Aana,2 months ago,"['Parking', 'Garage', 'Water Supply', 'Drainage', 'Water Well', 'Solar Water']",0,20.0,2053.5,,Premium
"Land For Sale In Birgunj, Parsa","Shreepur-11 Birgunj Nepal, Birgunj, Parsa",Parsa,550000,0,0,3.0,0,South,2074.0,164,4.5 Dhur,6 Feet,6 Feet,Unknown,N/A Aana,2 months ago,[],1,6.0,820.125,,Low
"11 Ana House For Sale At Bagdol : House For Sale In Baghdol, Lalitpur","Enar Chowk, Baghdol, Lalitpur",Lalitpur,39000000,2,1,1.0,2,East,2074.0,362,11 Aana,0 Feet,0 Feet,Unknown,N/A Aana,2 months ago,"['Fencing', 'Frontyard', 'Backyard', 'Garden', 'Drainage', 'Water Well', 'Parking', 'Water Tank', 'Lawn']",1,0.0,3764.75,,Premium
"House For Sale At Manamaiju : House For Sale In Manamaiju, Kathmandu","Kathmandu, Manmaiju, Manamaiju, Kathmandu",Kathmandu,17000000,5,3,3.0,1,East,2074.0,764,3.75 Aana,12 Feet / Paved,12 Feet , Paved,N/A Aana,2 months ago,"['Balcony', 'Parking', 'Solar Water', 'Drainage', 'Water Supply']",1,12.0,1283.4375,,High
"House For Rent At Maharajgunj : House For Rent In Maharajgunj, Kathmandu","maharajgunj, Maharajgunj, Kathmandu",Kathmandu,100000,5,4,3.0,2,East,2074.0,289,11 Aana,0 Feet,0 Feet,Unknown,N/A Aana,2 months ago,"['Modular Kitchen', 'Parking', 'Water Supply', 'Garden', 'Water Tank']",1,0.0,3764.75,,Low
"House On Rent At Vinayak Colony : House For Rent In Bhaisepati, Lalitpur","Bhaisepati, Bhaisepati, Lalitpur",Lalitpur,75000,3,3,3.0,1,East,2074.0,644,5.5 Aana,0 Feet,0 Feet,Unknown,N/A Aana,2 months ago,"['Parking', 'Balcony', 'Garden', 'Modular Kitchen', 'Security Staff']",1,0.0,1882.375,,Low
"Residential : House For Sale In Goldhunga, Kathmandu","Nagarjun School, Goldhunga, Kathmandu",Kathmandu,16500000,6,3,2.5,1,South East,2076.0,5.7K,0-3-0-0 Aana,10 Feet / Gravelled,10 Feet , Gravelled,N/A Aana,2 months ago,"['Balcony', 'TV Cable', 'Drainage', 'Water Supply', 'Water Tank', 'Parking', 'Store Room']",0,10.0,1026.75,,High
"Ramkot House : House For Sale In Sitapaila, Kathmandu","Ramkot, Sitapaila, Kathmandu",Kathmandu,20500000,4,4,2.5,1,East,2076.0,7.8K,0-3-3-0 Aana,13 Feet / Blacktopped,13 Feet , Blacktopped,2300 Sq. Feet,2 months ago,"['Balcony', 'Fencing', 'Modular Kitchen', 'TV Cable', 'Wifi', 'Drainage', 'Water Supply', 'Solar Water', 'Water Tank', 'Parking', 'Store Room']",0,13.0,1283.4375,2300.0,High
"Ghar Bikrima : House For Sale In Imadol, Lalitpur","Bojopokhari, Imadol, Lalitpur",Lalitpur,25000000,7,6,3.0,3,North East,2020.0,304,4.75 Aana,13 Feet / Blacktopped,13 Feet , Blacktopped,N/A Aana,2 months ago,"['Backyard', 'Balcony', 'Frontyard', 'Modular Kitchen', 'Drainage', 'Water Supply', 'Solar Water', 'Water Tank', 'Water Well', 'Parking']",0,13.0,1625.6875,,High
"2 Storey House On Sale At Gathaghar : House For Sale In Gatthaghar, Bhaktapur","kausaltar, Gatthaghar, Bhaktapur",Bhaktapur,12500000,0,0,2.0,0,East,2074.0,1.9K,3 Aana,16 Feet,16 Feet,Unknown,N/A Aana,2 months ago,['Parking'],1,16.0,1026.75,,High
"Ghar Bikrima : House For Sale In Imadol, Lalitpur","Imadol, Imadol, Lalitpur",Lalitpur,21000000,4,5,1.0,1,South West,2019.0,621,4 Aana,20 Feet / Gravelled,20 Feet , Gravelled,2200 Aana,2 months ago,[],0,20.0,1369.0,752950.0,High
"Flat For Rent In Koteshwor, Kathmandu","koteshwor, Koteshwor, Kathmandu",Kathmandu,60000,0,4,3.0,1,East,2015.0,276,900 Sq. Feet,30 Meter / Blacktopped,30 Meter , Blacktopped,1200 Aana,2 months ago,"['Parking', 'TV Cable']",0,98.4252,900.0,410700.0,Low
"Land On Sale : Land For Sale In Changunarayan, Bhaktapur","Duwakot, Changunarayan, Bhaktapur",Bhaktapur,3500000,0,0,3.0,0,East,2074.0,393,0-12-2-0 Aana,500 Meter,500 Meter,Unknown,0-12-2-0 Aana,2 months ago,[],1,1640.42,4278.125,4278.125,Medium
"Land On Sale : Land For Sale In Suryabinayak, Bhaktapur","Siphadol, Suryabinayak, Bhaktapur",Bhaktapur,600000,0,0,3.0,0,East,2074.0,747,16-4-0-0 Aana,300 Feet,300 Feet,Unknown,16-4-0-0 Aana,2 months ago,[],1,300.0,88985.0,88985.0,Low
"Land On Sale : Land For Sale In Godawari, Lalitpur","Champi, Dukuchhap, Godawari, Lalitpur",Lalitpur,420000,0,0,3.0,0,East,2074.0,305,52-10-3-2 Aana,500 Feet,500 Feet,Unknown,52-10-3-2 Aana,2 months ago,[],1,500.0,288473.96875,288473.96875,Low
"House And Land On Sale : Land For Sale In Godawari, Lalitpur","Taukhel, Godawari, Lalitpur",Lalitpur,2000000,0,0,3.0,0,East,2074.0,191,3-10-1-0 Ropani,500 Meter,500 Meter,Unknown,3-10-1-0 Ropani,2 months ago,[],1,1640.42,19936.0625,19936.0625,Medium
"Furnished Flat Rent In Baghdol : Flat For Rent In Baghdol, Lalitpur","House rent in Bagdol, Baghdol, Lalitpur",Lalitpur,50000,2,1,3.0,1,South West,2074.0,220,1-6-0-0 Aana,10 Feet,10 Feet,Unknown,N/A Aana,2 months ago,"['Parking', 'Air Condition', 'Garage', 'Garden', 'Solar Water', 'Water Supply', 'Drainage']",1,10.0,7529.5,,Low
"House Rent In Lazimpat : House For Rent In Lazimpat, Kathmandu","gairidhara, Lazimpat, Kathmandu",Kathmandu,175000,0,0,2.0,6,South,2074.0,267,1-0-0-0 Ropani,14 Feet,14 Feet,Unknown,N/A Aana,2 months ago,"['Parking', 'Garage', 'Balcony', 'Garden', 'Water Supply']",1,14.0,5476.0,,Low
"House For Rent In Mhepi, Kathmandu","Mhepi, Mhepi, Kathmandu",Kathmandu,160000,6,5,3.0,8,South,2074.0,167,1-0-0-0 Ropani,20 Feet,20 Feet,Unknown,N/A Aana,2 months ago,"['Parking', 'Balcony', 'Garden', 'Drainage', 'Water Supply', 'Water Tank']",1,20.0,5476.0,,Low
"4 Aana Land : Land For Sale In Budhanilkantha, Kathmandu","Budhanilkantha Mandir, Budhanilkantha, Kathmandu",Kathmandu,2500000,0,0,3.0,0,West,2074.0,1.4K,0-4-0-0 Aana,12 Feet / Gravelled,12 Feet , Gravelled,N/A Aana,2 months ago,"['Drainage', 'Water Supply']",1,12.0,1369.0,,Medium
"Land On Sale : Land For Sale In Teku, Kathmandu","Mayalbari, Teku, Kathmandu",Kathmandu,6000000,0,0,3.0,0,East,2074.0,118,2-1-2-0 Aana,300 Meter,300 Meter,Unknown,2-1-2-0 Aana,2 months ago,[],1,984.252,11465.375,11465.375,Medium
"Akase Dhara House : House For Sale In Kapan, Kathmandu","akase dhara, Kapan, Kathmandu",Kathmandu,18000000,6,3,3.0,2,South,2070.0,639,0-4-3 Sq. Feet,13 Feet / Concrete,13 Feet , Concrete,0-4-0 Sq. Feet,2 months ago,"['Parking', 'Water Tank', 'Modular Kitchen', 'Fencing', 'Fencing', 'Water Well', 'Parking', 'Electricity Backup', 'Balcony', 'Water Well', 'Balcony', 'Water Tank', 'Modular Kitchen', 'Electricity Backup']",0,13.0,1625.6875,1369.0,High
"Harmony Residency : House For Sale In Bhaisepati, Lalitpur","Sainbu, Bhaisepati, Lalitpur",Lalitpur,35200000,4,4,3.0,1,East,2020.0,209,0-5-2-0 Aana,20 Feet / Blacktopped,20 Feet , Blacktopped,2380 Sq. Feet,2 months ago,"['Balcony', 'Fencing', 'TV Cable', 'Water Supply', 'Drainage', 'CCTV', 'Parking']",0,20.0,1882.375,2380.0,Premium
"Flat : Flat For Rent In Swayambhu, Kathmandu","Kimdol, Swayambhu, Kathmandu",Kathmandu,35000,3,2,3.0,1,East,2074.0,542,10 Aana,0 Feet,0 Feet,Unknown,8 Aana,2 months ago,"['Parking', 'Balcony', 'Solar Water', 'Electricity Backup']",1,0.0,3422.5,2738.0,Low
"Harmony Residency : House For Sale In Bhaisepati, Lalitpur","Sainbu, Bhaisepati, Lalitpur",Lalitpur,37100000,4,4,3.0,1,West,2020.0,380,0-6-0-0 Aana,20 Feet / Blacktopped,20 Feet , Blacktopped,2380 Sq. Feet,2 months ago,"['Balcony', 'TV Cable', 'Water Supply', 'Drainage', 'Parking']",0,20.0,2053.5,2380.0,Premium
"3-Storey House For Sale In Gairidhara : House For Sale In Gairidhara, Kathmandu","Gairidhara, Gairidhara, Kathmandu",Kathmandu,55000000,4,5,3.0,4,East,2074.0,786,0-5-0-0 Aana,14 Feet / Paved,14 Feet , Paved,N/A Aana,2 months ago,"['Balcony', 'Modular Kitchen', 'Drainage', 'Water Supply', 'Parking', 'Store Room', 'Security Staff']",1,14.0,1711.25,,Premium
"Harmony Residency : House For Sale In Bhaisepati, Lalitpur","Sainbu, Bhaisepati, Lalitpur",Lalitpur,34500000,4,4,3.0,1,West,2020.0,193,0-5-1-0 Aana,20 Feet / Blacktopped,20 Feet , Blacktopped,2380 Sq. Feet,2 months ago,"['Balcony', 'Fencing', 'TV Cable', 'Water Supply', 'Drainage', 'CCTV', 'Parking']",0,20.0,1796.8125,2380.0,Premium
"Land For Sale At Gokarna : Land For Sale In Gokarneshwor, Kathmandu","Gokarna, Gokarneshwor, Kathmandu",Kathmandu,1650000,0,0,3.0,0,West,2074.0,433,22 Aana,28 Feet,28 Feet,Unknown,N/A Aana,2 months ago,[],1,28.0,7529.5,,Medium
"Budhanilkantha Furnished Bungalow : House For Sale In Budhanilkantha, Kathmandu","Na, Budhanilkantha, Kathmandu",Kathmandu,45000000,5,6,3.0,3,North East,2075.0,559,6 Aana,13 Feet / Paved,13 Feet , Paved,N/A Aana,2 months ago,"['Garage', 'Balcony', 'Air Condition', 'Garden', 'Modular Kitchen', 'Drainage', 'Solar Water', 'Water Supply', 'Water Tank', 'Parking']",0,13.0,2053.5,,Premium
"Sanobharyang 3.1 Ana 1.3 Km : House For Sale In Sanobharyang, Kathmandu","Na, Sanobharyang, Kathmandu",Kathmandu,22500000,6,5,3.0,1,East,2076.0,274,3.1 Aana,14 Feet / Gravelled,14 Feet , Gravelled,N/A Aana,2 months ago,"['Garage', 'Modular Kitchen', 'Drainage', 'Water Tank', 'Water Supply']",0,14.0,1060.9750000000001,,High
"3 Flats On Rent : Flat For Rent In Imadol, Lalitpur","27.6564024, Imadol, Lalitpur",Lalitpur,30000,3,2,4.0,1,North East,2018.0,687,8 Aana,10 Feet / Blacktopped,10 Feet , Blacktopped,6 Aana,2 months ago,"['Fencing', 'Balcony', 'Modular Kitchen', 'Drainage', 'Water Supply', 'Water Tank', 'Water Well', 'Parking']",0,10.0,2738.0,2053.5,Low
"Hetauda Children Park Najik Pragati Path Ma Ghar Jagga Bikrima : House For Sale In Hetauda, Makwanpur","pragati path hetauda-5, Hetauda, Makwanpur",Makwanpur,700000,4,2,1.0,1,North,2074.0,183,22 Dhur,4 Meter / Paved,4 Meter , Paved,10 Dhur,2 months ago,"['Parking', 'Water Supply', 'Garden']",1,13.12336,4009.5,1822.5,Low
"Flat For Rent In Jhamsikhel, Lalitpur","jhamsikhel(near British school), Jhamsikhel, Lalitpur",Lalitpur,35000,2,2,0.0,2,East,2074.0,890,6 Sq. Feet,10 Feet / Soil Stabilized,10 Feet , Soil Stabilized,4 Sq. Feet,2 months ago,"['Parking', 'Water Supply', 'Solar Water']",0,10.0,6.0,4.0,Low
"Flat For Rent In Jhamsikhel, Lalitpur","jhamsikhel(near British school), Jhamsikhel, Lalitpur",Lalitpur,35000,2,2,0.0,2,East,2074.0,158,6 Sq. Feet,10 Feet / Soil Stabilized,10 Feet , Soil Stabilized,4 Sq. Feet,2 months ago,"['Water Supply', 'Solar Water', 'Parking']",0,10.0,6.0,4.0,Low
"Land Sale In Lele : Land For Sale In Lele, Lalitpur","lele, Lele, Lalitpur",Lalitpur,700000,0,0,3.0,0,East,2074.0,240,0-4-1-2 Aana,0 Feet / Paved,0 Feet , Paved,N/A Aana,2 months ago,[],1,0.0,1497.34375,,Low
"Sanobharyang Home : House For Sale In Swayambhu, Kathmandu","na, Swayambhu, Kathmandu",Kathmandu,23500000,6,5,3.0,1,East,2076.0,200,3 Aana,13 Feet / Paved,13 Feet , Paved,N/A Aana,2 months ago,['Garage'],0,13.0,1026.75,,High
"Golfutar Bungalow For Sale : House For Sale In Golfutar, Kathmandu","NA, Golfutar, Kathmandu",Kathmandu,102500000,6,6,3.0,4,East,2076.0,155,19 Aana,13 Feet / Blacktopped,13 Feet , Blacktopped,N/A Aana,2 months ago,"['Garage', 'Lawn', 'Balcony', 'Fencing', 'Frontyard', 'Garden', 'Modular Kitchen', 'Washing Machine', 'Drainage', 'Water Supply', 'Solar Water', 'Water Tank', 'Kids Playground', 'Security Staff', 'Store Room']",0,13.0,6502.75,,Premium
"Harmony Residency : House For Sale In Bhaisepati, Lalitpur","Sainbu, Bhaisepati, Lalitpur",Lalitpur,28200000,4,4,2.0,1,North East,2020.0,3.1K,0-4-1-0 Aana,40 Feet / Blacktopped,40 Feet , Blacktopped,2067 Aana,2 months ago,"['Garage', 'Balcony', 'Fencing', 'TV Cable', 'Drainage', 'Water Tank', 'CCTV', 'Parking']",0,40.0,1454.5625,707430.75,Premium
"Newroad Office Space On Rent : Office Space For Rent In Newroad, Kathmandu","Newroad , Tebahal, Newroad, Kathmandu",Kathmandu,40000,0,1,7.0,0,West,2002.0,111,620 Sq. Feet,14 Feet / Blacktopped,14 Feet , Blacktopped,530 Sq. Feet,2 months ago,"['Water Supply', 'CCTV', 'Internet', 'Store Room']",0,14.0,620.0,530.0,Low
"House For Sale In Kadaghari, Kathmandu","Birendrachowk , kadaghari, Kadaghari, Kathmandu",Kathmandu,13000000,2,1,1.0,2,East,2014.0,256,3-2 Aana,10 Feet / Gravelled,10 Feet , Gravelled,N/A Aana,2 months ago,"['Drainage', 'Water Supply', 'Parking']",0,10.0,17112.5,,High
"Budhanilkantha 4 Ana Home : House For Sale In Budhanilkantha, Kathmandu","Na, Budhanilkantha, Kathmandu",Kathmandu,32500000,5,5,3.0,1,East,2076.0,126,4 Aana,13 Feet / Blacktopped,13 Feet , Blacktopped,N/A Aana,2 months ago,['Garage'],0,13.0,1369.0,,Premium
"House For Sale In Satungal, Kathmandu","Nearby APF Hospital, Satungal, Kathmandu",Kathmandu,26000000,11,9,3.0,1,North,2074.0,7.6K,0-5-0-0 Aana,13 Feet / Blacktopped,13 Feet , Blacktopped,3200 Sq. Feet,2 months ago,"['Balcony', 'Fencing', 'Modular Kitchen', 'TV Cable', 'Wifi', 'Drainage', 'Solar Water', 'Water Tank', 'Water Well', 'Internet', 'Parking', 'Store Room']",0,13.0,1711.25,3200.0,High
"Chapali Cheap Home : House For Sale In Chapali, Kathmandu","Na, Chapali, Kathmandu",Kathmandu,24000000,7,8,4.0,1,South East,2065.0,205,5 Aana,13 Feet / Gravelled,13 Feet , Gravelled,N/A Aana,2 months ago,['Parking'],0,13.0,1711.25,,High
"House For Sale In Dhapakhel, Lalitpur","Nearby Sumeru Hospital, Dhapakhel, Lalitpur",Lalitpur,17700000,3,4,2.5,1,West,2074.0,4.2K,0-2-2-0 Aana,12 Feet / Blacktopped,12 Feet , Blacktopped,N/A Aana,2 months ago,"['Balcony', 'Fencing', 'Modular Kitchen', 'TV Cable', 'Wifi', 'Drainage', 'Water Supply', 'Solar Water', 'Water Tank', 'Water Well', 'Internet', 'Parking', 'Store Room']",1,12.0,855.625,,High
"12.5 Anna Jagga On Sale At Lolang Height, Hariyali Samaaj : House For Sale In Balaju, Kathmandu","Lolang Height, Hariyali Samaaj, Balaju, Kathmandu",Kathmandu,2200000,1,1,1.0,2,East,2016.0,699,12.5 Aana,10 Feet / Gravelled,10 Feet , Gravelled,4 Aana,2 months ago,"['Garden', 'Water Supply', 'Parking']",0,10.0,4278.125,1369.0,Medium
"Pasikot Cheap Home 168 Only : House For Sale In Pasikot, Kathmandu","Man, Pasikot, Kathmandu",Kathmandu,16800000,5,5,3.0,1,North East,2074.0,870,3 Aana,14 Feet / Gravelled,14 Feet , Gravelled,N/A Aana,2 months ago,['Parking'],0,14.0,1026.75,,High
"Budhanilkantha 5.5 Ana Home : House For Sale In Budhanilkantha, Kathmandu","NA, Budhanilkantha, Kathmandu",Kathmandu,34000000,6,6,3.0,2,North East,2076.0,280,5.5 Aana,30 Feet / Blacktopped,30 Feet , Blacktopped,N/A Aana,2 months ago,"['Garage', 'Parking']",0,30.0,1882.375,,Premium
"Bhudhanilkantha House On Rent : House For Rent In Budhanilkantha, Kathmandu","Bhudha colony, Budhanilkantha, Kathmandu",Kathmandu,200000,5,4,3.0,2,East,2014.0,619,0-14-2 Aana,14 Feet / Blacktopped,14 Feet , Blacktopped,2850 Aana,2 months ago,"['Garage', 'Balcony', 'Garden', 'Modular Kitchen', 'TV Cable', 'Water Supply', 'Parking', 'CCTV', 'Solar Water', 'Water Tank', 'Wifi', 'Store Room']",0,14.0,4962.625,975412.5,Low
"Flat/Room Rent At Balaju ( Storage, Godaun/ Office Space) : Office Space For Rent In Balaju, Kathmandu","Main road, Balaju, Kathmandu",Kathmandu,25000,3,1,1.0,4,East,2074.0,697,550 Sq. Feet,20 Feet,20 Feet,Unknown,550 Sq. Feet,2 months ago,"['Balcony', 'Water Supply', 'Water Well', 'Solar Water', 'Parking', 'Store Room', 'Water Tank']",1,20.0,550.0,550.0,Low
"Flat For Rent At Dhunge Dhara Banasthali : Flat For Rent In Dhungedhara, Kathmandu","Dhunge Dhara, Banasthali, Dhungedhara, Kathmandu",Kathmandu,17000,2,1,4.0,0,South,2007.0,266,21 Aana,14 Feet / Gravelled,14 Feet , Gravelled,N/A Sq. Feet,2 months ago,"['Backyard', 'Balcony', 'Internet', 'Electricity Backup', 'Water Supply', 'Water Tank', 'Garden', 'Parking', 'Wifi', 'Water Well']",0,14.0,7187.25,,Low
"Chapali Bungalow 13 Ana : House For Sale In Chapali, Kathmandu","Na, Chapali, Kathmandu",Kathmandu,42500000,5,6,3.0,4,South East,2071.0,204,12 Aana,14 Feet / Gravelled,14 Feet , Gravelled,N/A Aana,2 months ago,"['Garage', 'Backyard', 'Balcony', 'Frontyard', 'Garden', 'Drainage', 'Solar Water', 'Water Supply', 'Water Tank', 'Store Room']",0,14.0,4107.0,,Premium
"Maharajganj 5 Ropani Bungalow : House For Rent In Maharajgunj, Kathmandu","Na, Maharajgunj, Kathmandu",Kathmandu,790000,6,7,3.0,10,East,2065.0,454,80 Aana,24 Feet / Blacktopped,24 Feet , Blacktopped,N/A Aana,2 months ago,"['Garage', 'Backyard', 'Lawn', 'Balcony', 'Frontyard', 'Fencing', 'Garden', 'Drainage', 'Solar Water', 'Water Supply', 'Water Well', 'Water Tank', 'Security Staff', 'Store Room']",0,24.0,27380.0,,Low
"Beautiful : House For Sale In Baluwatar, Kathmandu","Chandol, Baluwatar, Kathmandu",Kathmandu,41000000,7,3,2.5,1,North,2066.0,4.5K,0-5-0-0 Aana,10 Feet / Blacktopped,10 Feet , Blacktopped,N/A Aana,2 months ago,"['Balcony', 'Fencing', 'Modular Kitchen', 'TV Cable', 'Wifi', 'Drainage', 'Water Supply', 'Solar Water', 'Water Tank', 'Water Well', 'Internet', 'Parking', 'Store Room']",0,10.0,1711.25,,Premium
"Land For Sale In Kapan, Kathmandu","Chunikhel, alubari, Kapan, Kathmandu",Kathmandu,1300000,0,0,3.0,0,East,2074.0,716,7.2 Aana,0 Feet,0 Feet,Unknown,N/A Aana,2 months ago,[],1,0.0,2464.2000000000003,,Low
"House On Rent Or Sale At Matatirtha : House For Sale In Matatirtha, Kathmandu","Matatirtha near bus stop, Matatirtha, Kathmandu",Kathmandu,15000000,3,3,3.0,2,West,2074.0,879,8.2 Aana,4 Feet,4 Feet,Unknown,N/A Aana,2 months ago,['Garden'],1,4.0,2806.45,,High
"House For Sale In Bhaisepati, Lalitpur","Bhaisepati,sainbu,pragatinagar, Bhaisepati, Lalitpur",Lalitpur,37500000,8,6,4.0,1,North West,2007.0,689,0-7-1-0 Aana,12 Feet / Blacktopped,12 Feet , Blacktopped,0-3-0-0 Aana,2 months ago,"['Balcony', 'Garage', 'Backyard', 'Garden', 'Lawn', 'Microwave', 'Modular Kitchen', 'TV Cable', 'Washing Machine', 'Drainage', 'Wifi', 'Water Supply', 'Water Tank', 'Water Well', 'Parking', 'Internet', 'Store Room']",0,12.0,2481.3125,1026.75,Premium
"House For Sale In Tinthana, Kathmandu","Bishnu Devi Village Colony, Tinthana, Kathmandu",Kathmandu,16000000,5,3,2.5,1,East,2076.0,7.1K,0-3-0-0 Aana,13 Feet / Blacktopped,13 Feet , Blacktopped,2000 Sq. Feet,2 months ago,"['Balcony', 'Fencing', 'Microwave', 'Modular Kitchen', 'TV Cable', 'Wifi', 'Drainage', 'Water Supply', 'Solar Water', 'Water Tank', 'Water Well', 'Internet', 'Parking', 'Store Room']",0,13.0,1026.75,2000.0,High
"Flat For Rent At Jawalakhel : Apartment For Rent In Jawalakhel, Lalitpur","jawalakhel, Jawalakhel, Lalitpur",Lalitpur,55000,2,1,3.0,0,East,2074.0,276,5 Aana,0 Feet,0 Feet,Unknown,N/A Aana,2 months ago,[],1,0.0,1711.25,,Low
"Flat On Rent At Man Bhawan : House For Rent In Jawalakhel, Lalitpur","manbhawan, Jawalakhel, Lalitpur",Lalitpur,75000,4,3,3.0,2,East,2074.0,185,2 Ropani,0 Feet,0 Feet,Unknown,N/A Aana,2 months ago,[],1,0.0,10952.0,,Low
"House For Rent At Naxal : House For Rent In Naxal, Kathmandu","naxal, Naxal, Kathmandu",Kathmandu,500000,22,4,3.0,3,East,2074.0,175,10 Aana,0 Feet,0 Feet,Unknown,N/A Aana,3 months ago,[],1,0.0,3422.5,,Low
"Land For Sale : Land For Sale In Hetauda, Makwanpur","Sunwood Colony Hetauda, Hetauda, Makwanpur",Makwanpur,500000,0,0,3.0,0,South,2074.0,175,10 Dhur,6 Meter / Paved,6 Meter , Paved,N/A Aana,3 months ago,[],1,19.68504,1822.5,,Low
"Urgent House Sale : House For Sale In Kapan, Kathmandu","Kapan, Kapan, Kathmandu",Kathmandu,15000000,4,4,3.0,2,West,2014.0,789,3.2 Aana,0 Feet,0 Feet,Unknown,N/A Aana,3 months ago,['Garage'],0,0.0,1095.2,,High
"Flat System : House For Sale In Tikathali, Lalitpur","Imadol, Tikathali, Lalitpur",Lalitpur,21500000,6,4,2.5,3,West,2076.0,17.4K,0-4-0-0 Aana,20 Feet / Concrete,20 Feet , Concrete,N/A Aana,3 months ago,"['Balcony', 'Fencing', 'Frontyard', 'Modular Kitchen', 'TV Cable', 'Wifi', 'Drainage', 'Water Supply', 'Solar Water', 'Water Tank', 'Internet', 'Parking', 'Store Room']",0,20.0,1369.0,,High
"Land For Sale In Butwal, Butwal","Madan path, Butwal, Butwal",Butwal,450000,0,0,3.0,0,North East,2074.0,162,20*24 Haat,0 Feet,0 Feet,Unknown,N/A Aana,3 months ago,[],1,0.0,1080.0,,Low
"Affordable Home At Jorpati : House For Sale In Jorpati, Kathmandu","Beshigaun, Jorpati, Jorpati, Kathmandu",Kathmandu,23500000,0,0,3.0,0,North East,2050.0,573,3 Aana,0 Feet / Alley,0 Feet , Alley,N/A Aana,3 months ago,[],0,0.0,1026.75,,High
"Ravishing : House For Sale In Baluwatar, Kathmandu","opposite of Nepal Rastra Bank, Baluwatar, Kathmandu",Kathmandu,60000000,5,5,2.5,1,South,2074.0,4K,0-6-0-0 Aana,13 Feet / Blacktopped,13 Feet , Blacktopped,N/A Sq. Feet,3 months ago,"['Garden', 'Modular Kitchen', 'TV Cable', 'Wifi', 'Drainage', 'Water Supply', 'Solar Water', 'Water Tank', 'Water Well', 'Intercom', 'Internet', 'Parking', 'Store Room']",1,13.0,2053.5,,Premium
"Commercial : Land For Sale In Gaurighat, Kathmandu","Dibya party palace, Gaurighat, Kathmandu",Kathmandu,4200000,0,0,3.0,1,North,2074.0,1.7K,0-6-3-0 Aana,13 Feet / Blacktopped,13 Feet , Blacktopped,N/A Sq. Feet,3 months ago,"['Drainage', 'Water Well', 'Parking']",1,13.0,2310.1875,,Medium
"Commercial : Land For Sale In Gaurighat, Kathmandu","Nearby Dibya Complex, Gaurighat, Kathmandu",Kathmandu,4200000,0,0,3.0,1,South,2074.0,1.1K,0-9-0-0 Aana,13 Feet / Gravelled,13 Feet , Gravelled,N/A Sq. Feet,3 months ago,"['Drainage', 'Water Supply', 'Parking']",1,13.0,3080.25,,Medium
"Commercial : Land For Sale In Gaurighat, Kathmandu","nearby Bagmati Road, Gaurighat, Kathmandu",Kathmandu,4500000,0,0,3.0,0,South,2074.0,1.1K,0-5-1-3 Aana,20 Feet / Blacktopped,20 Feet , Blacktopped,N/A Sq. Feet,3 months ago,"['Drainage', 'Water Well', 'Parking']",1,20.0,1860.984375,,Medium
"Commercial : Land For Sale In Gaurighat, Kathmandu","Nearby Dibya Complex, Gaurighat, Kathmandu",Kathmandu,4200000,0,0,3.0,0,South,2074.0,1.2K,0-9-0-0 Aana,13 Feet / Blacktopped,13 Feet , Blacktopped,N/A Sq. Feet,3 months ago,['Parking'],1,13.0,3080.25,,Medium
"Commercial : Land For Sale In Gaurighat, Kathmandu","Bagmati road, Gaurighat, Kathmandu",Kathmandu,6000000,0,0,3.0,1,North,2074.0,1.9K,0-3-2-1 Aana,26 Feet / Blacktopped,26 Feet , Blacktopped,N/A Sq. Feet,3 months ago,['Parking'],1,26.0,1219.265625,,Medium
"Commercial : Land For Sale In Gaurighat, Kathmandu","Nearby Hilary School., Gaurighat, Kathmandu",Kathmandu,8000000,0,0,3.0,0,East,2074.0,1.4K,1-0-0-0 Ropani,11 Meter / Blacktopped,11 Meter , Blacktopped,N/A Sq. Feet,3 months ago,"['Drainage', 'Water Supply', 'Parking', 'Security Staff']",1,36.08924,5476.0,,Medium
"Boutique On Sale : Business For Sale In Kumaripati, Lalitpur","Kumaripati, Kumaripati, Lalitpur",Lalitpur,2300000,1,0,3.0,0,South,2074.0,476,650 Sq. Feet,20 Meter / Blacktopped,20 Meter , Blacktopped,350 Sq. Feet,3 months ago,"['Balcony', 'Water Tank']",1,65.6168,650.0,350.0,Medium
"Commercial : Land For Sale In Gaurighat, Kathmandu","Nearby Guheshwori Planning, Gaurighat, Kathmandu",Kathmandu,4200000,0,0,3.0,0,West,2074.0,1.3K,0-26-0-0 Aana,20 Feet / Blacktopped,20 Feet , Blacktopped,N/A Aana,3 months ago,"['Drainage', 'Water Well', 'Parking']",1,20.0,8898.5,,Medium
"Land Sale : Land For Sale In Birtamod Road, Itahari","Tarahara bhuwanipur, Birtamod Road, Itahari",Itahari,130000,0,0,3.0,0,East,2074.0,499,12.5 Dhur,20 Feet / Gravelled,20 Feet , Gravelled,N/A Aana,3 months ago,[],1,20.0,2278.125,,Low
"Uniform Showroom And Factory : Business For Sale In Samakhusi, Kathmandu","townplanning, Samakhusi, Kathmandu",Kathmandu,750000,0,0,3.0,0,East,2074.0,124,4 Aana,0 Feet,0 Feet,Unknown,N/A Aana,3 months ago,[],1,0.0,1369.0,,Low
"Karyabinayak Colony House For Sale : House For Sale In Bhaisepati, Lalitpur","bhaisepati, Bhaisepati, Lalitpur",Lalitpur,30000000,4,4,3.0,1,East,2074.0,236,3 Aana,0 Feet,0 Feet,Unknown,N/A Aana,3 months ago,"['Modular Kitchen', 'Swimming Pool', 'Solar Water', 'TV Cable', 'Garden', 'Balcony']",1,0.0,1026.75,,Premium
"Pasikot 21 Ana Home : House For Sale In Pasikot, Kathmandu","Na, Pasikot, Kathmandu",Kathmandu,81000000,6,6,3.0,6,East,2072.0,167,21 Aana,15 Feet / Gravelled,15 Feet , Gravelled,N/A Aana,3 months ago,"['Lawn', 'Garage', 'Backyard', 'Balcony', 'Fencing', 'Frontyard', 'Garden', 'Store Room', 'Kids Playground', 'Maintenance', 'Parking', 'Water Supply', 'Drainage', 'Solar Water', 'Water Tank']",0,15.0,7187.25,,Premium
"Pasikot 12 Ana Home : House For Sale In Pasikot, Kathmandu","Na, Pasikot, Kathmandu",Kathmandu,55000000,5,5,2.0,6,North,2069.0,179,12 Aana,22 Feet / Blacktopped,22 Feet , Blacktopped,N/A Aana,3 months ago,"['Garage', 'Lawn', 'Backyard', 'Fencing', 'Garden', 'Frontyard', 'Water Well', 'Water Tank', 'Solar Water', 'Drainage']",0,22.0,4107.0,,Premium
"House For Sale In Thankot, Kathmandu","Thankot, Thankot, Kathmandu",Kathmandu,13000000,6,2,3.0,1,West,2001.0,178,0-3-0-0 Aana,23 Feet / Blacktopped,23 Feet , Blacktopped,0-2-2-0 Aana,3 months ago,"['Electricity Backup', 'Water Supply', 'Water Tank', 'Water Well', 'Balcony']",0,23.0,1026.75,855.625,High
"BEAUTIFUL HOUSE FOR RENT IN RESIDENTIAL AREA! : House For Rent In Kupondole, Lalitpur","KUPONDOLE HEIGHTS ROAD, Kupondole, Lalitpur",Lalitpur,273258,4,0,4.0,1,East,2010.0,894,23 Aana,10 Feet / Paved,10 Feet , Paved,N/A Aana,3 months ago,"['Garage', 'Air Condition', 'Backyard', 'Balcony', 'Fencing', 'Frontyard', 'Garden', 'Microwave', 'Modular Kitchen', 'Water Tank', 'Parking', 'Solar Water', 'Water Supply']",0,10.0,7871.75,,Low
"House On Rent At Bafal : House For Sale In Bafal, Kathmandu","Bafal, Bafal, Kathmandu",Kathmandu,30000000,4,3,3.0,1,East,2074.0,509,3 Aana,0 Feet,0 Feet,Unknown,N/A Aana,3 months ago,[],1,0.0,1026.75,,Premium
"New House On Rent : Business For Rent In Soltimode, Kathmandu","Red Cross Marg, Soltimode, Soltimode, Kathmandu",Kathmandu,225000,0,3,2.0,2,West,2020.0,157,7 Aana,16 Feet / Blacktopped,16 Feet , Blacktopped,2100 Sq. Feet,3 months ago,"['Balcony', 'Backyard', 'Frontyard', 'Modular Kitchen', 'Drainage', 'Water Supply']",0,16.0,2395.75,2100.0,Low
"Land On Rent At Radhe Rahde : Land For Rent In Radhe Radhe, Bhaktapur","Radhe radhe, Radhe Radhe, Bhaktapur",Bhaktapur,375000,0,0,3.0,0,East,2074.0,106,3.9 Ropani,0 Feet,0 Feet,Unknown,N/A Aana,3 months ago,[],1,0.0,21356.399999999998,,Low
"House For Sale : House For Sale In Nagarjun, Kathmandu","Sitapaila, Nagarjun, Kathmandu",Kathmandu,17500000,5,4,3.0,1,North,2074.0,253,3.25 Aana,15 Feet,15 Feet,Unknown,1969.43 Sq. Feet,3 months ago,"['Backyard', 'Fencing', 'Frontyard', 'Modular Kitchen', 'TV Cable', 'Washing Machine', 'Wifi', 'Drainage', 'Parking', 'Water Tank', 'Internet', 'Solar Water', 'Electricity Backup', 'Water Supply', 'Cafeteria', 'CCTV']",1,15.0,1112.3125,1969.43,High
"4.5 Anna Land On Sale At Checkpost : Land For Sale In Chandragiri, Kathmandu","checkpost, Chandragiri, Kathmandu",Kathmandu,1450000,0,0,3.0,0,South East,2074.0,264,4.5 Aana,13 Feet,13 Feet,Unknown,N/A Aana,3 months ago,[],1,13.0,1540.125,,Medium
"Modern European Design : House For Sale In Naxal, Kathmandu","Nearby Bhatbhateni, Naxal, Kathmandu",Kathmandu,65000000,6,5,2.0,1,East,2074.0,1.9K,0-12-0-0 Aana,12 Feet / Blacktopped,12 Feet , Blacktopped,N/A Aana,3 months ago,"['Garage', 'Balcony', 'Fencing', 'Garden', 'Modular Kitchen', 'Wifi', 'Drainage', 'Water Supply', 'Solar Water', 'Water Tank', 'Water Well', 'Intercom', 'Internet', 'Kids Playground', 'Parking', 'Store Room']",1,12.0,4107.0,,Premium
"1.5 Storey House On Sale At Matairtha : House For Sale In Chandragiri, Kathmandu","matatirtha, Chandragiri, Kathmandu",Kathmandu,9500000,3,1,3.0,1,South,2076.0,713,3 Aana,13 Feet / Gravelled,13 Feet , Gravelled,2076 Aana,3 months ago,[],0,13.0,1026.75,710511.0,High
"House For Sale In Thapathali, Kathmandu","Nearby Norvic Hospital, Thapathali, Kathmandu",Kathmandu,9000000,6,3,3.0,1,East,2064.0,8.2K,0-6-1-2 Aana,10 Feet / Paved,10 Feet , Paved,3000 Sq. Feet,3 months ago,"['Fencing', 'Frontyard', 'Garden', 'TV Cable', 'Drainage', 'Solar Water', 'Water Well', 'Internet', 'Parking', 'Store Room']",0,10.0,2181.84375,3000.0,High
"Hattigauda Plotting : Land For Sale In Hattigauda, Kathmandu","Hattigauda, Hattigauda, Kathmandu",Kathmandu,2900000,0,0,3.0,0,East,2074.0,573,14 Aana,20 Feet / Gravelled,20 Feet , Gravelled,N/A Aana,3 months ago,[],1,20.0,4791.5,,Medium
"Dahal Niwas For Sale. : House For Sale In Gairigaun, Kathmandu","104, Panchashil Galli,, Gairigaun, Kathmandu",Kathmandu,80000000,16,10,4.0,2,South,2010.0,226,0-9-0-0 Aana,8 Feet / Paved,8 Feet , Paved,0-7-0-0 Aana,3 months ago,"['Air Condition', 'Balcony', 'Modular Kitchen', 'TV Cable', 'Wifi', 'Water Supply', 'Water Well', 'Water Tank', 'Parking', 'Intercom', 'Store Room', 'Drainage', 'Washing Machine', 'Microwave']",0,8.0,3080.25,2395.75,Premium
"House On Sale At Imadole : House For Sale In Imadol, Lalitpur","imadole, Imadol, Lalitpur",Lalitpur,20000000,3,3,3.0,1,East,2074.0,280,3 Aana,0 Feet,0 Feet,Unknown,N/A Aana,3 months ago,['Parking'],1,0.0,1026.75,,High
"Urgent Land Sale : Land For Sale In Dharan, Dharan","Dharan 20, Dharan, Dharan",Dharan,1600000,0,0,3.0,0,East,2074.0,216,7 Kattha,0 Meter / Gravelled,0 Meter , Gravelled,7 Kattha,3 months ago,[],1,0.0,25515.0,25515.0,Medium
"Bhaktapur Land Sale 24 Anna (NEGOTIABLE) : Land For Sale In Kharipati, Bhaktapur","Bageshwori, Kharipati, Bhaktapur",Bhaktapur,1500000,0,0,3.0,0,South,2074.0,164,1.5 Ropani,20 Feet / Gravelled,20 Feet , Gravelled,N/A Aana,3 months ago,[],1,20.0,8214.0,,Medium
"2 Room Available : Flat For Sale In Shrijana Chowk, Pokhara","Pokhara 8, Pratibha marga, Shrijana Chowk, Pokhara",Pokhara,11000,0,0,3.0,0,East,2073.0,206,0-7-0-0 Ropani,12 Feet / Blacktopped,12 Feet , Blacktopped,555 Sq. Feet,3 months ago,"['Balcony', 'Drainage']",0,12.0,2395.75,555.0,Low
"Comercial Co Residential : Land For Sale In Koteshwor, Kathmandu","Balkumari-8, Koteshwor, Kathmandu",Kathmandu,4100000,0,0,3.0,0,South East,2074.0,137,16 Aana,18 Feet / Blacktopped,18 Feet , Blacktopped,16 Aana,3 months ago,[],1,18.0,5476.0,5476.0,Medium
"Residential And Personal : House For Sale In Bafal, Kathmandu","Gandakbasti, Bafal, Kathmandu",Kathmandu,31000000,7,3,3.0,1,South,2014.0,187,0-4-0-0 Aana,10 Feet / Blacktopped,10 Feet , Blacktopped,0-4-0-0 Aana,3 months ago,"['Garage', 'Balcony', 'Modular Kitchen', 'TV Cable', 'Wifi', 'Drainage', 'Solar Water', 'Water Well', 'Water Tank', 'Parking', 'Electricity Backup', 'Internet']",0,10.0,1369.0,1369.0,Premium
"Space On Rent For Office And Restaurant ... Baneshwor Chowk : Business For Rent In Baneshwor, Kathmandu","naya baneshwor, Baneshwor, Kathmandu",Kathmandu,495000,0,0,3.0,0,East,2074.0,182,1100 Sq. Feet,0 Feet,0 Feet,Unknown,N/A Aana,3 months ago,"['Lift', 'Parking', 'CCTV']",1,0.0,1100.0,,Low
"House For Sale In Butwal, Butwal","Bu. Na. Pa. 11, rupandehi, Butwal, Butwal",Butwal,900000,0,2,2.0,4,East,2014.0,195,16 Dhur,50 Feet / Blacktopped,50 Feet , Blacktopped,1400 Sq. Feet,3 months ago,"['Lawn', 'Garage', 'Backyard', 'Balcony', 'Fencing', 'Garden', 'Frontyard', 'TV Cable', 'Wifi', 'Drainage', 'Water Supply', 'Parking', 'Internet', 'Kids Playground', 'Store Room']",0,50.0,2916.0,1400.0,Low
"Furnished Villa For Rent At Budhanilkantha : House For Rent In Budhanilkantha, Kathmandu","budhanilkantha, Budhanilkantha, Kathmandu",Kathmandu,200000,5,4,3.0,2,South,2074.0,248,12 Aana,0 Feet,0 Feet,Unknown,N/A Aana,3 months ago,"['Internet', 'Modular Kitchen', 'Solar Water', 'TV Cable', 'Garden', 'Water Tank', 'Wifi', 'Kids Playground', 'Balcony', 'Microwave', 'Drainage', 'CCTV']",1,0.0,4107.0,,Low
"Flat On Rent At Raniban : Flat For Rent In Nagarjun, Kathmandu","Raniban, Sungava Tole Gate 5, Nagarjun, Kathmandu",Kathmandu,15000,2,1,3.0,1,South East,2017.0,856,1200 Sq. Feet,12 Feet / Blacktopped,12 Feet , Blacktopped,N/A Aana,3 months ago,[],0,12.0,1200.0,,Low
"Semi Commercial Shared Office Space : Office Space For Rent In Buddhanagar, Kathmandu","buddhanagar, Buddhanagar, Kathmandu",Kathmandu,20000,0,1,1.0,1,South,2006.0,448,1-4-2-0 Aana,14 Feet / Paved,14 Feet , Paved,550 Sq. Feet,3 months ago,"['Garden', 'Wifi', 'Water Supply', 'Water Tank', 'Parking', 'Internet', 'Intercom']",0,14.0,7016.125,550.0,Low
"Prime Location House Is For Sale : House For Sale In Gwarko, Lalitpur","Imadol, Gwarko, Lalitpur",Lalitpur,17500000,3,3,3.0,1,North West,2016.0,1.6K,0-0-3 Aana,13 Feet / Blacktopped,13 Feet , Blacktopped,0-0-3 Aana,3 months ago,[],0,13.0,256.6875,256.6875,High
"Beautiful Designed House In Peaceful Area Is On Sale : House For Sale In Imadol, Lalitpur","Imadol, Imadol, Lalitpur",Lalitpur,19500000,5,3,3.0,1,North East,2074.0,1K,0-3-0-0 Aana,20 Feet,20 Feet,Unknown,1798 Sq. Feet,3 months ago,"['Modular Kitchen', 'Water Supply', 'Solar Water', 'TV Cable', 'Water Well', 'Water Tank', 'Internet', 'Wifi', 'Parking', 'Balcony', 'Drainage']",1,20.0,1026.75,1798.0,High
"House For Rent In Gatthaghar, Bhaktapur","Near Nagrik Hospital Gatthaghar, Gatthaghar, Bhaktapur",Bhaktapur,60000,5,0,0.0,6,North,2074.0,180,500 Sq. Feet,20 Feet / Blacktopped,20 Feet , Blacktopped,200 Sq. Feet,3 months ago,"['Balcony', 'Modular Kitchen', 'Wifi', 'Water Supply', 'Internet', 'Parking']",1,20.0,500.0,200.0,Low
"Office Space For Rent In Gatthaghar, Bhaktapur","Gatthaghar Nagrik Hospital, Gatthaghar, Bhaktapur",Bhaktapur,11000,0,0,0.0,5,North,2074.0,176,200 Sq. Feet,20 Feet / Soil Stabilized,20 Feet , Soil Stabilized,500 Sq. Feet,3 months ago,"['Parking', 'Internet', 'Wifi', 'Balcony', 'Drainage', 'Water Supply']",1,20.0,200.0,500.0,Low
"House For Rent At Chobhar Kathmandu : House For Rent In Chovar, Kathmandu","chobhar, Chovar, Kathmandu",Kathmandu,60000,3,4,2.0,2,East,2019.0,548,7 Aana,0 Feet,0 Feet,Unknown,N/A Aana,3 months ago,"['Modular Kitchen', 'Water Supply', 'Garden', 'Parking', 'Kids Playground', 'Balcony']",0,0.0,2395.75,,Low
"4 Ropani Land For Sale At Budhanilkantha : Land For Sale In Budhanilkantha, Kathmandu","Budhanilkantha, Budhanilkantha, Kathmandu",Kathmandu,3500000,0,0,3.0,0,East,2074.0,325,0-64-0-0 Aana,20 Feet / Blacktopped,20 Feet , Blacktopped,N/A Aana,3 months ago,[],1,20.0,21904.0,,Medium
"Fully Furnished Brand New Bungalow For Sale In Dhapasi, Kunwar Colony : House For Sale In Budhanilkantha, Kathmandu","Dhapasi, Kunwar Colony, Budhanilkantha, Kathmandu",Kathmandu,65000000,5,4,2.0,1,East,2076.0,459,0-8-0-0 Aana,20 Feet / Blacktopped,20 Feet , Blacktopped,N/A Aana,3 months ago,"['Lawn', 'Garage', 'Air Condition', 'Backyard', 'Balcony', 'Microwave', 'Garden', 'Frontyard', 'Fencing', 'Deck', 'Modular Kitchen', 'Washing Machine', 'Wifi', 'Drainage', 'CCTV', 'Parking', 'Water Tank', 'Water Well', 'Solar Water', 'Water Supply', 'Cafeteria', 'Electricity Backup', 'Intercom', 'Internet', 'Kids Playground']",0,20.0,2738.0,,Premium
"6 Bhk 20 Anna Bungalow For Sale At Budhanilkantha : House For Sale In Budhanilkantha, Kathmandu","6 Bhk 20 Anna Bungalow For Sale At Budhanilkantha, Budhanilkantha, Kathmandu",Kathmandu,150000000,6,6,2.0,4,East,2074.0,537,0-20-0-0 Aana,18 Feet / Blacktopped,18 Feet , Blacktopped,N/A Aana,3 months ago,"['Lawn', 'Garage', 'Air Condition', 'Backyard', 'Balcony', 'Garden', 'Frontyard', 'Fencing', 'Deck', 'Modular Kitchen', 'Wifi', 'Drainage', 'Parking', 'Water Tank', 'Water Well', 'Solar Water', 'Cafeteria', 'Electricity Backup', 'Internet', 'Kids Playground']",1,18.0,6845.0,,Premium
"10 Anna Land For Sale At Budhanilkantha In Great Residential Community : Land For Sale In Budhanilkantha, Kathmandu","Budhanilkantha In Great Residential Community, Budhanilkantha, Kathmandu",Kathmandu,3500000,0,0,3.0,0,East,2074.0,258,0-10-0-0 Aana,16 Feet / Blacktopped,16 Feet , Blacktopped,N/A Aana,3 months ago,[],1,16.0,3422.5,,Medium
"6 Ropani Exceptionally Beautiful Bungalow For Sale At Budhanilkantha : House For Sale In Budhanilkantha, Kathmandu","Budhanilkantha, Budhanilkantha, Kathmandu",Kathmandu,250000000,5,7,2.0,20,East,2074.0,848,0-96-0-0 Aana,18 Feet / Blacktopped,18 Feet , Blacktopped,N/A Aana,3 months ago,"['Lawn', 'Garage', 'Air Condition', 'Backyard', 'Balcony', 'Microwave', 'Gym', 'Garden', 'Frontyard', 'Fencing', 'Deck', 'Modular Kitchen', 'Swimming Pool', 'TV Cable', 'Washing Machine', 'Wifi', 'Drainage', 'CCTV', 'Parking', 'Water Tank', 'Water Well', 'Solar Water', 'Water Supply', 'Cafeteria', 'Electricity Backup', 'Intercom', 'Internet', 'Kids Playground', 'Jacuzzi']",1,18.0,32856.0,,Premium
"South Face Perfect Piece Of 8 Anna Land For Sale At Budhanilkantha : Land For Sale In Budhanilkantha, Kathmandu","Budhanilkantha, Budhanilkantha, Kathmandu",Kathmandu,3500000,0,0,3.0,0,South,2074.0,178,0-8-0-0 Aana,15 Feet / Blacktopped,15 Feet , Blacktopped,N/A Aana,3 months ago,[],1,15.0,2738.0,,Medium
"6 Anna New House For Sale At Pasikot, 400 Meters From Main Highway : House For Sale In Budhanilkantha, Kathmandu","Pasikot, 400 Meters From Main Highway, Budhanilkantha, Kathmandu",Kathmandu,37000000,6,6,3.0,2,East,2075.0,259,0-6-0-0 Aana,16 Feet / Blacktopped,16 Feet , Blacktopped,N/A Aana,3 months ago,"['Lawn', 'Garage', 'Air Condition', 'Backyard', 'Balcony', 'Microwave', 'Garden', 'Frontyard', 'Fencing', 'Deck', 'Modular Kitchen', 'TV Cable', 'Washing Machine', 'Wifi', 'Drainage', 'Parking', 'Water Tank', 'Water Well', 'Solar Water', 'Water Supply', 'Electricity Backup', 'Intercom', 'Internet', 'Kids Playground']",0,16.0,2053.5,,Premium
"Brand New Beautiful House For Sale At Sundarbasti, Bhangal. : House For Sale In Budhanilkantha, Kathmandu","Sundarbasti, Bhangal, Budhanilkantha, Kathmandu",Kathmandu,19000000,4,3,2.0,1,East,2076.0,347,0-3-0-0 Aana,15 Feet / Blacktopped,15 Feet , Blacktopped,N/A Aana,3 months ago,"['Lawn', 'Backyard', 'Balcony', 'Garden', 'Frontyard', 'Fencing', 'Deck', 'Modular Kitchen', 'Wifi', 'Drainage', 'Washing Machine', 'Water Supply', 'Water Well', 'Water Tank', 'Parking', 'Internet']",0,15.0,1026.75,,High
"12 Anna House Opposite Rastra Bank At Baluwatar, Beside Subisu Office : House For Sale In Baluwatar, Kathmandu","Opposite Rastra Bank At Baluwatar, Beside Subisu Office, BLOCK 1, Baluwatar, Kathmandu",Kathmandu,105000000,6,5,3.0,3,East,2074.0,309,0-12-0-0 Aana,16 Feet / Blacktopped,16 Feet , Blacktopped,N/A Aana,3 months ago,"['Lawn', 'Garage', 'Air Condition', 'Backyard', 'Balcony', 'Microwave', 'Garden', 'Frontyard', 'Fencing', 'Deck', 'Modular Kitchen', 'TV Cable', 'Washing Machine', 'Wifi', 'Drainage', 'Parking', 'Water Tank', 'Water Well', 'Solar Water', 'Water Supply', 'Intercom', 'Internet', 'Kids Playground']",1,16.0,4107.0,,Premium
"10 Anna Land For Sale Beside Sher Bahadur Deuba House, Budhanilkantha : Land For Sale In Budhanilkantha, Kathmandu","Land For Sale Beside Sher Bahadur Deuba House, Budhanilkantha., Budhanilkantha, Kathmandu",Kathmandu,4500000,0,0,3.0,0,East,2074.0,174,0-10-0-0 Aana,25 Feet / Blacktopped,25 Feet , Blacktopped,N/A Aana,3 months ago,[],1,25.0,3422.5,,Medium
"6 Anna Purba Mohada Land For Sale At Deuba Chowk, 150 Mtr From Highway : Land For Sale In Budhanilkantha, Kathmandu","Deuba Chowk, 150 Mtr From Highway, Budhanilkantha, Kathmandu",Kathmandu,3400000,0,0,3.0,0,East,2074.0,93,0-6-0-0 Aana,16 Feet / Blacktopped,16 Feet , Blacktopped,N/A Aana,3 months ago,[],1,16.0,2053.5,,Medium
"House On Rent : House For Rent In Bakhundol, Lalitpur","bakhundole sanepa, Bakhundol, Lalitpur",Lalitpur,280000,5,5,3.0,3,North,2019.0,257,0-11-0 Aana,0 Feet,0 Feet,Unknown,0-3-0 Aana,3 months ago,"['Backyard', 'Lawn', 'Balcony']",0,0.0,3764.75,1026.75,Low
"Dhapasi Bungalow : House For Sale In Dhapasi, Kathmandu","Na, Dhapasi, Kathmandu",Kathmandu,65000000,5,6,3.0,3,South East,2076.0,197,8 Aana,22 Feet / Blacktopped,22 Feet , Blacktopped,4.5 Aana,3 months ago,"['Garage', 'Lawn', 'Balcony', 'Water Supply', 'Solar Water', 'Drainage', 'Water Tank', 'Maintenance', 'Security Staff', 'Store Room']",0,22.0,2738.0,1540.125,Premium
"Flat For Rent : Flat For Rent In Kusunti, Lalitpur","Smritinagar, Kusunti, Lalitpur",Lalitpur,25000,2,2,1.0,1,East,2074.0,294,1000 Sq. Feet,0 Feet,0 Feet,Unknown,N/A Aana,3 months ago,"['Parking', 'Water Well', 'Water Supply', 'Backyard', 'Garden', 'Drainage', 'Water Tank']",1,0.0,1000.0,,Low
"House For Sale In Imadol, Lalitpur","Bhandhari marga., Imadol, Lalitpur",Lalitpur,19500000,5,3,2.5,1,West,2076.0,1.4K,0-3-1-0 Aana,20 Feet / Blacktopped,20 Feet , Blacktopped,2000 Aana,3 months ago,"['Balcony', 'Fencing', 'Modular Kitchen', 'TV Cable', 'Wifi', 'Drainage', 'Water Supply', 'Solar Water', 'Water Tank', 'Water Well', 'Parking', 'Store Room']",0,20.0,1112.3125,684500.0,High
"Hotel On Rent At Thamel , Kathmandu : Business For Rent In Thamel, Kathmandu","thamel, Thamel, Kathmandu",Kathmandu,1800000,43,20,3.0,0,East,2074.0,537,2 Ropani,0 Feet,0 Feet,Unknown,N/A Aana,3 months ago,[],1,0.0,10952.0,,Medium
"Brand New House For Sale (2 Crore 45 Lakhs) Negotiable. : House For Sale In Sitapaila, Kathmandu","Nagarjun, Aadeswor, Sitapaila, Kathmandu",Kathmandu,24000000,8,5,3.0,1,West,2019.0,699,0-4-0-0 Aana,14 Feet / Paved,14 Feet , Paved,0-4-0-0 Aana,3 months ago,"['Jacuzzi', 'Balcony', 'Drainage', 'Water Supply', 'Water Tank', 'Modular Kitchen']",0,14.0,1369.0,1369.0,High
"Flat In Rent Just Near Nepal Polytechnic College Vhojad : Flat For Rent In Bharatpur, Chitwan","Bharatpur11,vhojad, Bharatpur, Chitwan",Chitwan,13000,2,2,3.0,1,West,2019.0,232,10 Dhur,19 Meter / Alley,19 Meter , Alley,N/A Aana,3 months ago,[],0,62.33596,1822.5,,Low
"House On Rent At Rose Villa , Siddhartha Colony : House For Rent In Budhanilkantha, Kathmandu","rudhreswor, Budhanilkantha, Kathmandu",Kathmandu,200000,4,4,3.0,2,East,2074.0,308,5 Aana,0 Feet,0 Feet,Unknown,N/A Aana,3 months ago,"['Modular Kitchen', 'Water Supply', 'Garden', 'Balcony', 'Parking', 'CCTV']",1,0.0,1711.25,,Low
"Brand New House For Rent : House For Rent In Bhangal, Kathmandu","Sundarbasti Bhangal, Bhangal, Kathmandu",Kathmandu,95000,4,2,2.0,1,East,2019.0,240,6.5 Aana,12 Feet / Gravelled,12 Feet , Gravelled,6.5 Aana,3 months ago,"['Balcony', 'Fencing', 'Modular Kitchen', 'Parking', 'Solar Water', 'Garden', 'Wifi', 'Water Well', 'Water Tank', 'Electricity Backup', 'TV Cable']",0,12.0,2224.625,2224.625,Low
"Land On Rent At Bhaktapur : Land For Rent In Bhaktapur, Bhaktapur","thimi, Bhaktapur, Bhaktapur",Bhaktapur,600000,0,0,3.0,0,East,2074.0,189,5 Ropani,0 Feet,0 Feet,Unknown,N/A Aana,3 months ago,[],1,0.0,27380.0,,Low
"LAND For Sale At Bharatpur-19 (20 Lakhs Per Kattha) : Land For Sale In Bharatpur, Chitwan","Bharatpur 19, Bharatpur, Chitwan",Chitwan,2000000,0,0,3.0,0,East,2074.0,536,17.5 Kattha,20 Feet / Gravelled,20 Feet , Gravelled,N/A Aana,3 months ago,[],1,20.0,63787.5,,Medium
"Rose Village Bakot House Sale : House For Sale In Madhyapur Thimi, Bhaktapur","Rose Village Balkot, Madhyapur Thimi, Bhaktapur",Bhaktapur,35000000,3,4,3.0,3,East,2072.0,978,0-4-3-0 Aana,30 Feet / Blacktopped,30 Feet , Blacktopped,2500 Sq. Feet,3 months ago,"['Lawn', 'Garage', 'Balcony', 'Fencing']",0,30.0,1625.6875,2500.0,Premium
"House On Rent At Naya Bazar : House For Rent In Khusibu, Kathmandu","naya bazar, Khusibu, Kathmandu",Kathmandu,250000,17,19,3.0,4,East,2074.0,226,6 Aana,0 Feet,0 Feet,Unknown,N/A Aana,3 months ago,"['Modular Kitchen', 'Water Supply', 'CCTV', 'Balcony']",1,0.0,2053.5,,Low
"Civil Home Khumaltar House On Rent : House For Rent In Dhapakhel, Lalitpur","khumaltar, Dhapakhel, Lalitpur",Lalitpur,60000,4,3,3.0,2,East,2074.0,342,3 Aana,0 Feet,0 Feet,Unknown,N/A Aana,3 months ago,"['Modular Kitchen', 'Water Supply', 'Solar Water', 'Swimming Pool', 'Internet', 'TV Cable', 'Garden', 'Kids Playground', 'Gym', 'Wifi', 'CCTV', 'Balcony', 'Cafeteria']",1,0.0,1026.75,,Low
"Newly Constructed House : House For Sale In Tikathali, Lalitpur","changathali, Tikathali, Lalitpur",Lalitpur,20000000,5,2,4.0,1,East,2076.0,988,0-4-0-0 Sq. Feet,15 Feet / Gravelled,15 Feet , Gravelled,0-4-0-0 Sq. Feet,3 months ago,"['Water Tank', 'Frontyard', 'Parking', 'Frontyard']",0,15.0,1369.0,1369.0,High
"House For Sale In Imadol, Lalitpur","Ochu Height, Imadol, Lalitpur",Lalitpur,23500000,6,4,3.0,1,West,2072.0,7.5K,0-4-0-0 Aana,13 Feet / Gravelled,13 Feet , Gravelled,N/A Aana,3 months ago,"['Balcony', 'Fencing', 'Garden', 'Modular Kitchen', 'TV Cable', 'Wifi', 'Drainage', 'Water Supply', 'Solar Water', 'Water Well', 'Internet', 'Parking', 'Store Room']",0,13.0,1369.0,,High
"House For Sale In Jorpati, Kathmandu","104 Continental Homes, Narayantar, Jorpati-6, Jorpati, Kathmandu",Kathmandu,24000000,4,4,2.0,1,South,2010.0,609,0-3-3-3 Aana,18 Feet / Blacktopped,18 Feet , Blacktopped,1704 Sq. Feet,3 months ago,"['Balcony', 'Backyard', 'Garden', 'Water Tank', 'Parking', 'Security Staff', 'Store Room']",0,18.0,1347.609375,1704.0,High
"Premium Land For Sale In Pokhara : Land For Sale In Pokhara, Pokhara","Habeli Marg, Chinnedanda, Pokhara, Kaski, Pokhara, Pokhara",Pokhara,700000,0,0,3.0,0,West,2074.0,783,22*40 Haat,18 Feet / Soil Stabilized,18 Feet , Soil Stabilized,0-5-0-0 Aana,3 months ago,[],1,18.0,1980.0,1711.25,Low
"Luxurious And Spacious 4 Bhk Flat In A Posh Location At Sanepa : Flat For Rent In Sanepa, Lalitpur","Status Enclave Apartments, Sanepa, Sanepa, Lalitpur",Lalitpur,80000,4,3,3.0,1,East,2074.0,742,1833 Sq. Feet,0 Feet,0 Feet,Unknown,N/A Aana,3 months ago,"['Lawn', 'Balcony', 'Garden', 'Gym', 'Water Supply', 'Electricity Backup', 'Lift']",1,0.0,1833.0,,Low
"Flat For Rent : Flat For Rent In Thankot, Kathmandu","Chandagiri, Thankot, Kathmandu",Kathmandu,16000,2,1,3.0,0,South,2009.0,697,6 Aana,7 Feet / Gravelled,7 Feet , Gravelled,2200 Aana,3 months ago,"['Backyard', 'Frontyard', 'Balcony', 'Water Well', 'Water Supply', 'Kids Playground']",0,7.0,2053.5,752950.0,Low
"Modern, Earthquake-Resistant House For Sale : House For Sale In Tikathali, Lalitpur","Mahalaxmi, Tikathali, Lalitpur",Lalitpur,40000000,4,4,3.0,2,South,2006.0,1.4K,0-9-1-2 Aana,150 Meter / Paved,150 Meter , Paved,N/A Sq. Feet,3 months ago,"['Garage', 'Balcony', 'Microwave', 'Garden', 'Fencing', 'Modular Kitchen', 'Drainage', 'Water Tank', 'Water Well', 'Solar Water', 'Electricity Backup', 'Wifi']",0,492.126,3208.59375,,Premium
"Flat For Rent : Flat For Rent In Thaiba, Lalitpur","NB Colony , Thaiba, Thaiba, Lalitpur",Lalitpur,18000,1,1,3.0,1,South West,2002.0,368,17 Aana,20 Feet / Blacktopped,20 Feet , Blacktopped,800 Sq. Feet,3 months ago,"['Lawn', 'Garden']",0,20.0,5818.25,800.0,Low
"Personal : Land For Sale In Kapan, Kathmandu","Budhanilkantha Municipality-11, Paiyutar, Kapan, Kathmandu",Kathmandu,3000000,0,0,3.0,0,South,2074.0,237,12.02 Aana,21 Feet,21 Feet,Unknown,N/A Aana,3 months ago,[],1,21.0,4113.845,,Medium
"First Floor Flat At Bhaisepati : Flat For Rent In Bhaisepati, Lalitpur","karyabinayak party place, Bhaisepati, Lalitpur",Lalitpur,25000,2,2,3.0,1,East,2074.0,653,14 Aana,0 Feet,0 Feet,Unknown,N/A Aana,3 months ago,[],1,0.0,4791.5,,Low
"Beautiful 4BHK Bungalow : House For Sale In Balkot, Bhaktapur","Rose Village, Balkot, Bhaktapur",Bhaktapur,39999999,4,3,3.0,2,South,2071.0,20.6K,0-5-0-2 Aana,28 Feet / Blacktopped,28 Feet , Blacktopped,2390.65 Aana,3 months ago,"['Lawn', 'Garage', 'Backyard', 'Balcony', 'Fencing', 'Frontyard', 'Garden', 'Gym', 'Microwave', 'Modular Kitchen', 'Swimming Pool', 'TV Cable', 'Wifi', 'Drainage', 'Water Supply', 'Solar Water', 'Water Tank', 'Water Well', 'CCTV', 'Cafeteria', 'Electricity Backup', 'Intercom', 'Internet', 'Kids Playground', 'Maintenance', 'Parking', 'Security Staff', 'Store Room']",0,28.0,1754.03125,818199.9625,Premium
"Land For Sale In Gokarneshwor, Kathmandu","Gokarna, Ward No:02, Gokarneshwor, Kathmandu",Kathmandu,2000000,0,0,3.0,0,West,2074.0,682,0-10-0-0/317.90 Aana,14 Feet / Paved,14 Feet , Paved,N/A Aana,3 months ago,[],1,14.0,108801.275,,Medium
"Vinayak Colony House On Rent : House For Rent In Bhaisepati, Lalitpur","vinayak colony, Bhaisepati, Lalitpur",Lalitpur,60000,2,2,3.0,1,East,2074.0,757,5 Aana,0 Feet,0 Feet,Unknown,N/A Aana,3 months ago,"['Balcony', 'Garden', 'Modular Kitchen', 'Water Supply', 'Solar Water', 'Kids Playground']",1,0.0,1711.25,,Low
"House For Rent At Comfort Housing Sitapaila : House For Rent In Sitapaila, Kathmandu","sitapaila, Sitapaila, Kathmandu",Kathmandu,65000,3,3,3.0,2,East,2074.0,211,6 Aana,0 Feet,0 Feet,Unknown,N/A Aana,3 months ago,"['Balcony', 'Gym', 'Garden', 'Swimming Pool', 'Water Tank', 'Water Supply', 'Maintenance']",1,0.0,2053.5,,Low
"House For Sale In Shantinagar, Kathmandu","New Baneshwor, Shantinagar, Kathmandu",Kathmandu,43500000,7,3,3.0,1,West,2074.0,1.9K,0-7-3-0 Aana,13 Feet / Blacktopped,13 Feet , Blacktopped,N/A Aana,3 months ago,"['Fencing', 'Garden', 'TV Cable', 'Wifi', 'Drainage', 'Water Supply', 'Water Tank', 'Water Well', 'Internet', 'Parking']",1,13.0,2652.4375,,Premium
"One Room At Dhobighat : Flat For Rent In Dhobighat, Lalitpur","dhobighat, Dhobighat, Lalitpur",Lalitpur,10000,1,1,3.0,0,East,2074.0,362,3 Aana,0 Feet,0 Feet,Unknown,N/A Aana,3 months ago,[],1,0.0,1026.75,,Low
"Flat At Sanepa : Flat For Rent In Sanepa, Lalitpur","sanepa, Sanepa, Lalitpur",Lalitpur,25000,4,2,3.0,1,East,2074.0,390,3 Aana,0 Feet,0 Feet,Unknown,N/A Aana,3 months ago,[],1,0.0,1026.75,,Low
"First Floor Flat At Dhobighat : Flat For Rent In Dhobighat, Lalitpur","dhobighat, Dhobighat, Lalitpur",Lalitpur,20000,1,1,3.0,0,East,2074.0,234,3 Aana,0 Feet,0 Feet,Unknown,N/A Aana,3 months ago,[],1,0.0,1026.75,,Low
"Full Furnished House On Rent Karyabinayak Colony : House For Rent In Karyabinayak, Lalitpur","bhaisepati, Karyabinayak, Lalitpur",Lalitpur,100000,4,4,3.0,1,East,2074.0,185,4 Aana,0 Feet,0 Feet,Unknown,N/A Aana,3 months ago,"['Balcony', 'Modular Kitchen', 'Water Supply', 'Solar Water', 'Garden']",1,0.0,1369.0,,Low
"House : House For Rent In Bakhundol, Lalitpur","bakhundol, Bakhundol, Lalitpur",Lalitpur,270000,5,4,2.0,12,South,2045.0,886,2 Ropani,13 Feet / Blacktopped,13 Feet , Blacktopped,3000 Sq. Feet,3 months ago,"['Frontyard', 'Parking', 'Water Well', 'Balcony', 'Solar Water', 'Garage', 'Backyard', 'Lawn', 'Kids Playground', 'Store Room', 'Water Tank', 'Security Staff']",0,13.0,10952.0,3000.0,Low
"Land : Land For Sale In Damak, Jhapa","krishnamandir, Damak, Jhapa",Jhapa,430000,0,0,0.0,0,South,2074.0,583,4920 Sq. Feet,32 Feet / Blacktopped,32 Feet , Blacktopped,N/A Sq. Feet,3 months ago,[],1,32.0,4920.0,,Low
"LAND : Land For Sale In Dharan, Dharan","DHARAN PATNALI, Dharan, Dharan",Dharan,2000000,0,0,3.0,0,East,2074.0,205,18 Dhur,12 Feet / Paved,12 Feet , Paved,N/A Aana,3 months ago,[],1,12.0,3280.5,,Medium
"Cheap Land : Land For Sale In Balkot, Bhaktapur","sirutar, Balkot, Bhaktapur",Bhaktapur,1100000,0,0,3.0,0,East,2074.0,910,7-0-0-0 Ropani,0 Feet,0 Feet,Unknown,N/A Aana,3 months ago,[],1,0.0,38332.0,,Low
"Buddhanilkantha 10 Ana : Land For Sale In Budhanilkantha, Kathmandu","Na, Budhanilkantha, Kathmandu",Kathmandu,3500000,0,0,3.0,0,North East,2074.0,678,10 Aana,15 Feet / Blacktopped,15 Feet , Blacktopped,N/A Aana,3 months ago,[],1,15.0,3422.5,,Medium
"Flat Rent : Flat For Rent In Basundhara, Kathmandu","Kanti Marg, Basundhara, Basundhara, Kathmandu",Kathmandu,20000,2,1,3.0,1,West,2012.0,573,6 Aana,10 Feet / Gravelled,10 Feet , Gravelled,N/A Aana,3 months ago,"['Backyard', 'Garden', 'Water Supply', 'Internet', 'Kids Playground']",0,10.0,2053.5,,Low
"Land For Sale : Land For Sale In Imadol, Lalitpur","Sitapakha, Imadol, Lalitpur",Lalitpur,2700000,0,0,3.0,0,South East,2074.0,490,8 Aana,14 Feet / Gravelled,14 Feet , Gravelled,N/A Aana,3 months ago,[],1,14.0,2738.0,,Medium
"Full Furnished House On Rent At Bhaisepati : House For Rent In Bhaisepati, Lalitpur","bhaisepati, Bhaisepati, Lalitpur",Lalitpur,150000,4,4,3.0,1,East,2074.0,440,4.5 Aana,0 Feet,0 Feet,Unknown,N/A Aana,3 months ago,"['Jacuzzi', 'Balcony', 'Garden', 'Microwave', 'Modular Kitchen', 'TV Cable', 'Water Supply', 'Solar Water']",1,0.0,1540.125,,Low
"Space On Rent For Office And Restaurant ... Baneshwor Chowk : Office Space For Rent In Baneshwor, Kathmandu","naya baneshwor, Baneshwor, Kathmandu",Kathmandu,450,0,0,3.0,0,East,2074.0,477,2200 Sq. Feet,0 Feet,0 Feet,Unknown,N/A Aana,3 months ago,['Lift'],1,0.0,2200.0,,Low
"Full Furnished House For Rent At Civil Homes Sunakothi Phase III : House For Rent In Civil Homes, Lalitpur","sunakothi, Civil Homes, Lalitpur",Lalitpur,60000,2,2,3.0,1,East,2074.0,489,5 Aana,0 Feet,0 Feet,Unknown,N/A Aana,3 months ago,"['Balcony', 'Gym', 'Microwave', 'Garden', 'Modular Kitchen', 'Swimming Pool', 'Water Supply']",1,0.0,1711.25,,Low
"Brand New Modern House For Sale At Basundhara Chowk, Inside Ring Road. : House For Sale In Basundhara, Kathmandu","Basundhara Chowk, Inside Ring Road, Basundhara, Kathmandu",Kathmandu,22500000,4,3,2.0,1,East,2076.0,1.1K,0-2.5-0-0 Aana,16 Feet / Blacktopped,16 Feet , Blacktopped,N/A Aana,3 months ago,"['Lawn', 'Air Condition', 'Garage', 'Balcony', 'Fencing', 'Garden', 'Frontyard', 'Microwave', 'Drainage', 'Wifi', 'Washing Machine', 'Modular Kitchen', 'Water Supply', 'Water Well', 'Water Tank', 'Kids Playground', 'Internet']",0,16.0,855.625,,High
"Exclusive Semi Bungalow For Sale At Golfutar Chowk 30 Mtr From Highway : House For Sale In Golfutar, Kathmandu","Golfutar Chowk, 30 Meter From Highway, Golfutar, Kathmandu",Kathmandu,45000000,0,4,3.0,2,East,2074.0,589,0-6-0-0 Aana,20 Feet / Blacktopped,20 Feet , Blacktopped,N/A Aana,3 months ago,"['Lawn', 'Garage', 'Air Condition', 'Backyard', 'Balcony', 'Microwave', 'Garden', 'Frontyard', 'Fencing', 'Deck', 'Modular Kitchen', 'TV Cable', 'Washing Machine', 'Wifi', 'Drainage', 'Water Tank', 'Water Well', 'Water Supply', 'Internet', 'Kids Playground']",1,20.0,2053.5,,Premium
"Townplanning 13 Ana Bungalow : House For Sale In Samakhusi, Kathmandu","Na, Samakhusi, Kathmandu",Kathmandu,85000000,5,6,3.0,4,East,2069.0,259,13 Aana,20 Feet / Blacktopped,20 Feet , Blacktopped,N/A Aana,3 months ago,['Parking'],0,20.0,4449.25,,Premium
"Siddarth Colony Under Construction Home : House For Sale In Budhanilkantha, Kathmandu","Na, Budhanilkantha, Kathmandu",Kathmandu,160000000,6,6,3.0,5,East,2076.0,292,21 Aana,20 Feet / Blacktopped,20 Feet , Blacktopped,N/A Aana,3 months ago,['Parking'],0,20.0,7187.25,,Premium
"Baluwatar 2 Ropani Land : Land For Sale In Baluwatar, Kathmandu","Na, Baluwatar, Kathmandu",Kathmandu,7500000,0,0,3.0,0,East,2074.0,362,2-0-0-0 Aana,15 Feet / Blacktopped,15 Feet , Blacktopped,N/A Aana,3 months ago,[],1,15.0,10952.0,,Medium
"Samakhusi 11 Ana Flat Home : House For Sale In Samakhusi, Kathmandu","Na, Samakhusi, Kathmandu",Kathmandu,61000000,12,8,4.0,4,East,2069.0,199,11 Aana,13 Feet / Blacktopped,13 Feet , Blacktopped,N/A Aana,3 months ago,"['Parking', 'Drainage', 'Solar Water', 'Water Tank']",0,13.0,3764.75,,Premium
"Golfutar Home : House For Sale In Golfutar, Kathmandu","Na, Golfutar, Kathmandu",Kathmandu,45000000,6,6,3.0,2,East,2075.0,210,6 Aana,15 Feet / Blacktopped,15 Feet , Blacktopped,N/A Aana,3 months ago,"['Garage', 'Parking', 'Drainage', 'Solar Water', 'Water Tank', 'Water Supply']",0,15.0,2053.5,,Premium
"Mitrapark Bungalow : House For Sale In Chabahil, Kathmandu","Na, Chabahil, Kathmandu",Kathmandu,49500000,5,5,3.0,2,East,2073.0,284,4.5 Aana,14 Feet / Blacktopped,14 Feet , Blacktopped,N/A Aana,3 months ago,['Garage'],0,14.0,1540.125,,Premium
"Dhaneswor House For Sale : House For Sale In Baniyatar, Kathmandu","Na, Baniyatar, Kathmandu",Kathmandu,24000000,6,6,3.0,1,North East,2076.0,153,3.5 Aana,15 Feet / Blacktopped,15 Feet , Blacktopped,N/A Aana,3 months ago,['Garage'],0,15.0,1197.875,,High
"Basundhara Home : House For Sale In Basundhara, Kathmandu","Na, Basundhara, Kathmandu",Kathmandu,60000000,7,7,3.0,4,South,2066.0,265,10 ana Aana,15 Feet / Blacktopped,15 Feet , Blacktopped,N/A Aana,3 months ago,"['Garage', 'Parking']",0,15.0,3422.5,,Premium
"Basundhara Beautiful Home : House For Sale In Basundhara, Kathmandu","Na, Basundhara, Kathmandu",Kathmandu,22500000,5,5,3.0,1,East,2075.0,237,2.5 Aana,14 Feet / Paved,14 Feet , Paved,N/A Aana,3 months ago,['Garage'],0,14.0,855.625,,High
"South Facing Bungalow For Sale At Dhapasi Height With Great View In 22 Feet Road : House For Sale In Dhapasi, Kathmandu","Dhapasi Height, 700 meter out from ring road., Dhapasi, Kathmandu",Kathmandu,69000000,5,5,3.0,0,South,2074.0,97,0-12-0-0 Aana,22 Feet / Blacktopped,22 Feet , Blacktopped,N/A Aana,3 months ago,"['Lawn', 'Garage', 'Air Condition', 'Backyard', 'Balcony', 'Microwave', 'Gym', 'Garden', 'Frontyard', 'Fencing', 'Deck', 'Modular Kitchen', 'TV Cable', 'Washing Machine', 'Wifi', 'Drainage', 'CCTV', 'Water Tank', 'Water Well', 'Solar Water', 'Water Supply', 'Electricity Backup', 'Internet', 'Kids Playground']",1,22.0,4107.0,,Premium
"Sitapaila Housing : Land For Sale In Sitapaila, Kathmandu","Na, Sitapaila, Kathmandu",Kathmandu,68000000,0,0,3.0,0,East,2074.0,214,8 Aana,30 Feet / Blacktopped,30 Feet , Blacktopped,N/A Aana,3 months ago,[],1,30.0,2738.0,,Premium
"18 Anna Land For Sale At Budhanilkantha, Opposite Park Village Resort : Land For Sale In Budhanilkantha, Kathmandu","Budhanilkantha, Opposite Park Village Resort, Main Road bata only 30 meters., Budhanilkantha, Kathmandu",Kathmandu,3700000,0,0,3.0,0,East,2074.0,126,0-18-0-0 Aana,16 Feet / Blacktopped,16 Feet , Blacktopped,N/A Aana,3 months ago,[],1,16.0,6160.5,,Medium
"Budhanilkantha 17 Ana Bungalow : House For Sale In Budhanilkantha, Kathmandu","Na, Budhanilkantha, Kathmandu",Kathmandu,62000000,5,6,3.0,4,South West,2075.0,219,17 Aana,14 Feet / Gravelled,14 Feet , Gravelled,N/A Aana,3 months ago,"['Garage', 'Lawn', 'Balcony', 'Modular Kitchen', 'Drainage', 'Solar Water', 'Water Supply', 'Water Tank', 'Parking']",0,14.0,5818.25,,Premium
"Parkvillage Budhanilkantha : Land For Sale In Budhanilkantha, Kathmandu","Na, Budhanilkantha, Kathmandu",Kathmandu,3700000,0,0,3.0,0,East,2074.0,108,18 ana Aana,15 Feet / Gravelled,15 Feet , Gravelled,N/A Aana,3 months ago,[],1,15.0,6160.5,,Medium
"Dhapasi Exclusive Bungalow : House For Sale In Dhapasi, Kathmandu","Na, Dhapasi, Kathmandu",Kathmandu,69000000,7,7,3.0,4,South East,2074.0,88,12 Aana,20 Feet / Blacktopped,20 Feet , Blacktopped,N/A Aana,3 months ago,"['Frontyard', 'Lawn', 'Garage', 'Water Supply', 'Solar Water', 'Drainage', 'Water Tank', 'Parking', 'Store Room']",1,20.0,4107.0,,Premium
"Golfutar 6 Ana Exclusive Bungalow : House For Sale In Golfutar, Kathmandu","Na, Golfutar, Kathmandu",Kathmandu,45000000,6,7,3.0,2,East,2075.0,191,6 Aana,15 Feet / Blacktopped,15 Feet , Blacktopped,2600 Aana,3 months ago,"['Garage', 'Parking', 'Water Supply', 'Solar Water', 'Drainage', 'Washing Machine', 'Water Tank']",0,15.0,2053.5,889850.0,Premium
"East Face 12 Anna Bungalow For Sale At Naxal, 400 Mtr From Bhatbhateni : House For Sale In Naxal, Kathmandu","Naxal, 400 meter from Bhatbhateni., Naxal, Kathmandu",Kathmandu,65000000,6,5,2.0,0,East,2074.0,437,0-12-0-0 Aana,16 Feet / Blacktopped,16 Feet , Blacktopped,N/A Aana,3 months ago,"['Lawn', 'Garage', 'Air Condition', 'Backyard', 'Balcony', 'Microwave', 'Gym', 'Garden', 'Frontyard', 'Fencing', 'Deck', 'Modular Kitchen', 'TV Cable', 'Washing Machine', 'Wifi', 'Drainage', 'CCTV', 'Water Tank', 'Water Well', 'Solar Water', 'Water Supply', 'Electricity Backup', 'Internet', 'Kids Playground']",1,16.0,4107.0,,Premium
"VIP Semi-Bungalow On Sale In Akashedhara Height , 1 Km From Ringroad Sukhedhara : House For Sale In Sukedhara, Kathmandu","Akashedhara Height, Sukedhara, Kathmandu",Kathmandu,42000000,8,7,4.0,4,South East,2074.0,243,0-6-0-0 Aana,20 Feet / Paved,20 Feet , Paved,0-4-0-0 Aana,3 months ago,"['Lawn', 'Garage', 'Backyard', 'Balcony', 'Modular Kitchen', 'TV Cable', 'Solar Water', 'Water Supply', 'Drainage']",1,20.0,2053.5,1369.0,Premium
"1.5 Storey : House For Sale In Imadol, Lalitpur","Boje Pokhari, Imadol, Lalitpur",Lalitpur,13000000,2,1,1.35,1,North East,2076.0,2.7K,0-3-2-0 Aana,10 Feet / Gravelled,10 Feet , Gravelled,N/A Aana,3 months ago,[],0,10.0,1197.875,,High
"1.5 Storey House : House For Sale In Imadol, Lalitpur","Boje Pokhari, Imadol, Lalitpur",Lalitpur,12700000,2,1,1.5,1,North,2076.0,178,0-3-0-3 Aana,10 Feet / Gravelled,10 Feet , Gravelled,N/A Aana,3 months ago,"['Balcony', 'Fencing', 'Modular Kitchen', 'Wifi', 'Drainage', 'Water Supply', 'Water Tank', 'Parking']",0,10.0,1090.921875,,High
"1.5 Storey : House For Sale In Imadol, Lalitpur","Nearby Green hill city, Imadol, Lalitpur",Lalitpur,11000000,2,1,1.5,1,West,2076.0,1.6K,0-2-2-0 Aana,16 Feet / Gravelled,16 Feet , Gravelled,N/A Aana,3 months ago,[],0,16.0,855.625,,High
"Land For Sale In Mahendra Highway : Land For Sale In Bharatpur, Chitwan","haakim chowk, Bharatpur, Chitwan",Chitwan,3050000,0,0,3.0,0,South,2074.0,482,26 Dhur,50 Meter / Blacktopped,50 Meter , Blacktopped,26 Dhur,3 months ago,[],1,164.042,4738.5,4738.5,Medium
"House For Sale In Imadol, Lalitpur","nearby Pawan prakriti school., Imadol, Lalitpur",Lalitpur,12000000,2,1,1.5,1,West,2076.0,3.8K,0-3-0-0 Aana,13 Feet / Gravelled,13 Feet , Gravelled,N/A Aana,3 months ago,"['Fencing', 'Modular Kitchen', 'Wifi', 'Drainage', 'Water Tank', 'Water Well', 'Parking', 'Store Room']",0,13.0,1026.75,,High
"House For Rent At Civil Homes Sunakothi Phase III : House For Rent In Civil Homes, Lalitpur","sunakothi, Civil Homes, Lalitpur",Lalitpur,65000,4,3,3.0,1,East,2074.0,696,6 Aana,0 Feet,0 Feet,Unknown,N/A Aana,3 months ago,[],1,0.0,2053.5,,Low
"One And Half Storied : House For Sale In Tikathali, Lalitpur","Nearby Panityanki, Tikathali, Lalitpur",Lalitpur,12500000,2,1,1.5,1,East,2076.0,2.6K,0-3-3-1 Aana,13 Feet / Gravelled,13 Feet , Gravelled,N/A Aana,3 months ago,"['Fencing', 'Modular Kitchen', 'TV Cable', 'Wifi', 'Drainage', 'Water Supply', 'Water Tank', 'Water Well', 'Internet', 'Parking', 'Store Room']",0,13.0,1304.828125,,High
"House For Sale In Budhanilkantha, Kathmandu","Akasedhara, Sagarmatha chwok, Budhanilkantha, Kathmandu",Kathmandu,19000000,8,4,3.0,1,North,2073.0,6.1K,0-3-2-0 Aana,10 Feet / Gravelled,10 Feet , Gravelled,2100 Sq. Feet,3 months ago,"['Balcony', 'Fencing', 'TV Cable', 'Wifi', 'Drainage', 'Water Supply', 'Water Tank', 'Water Well', 'Parking', 'Store Room']",0,10.0,1197.875,2100.0,High
"1.5 Storey House : House For Sale In Tikathali, Lalitpur","Nearby, Buddha party palace, Tikathali, Lalitpur",Lalitpur,11500000,2,1,1.5,1,South,2076.0,902,0-2-3-2 Aana,13 Feet / Gravelled,13 Feet , Gravelled,N/A Aana,3 months ago,"['Fencing', 'Drainage', 'Water Tank', 'Water Well', 'Parking']",0,13.0,983.96875,,High
"Attractive Building : House For Lease In Bharatpur, Chitwan","Bharatpur-4, Bharatpur, Chitwan",Chitwan,80000,6,3,3.0,10,South,2019.0,456,2700 Sq. Feet,26 Feet / Blacktopped,26 Feet , Blacktopped,1600 Sq. Feet,3 months ago,"['Frontyard', 'Balcony', 'Water Supply', 'Drainage', 'Parking']",0,26.0,2700.0,1600.0,Low
"Flat At Rent - Near SaSa Restaurant : Flat For Rent In Machhegaun, Kirtipur","Kirtipur, Machhegaun, Kirtipur",Kirtipur,16000,2,1,3.0,1,North East,2019.0,271,0-4-1-0 Aana,13 Feet / Soil Stabilized,13 Feet , Soil Stabilized,0-3-7-0 Aana,3 months ago,['Balcony'],0,13.0,1454.5625,1625.6875,Low
"Apartment For Rent In Dhapakhel, Lalitpur","Downtown apartment, Dhapakhel, Lalitpur",Lalitpur,60000,3,2,3.0,1,East,2015.0,587,1180 Sq. Feet,24 Feet / Blacktopped,24 Feet , Blacktopped,1180 Sq. Feet,3 months ago,"['Garage', 'Balcony']",0,24.0,1180.0,1180.0,Low
"One And Half Storied : House For Sale In Tikathali, Lalitpur","nearby Pawan prakriti school., Tikathali, Lalitpur",Lalitpur,15000000,2,1,1.5,1,North East,2076.0,5.2K,0-4-0-2 Aana,16 Feet / Blacktopped,16 Feet , Blacktopped,N/A Aana,3 months ago,"['Fencing', 'Modular Kitchen', 'TV Cable', 'Drainage', 'Water Tank', 'Water Well', 'Parking']",0,16.0,1411.78125,,High
"One And Half Storied : House For Sale In Tikathali, Lalitpur","Panityanki, Tikathali, Lalitpur",Lalitpur,11000000,2,1,1.5,1,East,2076.0,2.1K,0-3-0-0 Aana,13 Feet / Gravelled,13 Feet , Gravelled,N/A Aana,3 months ago,"['Fencing', 'Drainage', 'Water Tank', 'Water Well', 'Parking']",0,13.0,1026.75,,High
"Land For Sale In Changunarayan, Bhaktapur","Sudal, Changunarayan, Bhaktapur",Bhaktapur,1500000,0,0,3.0,0,North,2074.0,542,6 Aana,12 Feet,12 Feet,Unknown,N/A Aana,3 months ago,[],1,12.0,2053.5,,Medium
"House On Rent At Karyabinay Colony : House For Rent In Bhaisepati, Lalitpur","karyabinayak colony, Bhaisepati, Lalitpur",Lalitpur,50000,4,4,3.0,1,East,2019.0,404,0-4-0-0 Aana,12 Feet / Paved,12 Feet , Paved,N/A Aana,3 months ago,"['Balcony', 'Garden', 'Modular Kitchen']",0,12.0,1369.0,,Low
"House At Sale : House For Sale In Hetauda, Makwanpur","Manahari, Hetauda, Makwanpur",Makwanpur,20000000,4,4,2.0,4,East,2019.0,502,0-4-0-0 / 322 Aana,14 Feet / Paved,14 Feet , Paved,0-4-0-0 / 322 Aana,3 months ago,"['Lawn', 'Air Condition', 'Balcony']",0,14.0,110204.5,110204.5,High
"House For Rent In Kupondole : House For Rent In Kupondole, Lalitpur","kupondole, lalitpur, Kupondole, Lalitpur",Lalitpur,400000,0,5,5.0,3,North,2001.0,589,9 Aana,1 Meter / Gravelled,1 Meter , Gravelled,16 Aana,3 months ago,"['Garage', 'Balcony', 'Garden', 'Frontyard', 'Water Well']",0,3.28084,3080.25,5476.0,Low
"Baluwatar Russian Embassy : Land For Sale In Baluwatar, Kathmandu","Na, Baluwatar, Kathmandu",Kathmandu,7500000,0,0,3.0,0,East,2074.0,300,2 -0-0-0 Aana,15 Feet / Blacktopped,15 Feet , Blacktopped,N/A Aana,3 months ago,[],1,15.0,10952.0,,Medium
"Beautiful Piece Of 4 Anna Square Land For Sale At Golfutar : Land For Sale In Golfutar, Kathmandu","Golfutar, Golfutar, Kathmandu",Kathmandu,4500000,0,0,3.0,0,East,2074.0,498,0-4-0-0 Aana,16 Feet / Blacktopped,16 Feet , Blacktopped,N/A Aana,3 months ago,[],1,16.0,1369.0,,Medium
"Golfutar Land : Land For Sale In Golfutar, Kathmandu","Na, Golfutar, Kathmandu",Kathmandu,4600000,0,0,3.0,0,East,2074.0,134,4-5 Aana,13 Feet / Blacktopped,13 Feet , Blacktopped,N/A Aana,3 months ago,[],1,13.0,23615.25,,Medium
"Sundarbasti 4 Ana Home : House For Sale In Bhangal, Kathmandu","Na, Bhangal, Kathmandu",Kathmandu,23000000,5,5,3.0,1,West,2073.0,199,4 Aana,13 Feet / Gravelled,13 Feet , Gravelled,N/A Aana,3 months ago,['Garage'],0,13.0,1369.0,,High
"East Facing 5.5 Anna Brand New House For Sale At Baluwatar : House For Sale In Baluwatar, Kathmandu","Baluwatar, Baluwatar, Kathmandu",Kathmandu,60000000,7,4,4.0,4,East,2076.0,448,0-5.5-0-0 Aana,14 Feet / Blacktopped,14 Feet , Blacktopped,N/A Aana,3 months ago,"['Lawn', 'Garage', 'Air Condition', 'Backyard', 'Balcony', 'Microwave', 'Garden', 'Frontyard', 'Fencing', 'Deck', 'Modular Kitchen', 'TV Cable', 'Washing Machine', 'Wifi', 'Drainage', 'Cafeteria', 'CCTV', 'Water Tank', 'Water Well', 'Solar Water', 'Water Supply', 'Electricity Backup', 'Intercom', 'Internet', 'Kids Playground']",0,14.0,1882.375,,Premium
"Baluwatar Luxury Home : House For Sale In Baluwatar, Kathmandu","Na, Baluwatar, Kathmandu",Kathmandu,60000000,5,6,4.0,4,East,2076.0,254,5.5 Aana,13 Feet / Paved,13 Feet , Paved,N/A Aana,3 months ago,['Garage'],0,13.0,1882.375,,Premium
"4 Anna 3.5 Floor House For Sale At Basundhara : House For Sale In Basundhara, Kathmandu","Basundhara, Basundhara, Kathmandu",Kathmandu,25500000,7,4,3.0,1,East,2074.0,306,0-4-0-0 Aana,14 Feet / Blacktopped,14 Feet , Blacktopped,N/A Aana,3 months ago,"['Lawn', 'Garage', 'Backyard', 'Balcony', 'Frontyard', 'Garden', 'Fencing', 'Deck', 'Modular Kitchen', 'Wifi', 'Drainage', 'Washing Machine', 'Water Supply', 'Solar Water', 'Water Tank', 'Kids Playground', 'Internet']",1,14.0,1369.0,,High
"South Facing 7 Anna Modern House For Sale At Samakhusi Chowk : House For Sale In Samakhusi, Kathmandu","Samakhusi Chowk, Samakhusi, Kathmandu",Kathmandu,55000000,5,4,2.0,2,South East,2074.0,295,0-7-0-0 Aana,14 Feet / Blacktopped,14 Feet , Blacktopped,N/A Aana,3 months ago,"['Lawn', 'Garage', 'Air Condition', 'Backyard', 'Balcony', 'Microwave', 'Garden', 'Frontyard', 'Fencing', 'Deck', 'Modular Kitchen', 'TV Cable', 'Washing Machine', 'Wifi', 'Drainage', 'Water Tank', 'Solar Water', 'Water Supply', 'Electricity Backup', 'Intercom', 'Internet', 'Kids Playground']",1,14.0,2395.75,,Premium
"कान्तिपुर कोलोनीमा ( Lalitpur) नयाँ घर बिक्रिमा !! 192 Lakh (Negotiable ) : House For Sale In Nakhipot, Lalitpur","Kantipur Colony, Nakhipot, Lalitpur",Lalitpur,22200000,4,5,3.0,1,South West,2019.0,227,0-3-1-0 Aana,0 Feet,0 Feet,Unknown,N/A Aana,3 months ago,[],0,0.0,1112.3125,,High
"Brand New House For Sale At Kapan, Kharibot. : House For Sale In Kapan, Kathmandu","Kapan, Kharibot, Kapan, Kathmandu",Kathmandu,24000000,5,3,2.0,1,East,2076.0,237,0-3.3-0-0 Aana,13 Feet / Blacktopped,13 Feet , Blacktopped,N/A Aana,3 months ago,"['Lawn', 'Garage', 'Backyard', 'Balcony', 'Garden', 'Frontyard', 'Fencing', 'Deck', 'Modular Kitchen', 'Washing Machine', 'Drainage', 'Water Tank', 'Solar Water', 'Water Supply', 'Internet']",0,13.0,1129.425,,High
"Samakhusi Luxury Bungalow : House For Sale In Samakhusi, Kathmandu","Na, Samakhusi, Kathmandu",Kathmandu,55000000,5,6,3.0,2,South,2073.0,138,7 Aana,14 Feet / Blacktopped,14 Feet , Blacktopped,N/A Aana,3 months ago,['Garage'],0,14.0,2395.75,,Premium
"Basundhara House For Sale : House For Sale In Basundhara, Kathmandu","Na, Basundhara, Kathmandu",Kathmandu,25500000,7,6,4.0,1,South West,2075.0,122,3.75 Aana,14 Feet / Blacktopped,14 Feet , Blacktopped,N/A Aana,3 months ago,['Garage'],0,14.0,1283.4375,,High
"5 Anna Land For Sale At Dhapasi, Near Krishna Mandi : Land For Sale In Dhapasi, Kathmandu","Dhapasi, Near Krishna Mandir, Dhapasi, Kathmandu",Kathmandu,2700000,0,0,3.0,0,East,2074.0,498,0-5-0-0 Aana,15 Feet / Gravelled,15 Feet , Gravelled,N/A Aana,3 months ago,[],1,15.0,1711.25,,Medium
"East Facing 4 Anna Brand New Family Home For Sale At Mandikatar. : House For Sale In Mandikatar, Kathmandu","Mandikatar Faat, Mandikatar, Kathmandu",Kathmandu,27500000,6,3,2.0,1,East,2076.0,654,0-4-0-0 Aana,15 Feet / Blacktopped,15 Feet , Blacktopped,N/A Aana,3 months ago,"['Lawn', 'Garage', 'Backyard', 'Balcony', 'Garden', 'Frontyard', 'Fencing', 'Modular Kitchen', 'TV Cable', 'Wifi', 'Drainage', 'Water Tank', 'Water Well', 'Solar Water', 'Water Supply', 'Intercom', 'Internet']",0,15.0,1369.0,,Premium
"Modern Bungalow For Sale At Rudreshwor Chowk, Budhanilkantha. 50 Meters From Main Highway. : House For Sale In Budhanilkantha, Kathmandu","Rudreshwor Chowk, 50 Meters From Main Highway., Budhanilkantha, Kathmandu",Kathmandu,63000000,5,4,2.0,2,East,2074.0,534,0-10-0-0 Aana,16 Feet / Blacktopped,16 Feet , Blacktopped,N/A Aana,3 months ago,"['Lawn', 'Garage', 'Air Condition', 'Backyard', 'Balcony', 'Microwave', 'Garden', 'Frontyard', 'Fencing', 'Deck', 'Modular Kitchen', 'TV Cable', 'Washing Machine', 'Wifi', 'Drainage', 'CCTV', 'Water Tank', 'Water Well', 'Solar Water', 'Water Supply', 'Electricity Backup', 'Internet', 'Kids Playground']",1,16.0,3422.5,,Premium
"10 Anna Land For Sale At Budhanilkantha, Rudreshwor Chowk, 20 Meters From Main Highway. : Land For Sale In Budhanilkantha, Kathmandu","20 Meters From Main Highway, Budhanilkantha, Kathmandu",Kathmandu,3500000,0,0,3.0,0,West,2074.0,452,0-10-0-0 Aana,14 Feet / Blacktopped,14 Feet , Blacktopped,N/A Aana,3 months ago,[],1,14.0,3422.5,,Medium
"17 Anna 5 BHK New Bungalow Sale At Budhanilkantha Near Park Village : House For Sale In Budhanilkantha, Kathmandu","Budhanilkantha Near Park Village., Budhanilkantha, Kathmandu",Kathmandu,60000000,5,5,2.0,0,East,2075.0,581,0-17-0- Aana,20 Feet / Blacktopped,20 Feet , Blacktopped,N/A Aana,3 months ago,"['Lawn', 'Garage', 'Air Condition', 'Backyard', 'Balcony', 'Microwave', 'Garden', 'Frontyard', 'Fencing', 'Deck', 'Modular Kitchen', 'TV Cable', 'Washing Machine', 'Wifi', 'Drainage', 'CCTV', 'Water Tank', 'Water Well', 'Solar Water', 'Water Supply', 'Electricity Backup', 'Intercom', 'Internet', 'Kids Playground']",0,20.0,5818.25,,Premium
"Brand New Semi Bungalow In 33 Feet Road, Beside Deuba Residence, Deuba Chowk, Budhanilkantha. : House For Sale In Budhanilkantha, Kathmandu","Beside Deuba House, Rudreshwor, Budhanilkantha, Kathmandu",Kathmandu,34500000,6,4,3.0,2,East,2076.0,459,0-6-0-0 Aana,30 Feet / Blacktopped,30 Feet , Blacktopped,N/A Aana,3 months ago,"['Garage', 'Lawn', 'Backyard', 'Balcony', 'Garden', 'Frontyard', 'Fencing', 'Modular Kitchen', 'Washing Machine', 'Wifi', 'Drainage', 'Water Tank', 'Water Well', 'Solar Water', 'Water Supply', 'Intercom', 'Internet']",0,30.0,2053.5,,Premium
"5.2 Anna 3 Bhk East Facing Bungalow For Sale In Baluwatar, Tudaldevi. : House For Sale In Baluwatar, Kathmandu","Baluwatar, Tudaldevi., Baluwatar, Kathmandu",Kathmandu,39500000,3,3,2.0,2,East,2074.0,1.2K,0-5.2-0-0 Aana,15 Feet / Blacktopped,15 Feet , Blacktopped,N/A Aana,3 months ago,"['Lawn', 'Garage', 'Backyard', 'Balcony', 'Garden', 'Frontyard', 'Fencing', 'Deck', 'Modular Kitchen', 'Wifi', 'Water Tank', 'Solar Water', 'Water Supply', 'Internet']",1,15.0,1779.7,,Premium
"9 Anna Brand New Bungalow For Sale At Budhanilkantha, Taulung. : House For Sale In Budhanilkantha, Kathmandu","Budhanilkantha, Taulung., Budhanilkantha, Kathmandu",Kathmandu,38000000,0,3,2.0,3,East,2076.0,476,0-9-0-0 Aana,16 Feet / Blacktopped,16 Feet , Blacktopped,N/A Aana,3 months ago,"['Lawn', 'Garage', 'Backyard', 'Balcony', 'Garden', 'Frontyard', 'Fencing', 'Modular Kitchen', 'TV Cable', 'Drainage', 'Water Supply', 'Solar Water', 'Water Tank', 'Internet']",0,16.0,3080.25,,Premium
"One And Half Storied : House For Sale In Imadol, Lalitpur","Setipakha, Imadol, Lalitpur",Lalitpur,12000000,4,1,1.5,0,North East,2074.0,984,0-5-1-0 Aana,4 Feet / Concrete,4 Feet , Concrete,N/A Aana,3 months ago,"['Fencing', 'TV Cable', 'Drainage', 'Water Supply', 'Water Well']",1,4.0,1796.8125,,High
"House For Sale In Chakupat, Lalitpur","dathulan road house, Chakupat, Lalitpur",Lalitpur,8700000,0,2,3.0,0,South,2060.0,555,1 Aana,1 Feet / Concrete,1 Feet , Concrete,1 Aana,3 months ago,"['Wifi', 'TV Cable', 'Store Room']",0,1.0,342.25,342.25,High
"House For Sale In Tikathali : House For Sale In Tikathali, Lalitpur","Tikathali, Tikathali, Lalitpur",Lalitpur,12500000,2,1,1.0,1,East,2019.0,319,3 Aana,13 Feet,13 Feet,Unknown,N/A Aana,3 months ago,[],0,13.0,1026.75,,High
"House For Sale In Tikathali : House For Sale In Tikathali, Lalitpur","Tikathali, Tikathali, Lalitpur",Lalitpur,130000,2,1,1.0,1,East,2019.0,378,3 Aana,15 Feet,15 Feet,Unknown,N/A Aana,3 months ago,"['Water Tank', 'Water Well', 'Parking']",0,15.0,1026.75,,Low
"House For Rent Samakhusi : House For Rent In Samakhusi, Kathmandu","Samakhusi, Samakhusi, Kathmandu",Kathmandu,60000,0,0,3.0,0,South East,2074.0,225,5 Aana,13 Feet / Blacktopped,13 Feet , Blacktopped,N/A Aana,3 months ago,[],1,13.0,1711.25,,Low
"Fully Furnished House For Sale At Imadol, Sital Height : House For Sale In Imadol, Lalitpur","imadol, Imadol, Lalitpur",Lalitpur,23500000,4,4,3.0,1,West,2016.0,465,3.75 Aana,13 Feet / Blacktopped,13 Feet , Blacktopped,N/A Aana,3 months ago,"['Solar Water', 'Water Well', 'Water Tank', 'Internet', 'Microwave', 'Garden', 'Garage', 'Balcony', 'Backyard', 'Modular Kitchen', 'Washing Machine', 'Wifi', 'Kids Playground']",0,13.0,1283.4375,,High
"Full Furnished House On Rent In Dhapasi Height, Near Grande Hospital : House For Rent In Dhapasi, Kathmandu","Dhapasi Height, Dhapasi, Kathmandu",Kathmandu,60000,4,3,3.0,1,South East,2010.0,247,10 Aana,20 Feet / Blacktopped,20 Feet , Blacktopped,3 Aana,3 months ago,"['Garage', 'Balcony', 'Backyard']",0,20.0,3422.5,1026.75,Low
"House For Sale In Imadol, Lalitpur","Krishna Mandir Area, Imadol, Lalitpur",Lalitpur,27000000,6,4,3.0,0,East,2074.0,973,0-3-2-0 Aana,13 Feet / Blacktopped,13 Feet , Blacktopped,N/A Aana,3 months ago,"['Balcony', 'Fencing', 'Modular Kitchen', 'Drainage', 'Water Tank']",1,13.0,1197.875,,Premium
"4BHK Apartment In Sale- 1340 Sq Feet. : Apartment For Sale In Pepsicola, Kathmandu","Suncity, Pepsicola, Pepsicola, Kathmandu",Kathmandu,15200000,4,2,3.0,1,South,2074.0,1K,1340 Sq. Feet,20 Feet / Blacktopped,20 Feet , Blacktopped,1340 Sq. Feet,3 months ago,"['Lawn', 'Garden', 'Gym', 'TV Cable', 'Wifi', 'Water Supply', 'CCTV', 'Electricity Backup', 'Maintenance', 'Security Staff', 'Parking', 'Lift', 'Swimming Pool', 'Intercom']",1,20.0,1340.0,1340.0,High
"Chapali Plotting Land : Land For Sale In Chapali, Kathmandu","Na, Chapali, Kathmandu",Kathmandu,2650000,0,0,3.0,0,East,2074.0,369,3.3 Aana,20 Feet / Gravelled,20 Feet , Gravelled,N/A Aana,3 months ago,[],1,20.0,1129.425,,Medium
"Sano Bharyang Brand New Home : House For Sale In Sano Bharyang, Kathmandu","Na, Sano Bharyang, Kathmandu",Kathmandu,235000000,5,5,3.0,1,East,2076.0,650,3 Aana,13 Feet / Gravelled,13 Feet , Gravelled,N/A Aana,3 months ago,['Garage'],0,13.0,1026.75,,Premium
"Budhanilkantha Mandikatar : House For Sale In Mandikatar, Kathmandu","Na, Mandikatar, Kathmandu",Kathmandu,27600000,7,6,3.0,1,East,2076.0,832,4 Aana,13 Feet / Gravelled,13 Feet , Gravelled,N/A Aana,3 months ago,"['Garage', 'Store Room', 'Parking']",0,13.0,1369.0,,Premium
"22 Anna Land Covered Bungalow For Sale At Budhanilkanta. : House For Sale In Budhanilkantha, Kathmandu","Narayanthan, Budhanilkantha, Kathmandu",Kathmandu,70000000,5,4,3.0,10,East,2074.0,671,0-22-0-0 Aana,16 Feet / Blacktopped,16 Feet , Blacktopped,N/A Aana,3 months ago,"['Lawn', 'Garage', 'Air Condition', 'Backyard', 'Balcony', 'Microwave', 'Gym', 'Garden', 'Frontyard', 'Fencing', 'Deck', 'Modular Kitchen', 'TV Cable', 'Washing Machine', 'Wifi', 'Drainage', 'CCTV', 'Water Tank', 'Water Well', 'Solar Water', 'Water Supply', 'Electricity Backup', 'Internet', 'Kids Playground']",1,16.0,7529.5,,Premium
"Classical Traditional Style Bungalow At Chabahil Mitrapark Inside Ringroad. : House For Sale In Chabahil, Kathmandu","Chabahil Inside Ring Road, MITRAPARK, Chabahil, Kathmandu",Kathmandu,50000000,4,4,2.0,2,East,2074.0,473,0-4.5-0-0 Aana,16 Feet / Blacktopped,16 Feet , Blacktopped,N/A Aana,3 months ago,"['Lawn', 'Garage', 'Air Condition', 'Backyard', 'Balcony', 'Microwave', 'Garden', 'Frontyard', 'Fencing', 'Deck', 'Modular Kitchen', 'TV Cable', 'Washing Machine', 'Wifi', 'Drainage', 'Water Tank', 'Water Well', 'Solar Water', 'Water Supply', 'Intercom', 'Internet']",1,16.0,1540.125,,Premium
"Brand New House At Dhungedhara, Banasthali, 300 Meter From Ring Road : House For Sale In Banasthali, Kathmandu","Dhungedhara, Banasthali, Banasthali, Kathmandu",Kathmandu,22500000,4,3,2.0,1,East,2076.0,805,0-3-0-0 Aana,15 Feet / Blacktopped,15 Feet , Blacktopped,N/A Aana,3 months ago,"['Garage', 'Backyard', 'Garden', 'Frontyard', 'Fencing', 'Drainage', 'Water Tank', 'Solar Water', 'Water Supply', 'Electricity Backup', 'Internet']",0,15.0,1026.75,,High
"Brand New House At Sano Bharayang, Swayambhu, 500 Meter From Ring Road : House For Sale In Swayambhu, Kathmandu","Sano Bharayang, Swayambhu, Swayambhu, Kathmandu",Kathmandu,23500000,0,3,2.0,1,East,2076.0,192,0-3-0-0 Aana,16 Feet / Blacktopped,16 Feet , Blacktopped,N/A Aana,3 months ago,"['Lawn', 'Garage', 'Backyard', 'Microwave', 'Garden', 'Frontyard', 'Fencing', 'Deck', 'TV Cable', 'Wifi', 'Drainage', 'Water Tank', 'Water Well', 'Solar Water', 'Water Supply', 'Electricity Backup', 'Internet']",0,16.0,1026.75,,High
"Banasthali Dhungedhara Home : House For Sale In Dhungedhara, Kathmandu","Na, Dhungedhara, Kathmandu",Kathmandu,240,5,5,3.0,1,East,2076.0,523,3 Aana,14 Feet / Gravelled,14 Feet , Gravelled,N/A Aana,3 months ago,['Garage'],0,14.0,1026.75,,Low
"Budhanilkantha : House For Sale In Budhanilkantha, Kathmandu","Na, Budhanilkantha, Kathmandu",Kathmandu,70000000,6,7,3.0,10,East,2068.0,177,22 Aana,15 Feet / Blacktopped,15 Feet , Blacktopped,N/A Aana,3 months ago,"['Parking', 'Garage']",0,15.0,7529.5,,Premium
"Chabahil Bageswori Homes : House For Sale In Chabahil, Kathmandu","Na, Chabahil, Kathmandu",Kathmandu,500000000,5,5,3.0,2,East,2075.0,650,4.5 Aana,15 Feet / Blacktopped,15 Feet , Blacktopped,N/A Aana,3 months ago,"['Balcony', 'Garage']",0,15.0,1540.125,,Premium
"Siddarthcolony Home : House For Sale In Budhanilkantha, Kathmandu","Na, Budhanilkantha, Kathmandu",Kathmandu,160000000,10,10,4.0,5,East,2076.0,360,21 Aana,20 Feet / Blacktopped,20 Feet , Blacktopped,N/A Aana,3 months ago,['Parking'],0,20.0,7187.25,,Premium
"Baluwatar Home : House For Sale In Baluwatar, Kathmandu","Na, Baluwatar, Kathmandu",Kathmandu,42500000,6,6,3.0,0,South East,2074.0,711,6 Aana,15 Feet / Blacktopped,15 Feet , Blacktopped,N/A Aana,3 months ago,"['Garage', 'Parking']",1,15.0,2053.5,,Premium
"Bhangal New Home : House For Sale In Budhanilkantha, Kathmandu","Na, Budhanilkantha, Kathmandu",Kathmandu,18000000,5,5,3.0,1,North,2076.0,580,3.1 Aana,13 Feet / Gravelled,13 Feet , Gravelled,N/A Aana,3 months ago,['Garage'],0,13.0,1060.9750000000001,,High
"Budhanilkantha Bhangal : House For Sale In Bhangal, Kathmandu","Na, Bhangal, Kathmandu",Kathmandu,27500000,6,6,3.0,2,East,2076.0,118,4 Aana,14 Feet / Gravelled,14 Feet , Gravelled,N/A Aana,3 months ago,['Garage'],0,14.0,1369.0,,Premium
"House For Sale In Shantinagar, Kathmandu","Prayag Marga-34, Shantinagar, Kathmandu",Kathmandu,33000000,5,3,2.5,1,West,2074.0,7.5K,0-5-0-0 Aana,15 Feet / Blacktopped,15 Feet , Blacktopped,N/A Aana,3 months ago,"['Balcony', 'Fencing', 'Garden', 'TV Cable', 'Wifi', 'Drainage', 'Water Supply', 'Solar Water', 'Water Tank', 'Water Well', 'Internet', 'Kids Playground', 'Parking', 'Store Room']",1,15.0,1711.25,,Premium
"Hepali Height Breathtaking Bungalow : House For Sale In Budhanilkantha, Kathmandu","Na, Budhanilkantha, Kathmandu",Kathmandu,145000000,5,6,3.0,4,East,2076.0,493,20 Aana,18 Feet / Blacktopped,18 Feet , Blacktopped,N/A Aana,3 months ago,"['Garage', 'Lawn', 'Balcony', 'Backyard', 'Garden', 'Store Room', 'Parking', 'Security Staff']",0,18.0,6845.0,,Premium
"House For Sale In Satdobato, Lalitpur","Tutepani, Satdobato, Lalitpur",Lalitpur,3700000,5,4,3.0,9,South,2074.0,1.7K,1-5-2-0 Ropani,8 Feet / Blacktopped,8 Feet , Blacktopped,N/A Aana,3 months ago,"['Lawn', 'Garage', 'Balcony', 'Garden', 'Frontyard', 'Water Tank', 'Water Well', 'Solar Water', 'Water Supply']",1,8.0,7358.375,,Medium
"Brand New : House For Sale In Imadol, Lalitpur","Nayabasti, Imadol, Lalitpur",Lalitpur,21000000,4,5,2.5,1,South West,2076.0,4.5K,0-4-0-0 Aana,20 Feet / Gravelled,20 Feet , Gravelled,N/A Aana,3 months ago,"['Balcony', 'Fencing', 'Modular Kitchen', 'TV Cable', 'Drainage', 'Water Supply', 'Water Tank', 'Water Well', 'Electricity Backup', 'Parking', 'Store Room']",0,20.0,1369.0,,High
"House For Sale In Bhaisepati, Lalitpur","Fulbari Marga, Bhaisepati, Lalitpur",Lalitpur,28500000,5,4,3.0,1,South East,2073.0,6.4K,0-4-3-1 Aana,13 Feet / Blacktopped,13 Feet , Blacktopped,2450 Aana,3 months ago,"['Balcony', 'Fencing', 'Garden', 'Modular Kitchen', 'TV Cable', 'Wifi', 'Drainage', 'Water Supply', 'Solar Water', 'Water Tank', 'Water Well', 'Electricity Backup', 'Internet', 'Parking', 'Store Room']",0,13.0,1647.078125,838512.5,Premium
"House On Sale At Green Viallage Society , Ramkot : House For Sale In Ramkot, Kathmandu","solti dobato, Ramkot, Kathmandu",Kathmandu,17500000,4,2,3.0,0,North East,2074.0,536,5 Aana,20 Feet,20 Feet,Unknown,N/A Aana,3 months ago,[],1,20.0,1711.25,,High
"2storey House On Sale At Green Viallage Society , Ramkot : House For Sale In Ramkot, Kathmandu","solti dobato, Ramkot, Kathmandu",Kathmandu,15500000,4,2,2.0,1,North East,2074.0,872,4 Aana,0 Feet,0 Feet,Unknown,N/A Aana,3 months ago,[],1,0.0,1369.0,,High
"House On Sale At Green Viallage Society , Ramkot : House For Sale In Ramkot, Kathmandu","ramkot, Ramkot, Kathmandu",Kathmandu,15500000,4,2,3.0,1,North East,2074.0,497,4 Aana,20 Feet,20 Feet,Unknown,N/A Aana,3 months ago,[],1,20.0,1369.0,,High
"Land For Sale In Budhanilkantha, Kathmandu","ganesh chowk, Budhanilkantha, Kathmandu",Kathmandu,3200000,0,0,3.0,0,East,2074.0,309,10 Aana,13 Feet / Blacktopped,13 Feet , Blacktopped,N/A Aana,3 months ago,[],1,13.0,3422.5,,Medium
"House For Rent In Gairidhara, Kathmandu","Goma Petrol Pump, Gairidhara, Kathmandu",Kathmandu,250000,18,5,2.0,0,North East,2074.0,509,2 Ropani,13 Feet / Blacktopped,13 Feet , Blacktopped,N/A Aana,3 months ago,"['Garden', 'Garage', 'Frontyard', 'Backyard', 'Kids Playground']",1,13.0,10952.0,,Low
"Land For Sale In Basbari : Land For Sale In Basbari, Kathmandu","Basbari, Basbari, Kathmandu",Kathmandu,3000000,0,0,3.0,0,North,2074.0,604,3 Aana,20 Feet / Blacktopped,20 Feet , Blacktopped,N/A Aana,3 months ago,[],1,20.0,1026.75,,Medium
"Hattigauda Ma Sasto Jagga Bikrima : Land For Sale In Budhanilkantha, Kathmandu","hattigauda, Budhanilkantha, Kathmandu",Kathmandu,2300000,0,0,3.0,0,East,2074.0,867,5.5 Aana,13 Feet,13 Feet,Unknown,N/A Aana,3 months ago,[],1,13.0,1882.375,,Medium
"Furnished Office With MOE Consultancy License : Office Space For Sale In Chabahil, Kathmandu","Kumari building, Chabahil, Kathmandu",Kathmandu,2000000,0,0,3.0,0,East,2074.0,1.8K,1400 Sq. Feet,20 Feet / Blacktopped,20 Feet , Blacktopped,1400 Sq. Feet,4 months ago,"['Wifi', 'Drainage', 'Water Supply', 'Water Well', 'CCTV', 'Electricity Backup', 'Intercom', 'Internet', 'Lift', 'Parking', 'Security Staff']",1,20.0,1400.0,1400.0,Medium
"Land On Sale In Nagarkot : Land For Sale In Nagarkot, Bhaktapur","hari guru marga, Nagarkot, Bhaktapur",Bhaktapur,400000,0,0,3.0,0,North West,2074.0,466,11 Ropani,400 Feet / Blacktopped,400 Feet , Blacktopped,11 Ropani,4 months ago,[],1,400.0,60236.0,60236.0,Low
"Budhanilkantha Chapali Home For Sale : House For Sale In Chapali, Kathmandu","Na, Chapali, Kathmandu",Kathmandu,42000000,7,6,3.0,3,East,2076.0,839,8.5 Aana,13 Feet / Gravelled,13 Feet , Gravelled,N/A Aana,4 months ago,"['Frontyard', 'Garage', 'Solar Water', 'Water Supply', 'Water Well', 'Water Tank', 'Store Room']",0,13.0,2909.125,,Premium
"House For Rent In Paknajol, Kathmandu","538 Paknajol Marg, Paknajol, Kathmandu",Kathmandu,300000,18,4,5.0,0,West,2045.0,429,0-4-0-0 Aana,18 Feet / Blacktopped,18 Feet , Blacktopped,0-3-2-0 Aana,4 months ago,"['Drainage', 'TV Cable', 'Water Supply', 'Internet']",0,18.0,1369.0,1197.875,Low
"16ana Land At Tokha : Land For Sale In Tokha, Kathmandu","Tokha, Tokha, Kathmandu",Kathmandu,2500000,0,0,3.0,0,North East,2074.0,509,16 Aana,0 Feet,0 Feet,Unknown,16 Aana,4 months ago,[],1,0.0,5476.0,5476.0,Medium
"Land : Land For Sale In Pepsicola, Kathmandu","pepsicola, Pepsicola, Kathmandu",Kathmandu,4000000,0,0,3.0,0,East,2074.0,507,0-5-0-0 Aana,13 Feet / Blacktopped,13 Feet , Blacktopped,N/A Aana,4 months ago,[],1,13.0,1711.25,,Medium
"Attractive Flat For Rent : Apartment For Rent In Dhapakhel, Lalitpur","CIVIL HOMES DHAPHAKEL, Dhapakhel, Lalitpur",Lalitpur,30000,2,1,3.0,1,East,2074.0,758,790 Sq. Feet,11 Meter / Blacktopped,11 Meter , Blacktopped,790 Sq. Feet,4 months ago,"['Swimming Pool', 'Modular Kitchen', 'Water Supply', 'Electricity Backup', 'Garage', 'Balcony', 'Garden', 'Water Tank', 'Kids Playground', 'Gym', 'Lift']",1,36.08924,790.0,790.0,Low
"Imadol Ko 20 Feet Ko Batoko Ghar Bikrima : House For Sale In Imadol, Lalitpur","imadol -4 lalitpur, Imadol, Lalitpur",Lalitpur,19000000,4,3,3.0,2,West,2076.0,869,0-3-1-0 Aana,0 Feet / Blacktopped,0 Feet , Blacktopped,N/A Aana,4 months ago,[],0,0.0,1112.3125,,High
"House For Sale In Gwarko, Lalitpur","Gwarko Colony, Gwarko, Lalitpur",Lalitpur,21000000,3,2,2.5,1,South,2074.0,8K,0-3-0-1 Aana,13 Feet / Blacktopped,13 Feet , Blacktopped,N/A Aana,4 months ago,"['Balcony', 'Fencing', 'Frontyard', 'Modular Kitchen', 'TV Cable', 'Wifi', 'Drainage', 'Water Supply', 'Solar Water', 'Water Tank', 'Water Well', 'Electricity Backup', 'Internet', 'Kids Playground', 'Parking', 'Security Staff', 'Store Room']",1,13.0,1048.140625,,High
"Brand New 3 BHK : Apartment For Rent In Balkumari, Lalitpur","Westar Apartment, Balkumari, Lalitpur",Lalitpur,50000,3,2,9.0,0,East,2074.0,2.4K,1259 Sq. Feet,20 Feet / Blacktopped,20 Feet , Blacktopped,N/A Sq. Feet,4 months ago,"['Air Condition', 'Balcony', 'Fencing', 'Garden', 'Modular Kitchen', 'Swimming Pool', 'TV Cable', 'Wifi', 'Drainage', 'Water Supply', 'Solar Water', 'Water Well', 'Electricity Backup', 'Internet', 'Kids Playground', 'Lift', 'Maintenance', 'Parking', 'Security Staff', 'Store Room']",1,20.0,1259.0,,Low
"Land For Rent : Land For Rent In Naxal, Kathmandu","Gairidhara, Naxal, Kathmandu",Kathmandu,200000,0,0,3.0,0,South East,2074.0,287,10 Aana,20 Feet / Blacktopped,20 Feet , Blacktopped,N/A Aana,4 months ago,[],1,20.0,3422.5,,Low
"Office Space For Rent : Office Space For Rent In Naxal, Kathmandu","Nagpokhari, Naxal, Kathmandu",Kathmandu,110,0,0,3.0,0,East,2074.0,196,10 Aana,16 Feet / Blacktopped,16 Feet , Blacktopped,N/A Aana,4 months ago,"['Backyard', 'Water Supply', 'Water Tank', 'Garage']",1,16.0,3422.5,,Low
"House For Rent : House For Rent In Budhanilkantha, Kathmandu","budanilkantha, Budhanilkantha, Kathmandu",Kathmandu,100000,3,4,2.0,1,North,2074.0,172,4 Aana,15 Feet / Blacktopped,15 Feet , Blacktopped,N/A Aana,4 months ago,"['Frontyard', 'Water Supply', 'Water Well', 'Modular Kitchen', 'Drainage', 'Balcony']",1,15.0,1369.0,,Low
"Office Space For Rent : Office Space For Rent In Naxal, Kathmandu","Bhimsen Marg, hadigaon, Naxal, Kathmandu",Kathmandu,160,0,0,3.0,0,North East,2074.0,149,20 Aana,0 Feet,0 Feet,Unknown,N/A Aana,4 months ago,"['Backyard', 'Water Supply', 'Frontyard', 'Water Tank']",1,0.0,6845.0,,Low
"House For Rent : House For Rent In Ratopul, Kathmandu","Siphal, Ratopul, Kathmandu",Kathmandu,350000,0,0,5.0,0,South,2074.0,134,8 Aana,15 Feet / Blacktopped,15 Feet , Blacktopped,8000 Sq. Feet,4 months ago,"['Water Supply', 'Water Well', 'Frontyard']",1,15.0,2738.0,8000.0,Low
"Land On Sale : Land For Sale In Soltimode, Kathmandu","Chauni Road, Soltimode, Kathmandu",Kathmandu,3000000,0,0,3.0,0,North East,2074.0,285,0-4-1-0 Aana,15 Feet,15 Feet,Unknown,N/A Aana,4 months ago,[],1,15.0,1454.5625,,Medium
"House For Rent : House For Rent In Sinamangal, Kathmandu","sinamangal, Sinamangal, Kathmandu",Kathmandu,200000,4,3,3.0,2,South East,2074.0,144,8 Aana,15 Feet / Blacktopped,15 Feet , Blacktopped,N/A Aana,4 months ago,"['Water Supply', 'Water Well', 'Balcony', 'Frontyard']",1,15.0,2738.0,,Low
"Land On Sale : Land For Sale In Boudha, Kathmandu","Tinchuli Chowk, Boudha, Kathmandu",Kathmandu,3000000,0,0,3.0,0,South East,2074.0,243,5.2 Aana,15 Feet / Blacktopped,15 Feet , Blacktopped,N/A Aana,4 months ago,[],1,15.0,1779.7,,Medium
"House For Rent : House For Rent In Boudha, Kathmandu","Arunima Education Foundation, Boudha, Kathmandu",Kathmandu,150000,0,0,5.0,2,South West,2074.0,178,3 Aana,0 Feet,0 Feet,Unknown,N/A Aana,4 months ago,"['Frontyard', 'Balcony', 'Drainage', 'Water Supply']",1,0.0,1026.75,,Low
"Land For Rent : Land For Rent In Gyaneshwor, Kathmandu","Kamalpokhari, Gyaneshwor, Kathmandu",Kathmandu,1200000,0,0,3.0,0,North East,2074.0,177,4 Ropani,20 Feet / Blacktopped,20 Feet , Blacktopped,N/A Aana,4 months ago,[],1,20.0,21904.0,,Low
"Land For Rent : Land For Rent In Maharajgunj, Kathmandu","Sankha Park, Maharajgunj, Kathmandu",Kathmandu,250000,0,0,3.0,0,South East,2074.0,152,2.81 Ropani,16 Feet / Blacktopped,16 Feet , Blacktopped,N/A Aana,4 months ago,[],1,16.0,15387.56,,Low
"Office Space For Rent In Thamel, Kathmandu","Thamel, Thamel, Kathmandu",Kathmandu,120000,12,0,3.0,2,North West,2074.0,109,3 Aana,15 Feet / Blacktopped,15 Feet , Blacktopped,N/A Aana,4 months ago,"['Water Supply', 'Water Well', 'Frontyard', 'Drainage']",1,15.0,1026.75,,Low
"Office Space For Rent : Office Space For Rent In Maharajgunj, Kathmandu","Teaching Hospital, Maharajgunj, Kathmandu",Kathmandu,130000,12,0,3.0,3,North East,2074.0,122,6 Aana,16 Feet / Blacktopped,16 Feet , Blacktopped,3500 Sq. Feet,4 months ago,"['Frontyard', 'Water Supply']",1,16.0,2053.5,3500.0,Low
"House For Rent : House For Rent In Lazimpat, Kathmandu","Nil sarswotisthan, Lazimpat, Kathmandu",Kathmandu,150000,8,3,3.0,2,North East,2074.0,125,4 Aana,16 Feet,16 Feet,Unknown,N/A Aana,4 months ago,"['Frontyard', 'Water Supply', 'Water Tank', 'Balcony']",1,16.0,1369.0,,Low
"Land On Sale : Land For Sale In Budhanilkantha, Kathmandu","Ganesh Chowk, Budhanilkantha, Kathmandu",Kathmandu,2500000,0,0,3.0,0,North East,2074.0,434,4 Aana,15 Feet / Gravelled,15 Feet , Gravelled,N/A Aana,4 months ago,[],1,15.0,1369.0,,Medium
"Colony House On Rent : House For Rent In Basbari, Kathmandu","Basbari, Basbari, Kathmandu",Kathmandu,150000,4,4,3.0,1,South,2074.0,157,6 Aana,16 Feet,16 Feet,Unknown,N/A Aana,4 months ago,"['Garage', 'Balcony', 'Garden', 'Modular Kitchen', 'Water Tank']",1,16.0,2053.5,,Low
"Basundhara Bungalow For Sale : House For Sale In Basundhara, Kathmandu","Na, Basundhara, Kathmandu",Kathmandu,85000000,7,8,3.0,4,East,2067.0,672,14 Aana,14 Feet / Blacktopped,14 Feet , Blacktopped,N/A Aana,4 months ago,"['Garage', 'Air Condition', 'Balcony', 'Frontyard', 'Garden', 'Modular Kitchen', 'Washing Machine', 'Drainage', 'Wifi', 'Solar Water', 'Water Supply', 'Water Tank', 'Water Well', 'Parking', 'Store Room']",0,14.0,4791.5,,Premium
"Land At Ramkot : Land For Sale In Ramkot, Kathmandu","green village, Ramkot, Kathmandu",Kathmandu,13000000,0,0,3.0,0,South East,2074.0,171,0-10-0-0 Aana,13 Feet / Gravelled,13 Feet , Gravelled,N/A Aana,4 months ago,[],1,13.0,3422.5,,High
"Polting Land At Dahachowk : Land For Sale In Dahachowk, Khahare, Kathmandu","dahachowk, Dahachowk, khahare, Kathmandu",Kathmandu,1050000,0,0,3.0,0,South,2074.0,438,0-4-0-0 Aana,13 Feet / Gravelled,13 Feet , Gravelled,N/A Aana,4 months ago,[],1,13.0,1369.0,,Low
"House For Rent : Business For Rent In Gongabu, Kathmandu","Gongabu, Gongabu, Kathmandu",Kathmandu,80000,13,0,4.0,0,East,2074.0,160,4 Aana,13 Feet,13 Feet,Unknown,N/A Aana,4 months ago,[],1,13.0,1369.0,,Low
"Beautiful House On Rent : Office Space For Rent In Khusibu, Kathmandu","medical chowk, Khusibu, Kathmandu",Kathmandu,370000,17,17,4.0,0,North East,2076.0,348,6 Aana,20 Feet / Blacktopped,20 Feet , Blacktopped,N/A Aana,4 months ago,"['Water Tank', 'Balcony']",0,20.0,2053.5,,Low
"Plotting Land For Sale At Gumti Chowk : Land For Sale In Budhanilkantha, Kathmandu","gumti chowk, Budhanilkantha, Kathmandu",Kathmandu,2600000,0,0,3.0,0,East,2074.0,460,4 Aana,22 Feet / Blacktopped,22 Feet , Blacktopped,N/A Aana,4 months ago,[],1,22.0,1369.0,,Medium
"Full Furnished House On Rent : House For Rent In Lazimpat, Kathmandu","uttar dokha, Lazimpat, Kathmandu",Kathmandu,150000,4,4,3.0,2,North East,2074.0,516,7 Aana,13 Feet,13 Feet,Unknown,N/A Aana,4 months ago,"['Garage', 'Air Condition', 'Garden', 'Frontyard', 'Balcony', 'Modular Kitchen', 'Solar Water', 'Water Well', 'Water Tank']",1,13.0,2395.75,,Low
"House On SALE!! : House For Sale In Kapan, Kathmandu","Kapan height, Kapan, Kathmandu",Kathmandu,17000000,8,3,10.0,2,North,2074.0,706,3.5 Aana,10 Feet / Soil Stabilized,10 Feet , Soil Stabilized,3 Aana,4 months ago,[],1,10.0,1197.875,1026.75,High
"2.5 Storey New : House For Sale In Gothatar, Kathmandu","Buddhachwok, Gothatar, Kathmandu",Kathmandu,18500000,3,3,2.5,1,East,2075.0,10.6K,0-3-0-0 Aana,14 Feet / Gravelled,14 Feet , Gravelled,1026 Aana,4 months ago,"['Lawn', 'Balcony', 'Fencing', 'Modular Kitchen', 'TV Cable', 'Wifi', 'Drainage', 'Water Supply', 'Water Tank', 'Water Well', 'Electricity Backup', 'Internet', 'Parking']",0,14.0,1026.75,351148.5,High
"Land For Sale In Budhanilkantha, Kathmandu","deuba chowk, Budhanilkantha, Kathmandu",Kathmandu,3200000,0,0,3.0,0,East,2074.0,421,7 Aana,13 Feet,13 Feet,Unknown,N/A Aana,4 months ago,[],1,13.0,2395.75,,Medium
"Akasedharama Naya Ghar : House For Sale In Kapan, Kathmandu","Na, Kapan, Kathmandu",Kathmandu,17000000,4,5,3.0,1,West,2076.0,1.2K,3 Aana,16 Feet / Gravelled,16 Feet , Gravelled,N/A Aana,4 months ago,['Garage'],0,16.0,1026.75,,High
"12 Ropani Land Is On Sale. : Land For Sale In Nirmal Pokhari, Pokhara","BharatPokhari-33, Nirmal Pokhari, Pokhara",Pokhara,2500000,0,0,3.0,0,North,2074.0,483,12 Ropani,13 Feet / Soil Stabilized,13 Feet , Soil Stabilized,12 Ropani,4 months ago,[],1,13.0,65712.0,65712.0,Medium
"Budhanilkantha Mandikatar Height Home : House For Sale In Mandikatar, Kathmandu","Na, Mandikatar, Kathmandu",Kathmandu,32500000,8,6,3.0,1,South East,2076.0,862,4 Aana,20 Feet / Blacktopped,20 Feet , Blacktopped,N/A Aana,4 months ago,"['Drainage', 'Water Supply', 'Solar Water', 'Store Room']",0,20.0,1369.0,,Premium
"Budhanilkantha Family Bungalow : House For Sale In Budhanilkantha, Kathmandu","NA, Budhanilkantha, Kathmandu",Kathmandu,29800000,5,5,3.0,2,East,2076.0,641,4 Aana,15 Feet / Paved,15 Feet , Paved,N/A Aana,4 months ago,"['Balcony', 'Modular Kitchen', 'Water Supply', 'Drainage', 'Solar Water', 'Water Tank', 'Water Well', 'Store Room']",0,15.0,1369.0,,Premium
"30 Ropani Land For Sale. : Land For Sale In Nirmal Pokhari, Pokhara","Nirmal Pokhari-21, Nirmal Pokhari, Pokhara",Pokhara,2500000,0,0,3.0,0,South,2074.0,504,30 Ropani,20 Feet / Blacktopped,20 Feet , Blacktopped,30 Ropani,4 months ago,[],1,20.0,164280.0,164280.0,Medium
"Beautiful Semi Bungalow For Sale : House For Sale In Hattigauda, Kathmandu","Na, Hattigauda, Kathmandu",Kathmandu,33500000,5,5,3.0,1,North West,2076.0,837,5.5 ana Aana,14 Feet / Gravelled,14 Feet , Gravelled,N/A Aana,4 months ago,"['Garage', 'Balcony', 'Drainage', 'Solar Water', 'Water Tank', 'Water Well']",0,14.0,1882.375,,Premium
"House For Sale At Bhangal Budhanilkantha : House For Sale In Budhanilkantha, Kathmandu","Sundar Basti Bhangal, Budhanilkantha, Kathmandu",Kathmandu,29900000,7,6,3.0,2,South West,2019.0,472,5 Aana,20 Feet / Blacktopped,20 Feet , Blacktopped,2700 Sq. Feet,4 months ago,"['Balcony', 'Backyard', 'Garden', 'Modular Kitchen', 'Drainage', 'Water Supply', 'Solar Water', 'Water Well', 'Water Tank', 'Store Room']",0,20.0,1711.25,2700.0,Premium
"New Homes At Basundhara Chauki : House For Sale In Basundhara, Kathmandu","Na, Basundhara, Kathmandu",Kathmandu,49000000,6,6,3.0,2,South,2074.0,498,5.3 Aana,14 Feet / Blacktopped,14 Feet , Blacktopped,N/A Aana,4 months ago,[],0,14.0,1813.925,,Premium
"Brand New : House For Sale In Buddhanagar, Kathmandu","buddhanagar, Buddhanagar, Kathmandu",Kathmandu,29900000,5,3,2.5,1,South,2076.0,4.6K,0-3-0-0 Aana,10 Feet / Concrete,10 Feet , Concrete,N/A Aana,4 months ago,"['Balcony', 'Fencing', 'Modular Kitchen', 'TV Cable', 'Wifi', 'Drainage', 'Water Supply', 'Water Tank', 'Water Well', 'Electricity Backup', 'Internet', 'Parking', 'Store Room']",0,10.0,1026.75,,Premium
"Grandy Home : House For Sale In Tokha, Kathmandu","Na, Tokha, Kathmandu",Kathmandu,21000000,6,6,3.0,1,East,2074.0,550,3 Aana,13 Feet / Paved,13 Feet , Paved,N/A Aana,4 months ago,['Garage'],0,13.0,1026.75,,High
"Golfutar Height Bungalow : House For Sale In Golfutar, Kathmandu","Na, Golfutar, Kathmandu",Kathmandu,100000000,6,6,3.0,5,East,2069.0,589,19 Aana,13 Feet / Blacktopped,13 Feet , Blacktopped,N/A Aana,4 months ago,"['Garage', 'Balcony', 'Backyard', 'Frontyard', 'Garden', 'Fencing', 'Microwave', 'Modular Kitchen', 'Washing Machine', 'Water Supply', 'Drainage', 'Solar Water', 'Water Tank', 'Store Room', 'Parking', 'Security Staff', 'Kids Playground']",0,13.0,6502.75,,Premium
"Ganeschok Home : House For Sale In Hattigauda, Kathmandu","Na, Hattigauda, Kathmandu",Kathmandu,45000000,5,5,3.0,1,North,2074.0,179,6 ana Aana,13 Feet / Blacktopped,13 Feet , Blacktopped,N/A Aana,4 months ago,"['Drainage', 'Water Tank', 'Solar Water', 'Water Supply']",1,13.0,2053.5,,Premium
"Beautiful Shaped Land Italitar Hattigauda : Land For Sale In Hattigauda, Kathmandu","Na, Hattigauda, Kathmandu",Kathmandu,3500000,0,0,3.0,0,East,2074.0,378,19 Aana,15 Feet / Blacktopped,15 Feet , Blacktopped,N/A Aana,4 months ago,[],1,15.0,6502.75,,Medium
"Grandy Tokhama Naya Ghar : House For Sale In Tokha, Kathmandu","Na, Tokha, Kathmandu",Kathmandu,33500000,6,6,3.0,1,South East,2076.0,87,4 Aana,14 Feet / Blacktopped,14 Feet , Blacktopped,N/A Aana,4 months ago,"['Balcony', 'Drainage', 'Solar Water', 'Water Tank']",0,14.0,1369.0,,Premium
"Hattigauda Brand New Semi Bungalow : House For Sale In Hattigauda, Kathmandu","Na, Hattigauda, Kathmandu",Kathmandu,28500000,5,5,3.0,1,North,2076.0,143,4 Aana,15 Feet / Gravelled,15 Feet , Gravelled,N/A Aana,4 months ago,"['Garage', 'Solar Water', 'Drainage', 'Water Tank', 'Water Well']",0,15.0,1369.0,,Premium
"Basundhara Indreni Colony Home : House For Sale In Basundhara, Kathmandu","Na, Basundhara, Kathmandu",Kathmandu,50000000,5,5,3.0,3,East,2071.0,551,11 Aana,16 Feet / Blacktopped,16 Feet , Blacktopped,N/A Aana,4 months ago,"['Frontyard', 'Garden', 'Garage', 'Store Room']",0,16.0,3764.75,,Premium
"Nayabazar Home : House For Sale In Naya Bazar, Kathmandu","Na, Naya Bazar, Kathmandu",Kathmandu,35000000,5,5,3.0,2,East,2069.0,310,5 Aana,20 Feet / Blacktopped,20 Feet , Blacktopped,N/A Aana,4 months ago,"['Modular Kitchen', 'Drainage', 'Solar Water', 'Water Supply', 'Water Tank', 'Water Well']",0,20.0,1711.25,,Premium
"Pasikot Bungalow : House For Sale In Budhanilkantha, Kathmandu","Na, Budhanilkantha, Kathmandu",Kathmandu,49000000,5,5,3.0,2,West,2076.0,490,8.5 Aana,13 Feet / Gravelled,13 Feet , Gravelled,N/A Aana,4 months ago,"['Garage', 'Air Condition', 'Balcony', 'Frontyard', 'Garden', 'Modular Kitchen', 'Washing Machine', 'Wifi', 'Drainage', 'Water Supply', 'Solar Water', 'Water Well', 'Internet', 'Store Room', 'Parking']",0,13.0,2909.125,,Premium
"7 Ana Bungalow Urgent For Sale : House For Sale In Thulo Bharyang, Kathmandu","Na, Thulo Bharyang, Kathmandu",Kathmandu,39000000,5,5,3.0,3,East,2070.0,151,7 Aana,15 Feet / Blacktopped,15 Feet , Blacktopped,N/A Aana,4 months ago,"['Garage', 'Frontyard', 'Garden', 'Modular Kitchen', 'Water Supply', 'Drainage', 'Solar Water', 'Water Well', 'Water Tank', 'Store Room']",0,15.0,2395.75,,Premium
"Dhumbarahi 32 Ana Land : Land For Sale In Dhumbarahi, Kathmandu","Na, Dhumbarahi, Kathmandu",Kathmandu,6500000,0,0,3.0,0,East,2074.0,146,32 Aana,20 Feet / Blacktopped,20 Feet , Blacktopped,N/A Aana,4 months ago,[],1,20.0,10952.0,,Medium
"Grandy Home : House For Sale In Tokha, Kathmandu","Na, Tokha, Kathmandu",Kathmandu,29000000,6,6,3.0,1,East,2074.0,316,4 Aana,13 Feet / Blacktopped,13 Feet , Blacktopped,N/A Aana,4 months ago,"['Water Supply', 'Solar Water', 'Drainage', 'Water Tank', 'Water Well', 'Store Room']",0,13.0,1369.0,,Premium
"Hattigaudama Brand New Family Bungalows : House For Sale In Budhanilkantha, Kathmandu","Na, Budhanilkantha, Kathmandu",Kathmandu,44500000,5,5,3.0,1,South,2076.0,410,5 Aana,16 Feet / Blacktopped,16 Feet , Blacktopped,N/A Aana,4 months ago,"['Balcony', 'Water Supply', 'Drainage', 'Solar Water', 'Water Tank', 'Store Room', 'Parking']",0,16.0,1711.25,,Premium
"Maharajganj Lands : Land For Sale In Maharajgunj, Kathmandu","Na, Maharajgunj, Kathmandu",Kathmandu,5500000,0,0,3.0,0,South,2074.0,487,5 Aana,15 Feet / Blacktopped,15 Feet , Blacktopped,N/A Aana,4 months ago,[],1,15.0,1711.25,,Medium
"Golfutar 8 Ana For Sale : Land For Sale In Golfutar, Kathmandu","Na, Golfutar, Kathmandu",Kathmandu,3700000,0,0,3.0,0,East,2074.0,359,8 Aana,16 Feet / Blacktopped,16 Feet , Blacktopped,N/A Aana,4 months ago,[],1,16.0,2738.0,,Medium
"Basundhara Beautiful Bungalow : House For Sale In Basundhara, Kathmandu","Na, Basundhara, Kathmandu",Kathmandu,29800000,5,5,3.0,1,East,2074.0,581,4.1 Aana,16 Feet / Blacktopped,16 Feet , Blacktopped,N/A Aana,4 months ago,"['Balcony', 'Garage', 'Parking', 'Store Room', 'Solar Water', 'Water Supply', 'Water Well']",1,16.0,1403.225,,Premium
"Baluwatar 16 Ana Land : Land For Sale In Baluwatar, Kathmandu","Na, Baluwatar, Kathmandu",Kathmandu,5700000,0,0,3.0,0,East,2074.0,371,16 Aana,12 Feet / Blacktopped,12 Feet , Blacktopped,N/A Aana,4 months ago,[],1,12.0,5476.0,,Medium
"Jorpati Daachi Plotting Land : Land For Sale In Jorpati, Kathmandu","Na, Jorpati, Kathmandu",Kathmandu,1250000,0,0,3.0,0,East,2074.0,179,5/5/6 Aana,20 Feet / Soil Stabilized,20 Feet , Soil Stabilized,N/A Aana,4 months ago,[],1,20.0,1825.3333333333333,,Low
"3.5 Ana Land On Sale In Kalanki : Land For Sale In Chandragiri, Kathmandu","Bishnudevi , Kalanki, Chandragiri, Kathmandu",Kathmandu,2000000,0,0,3.0,0,South East,2074.0,509,0-3-1-3 Aana,12 Feet / Gravelled,12 Feet , Gravelled,N/A Aana,4 months ago,[],1,12.0,1176.484375,,Medium
"Sale-Imperial Apartment Sanepa : Apartment For Sale In Sanepa, Lalitpur","Sanepa, Sanepa, Lalitpur",Lalitpur,45000000,3,2,13.0,1,South,2015.0,1.7K,1800 Sq. Feet,20 Feet / Blacktopped,20 Feet , Blacktopped,1800 Sq. Feet,4 months ago,"['Jacuzzi', 'Lawn', 'Garage', 'Air Condition', 'Balcony', 'Microwave', 'Gym', 'Garden', 'Frontyard', 'Deck', 'Modular Kitchen', 'Swimming Pool', 'TV Cable', 'Washing Machine', 'Wifi', 'Drainage', 'Cafeteria', 'CCTV', 'Water Tank', 'Water Well', 'Solar Water', 'Water Supply', 'Electricity Backup', 'Intercom', 'Internet', 'Kids Playground', 'Lift', 'Maintenance']",0,20.0,1800.0,1800.0,Premium
"५ रोपनी, १८ लाख प्रति आना, चोभार/ : Land For Sale In Machhegaun, Kirtipur","Chobhar, Machhegaun, Kirtipur",Kirtipur,1800000,0,0,3.0,0,South,2074.0,391,5-0-0-0 Ropani,20 Feet / Blacktopped,20 Feet , Blacktopped,N/A Aana,4 months ago,[],1,20.0,27380.0,,Medium
"टुक्रा जग्गा चोभार हाइट मा बिक्रीमा : Land For Sale In Machhegaun, Kirtipur","Chobhar Height, Machhegaun, Kirtipur",Kirtipur,2000000,0,0,3.0,0,East,2074.0,389,"4,5,6,7,8 aana Aana",13 Feet / Blacktopped,13 Feet , Blacktopped,N/A Aana,4 months ago,[],1,13.0,2053.5,,Medium
"Land For Sale In Bardibas, Mahottari","Sindhuli, Ratmata, Bardibas, Mahottari",Mahottari,220000,0,0,0.0,0,East,2074.0,706,10935 Sq. Feet,6 Meter / Soil Stabilized,6 Meter , Soil Stabilized,10935 Sq. Feet,4 months ago,[],1,19.68504,10935.0,10935.0,Low
"Attractive Land For Rent - Suitable For Factory : Land For Rent In Bhadrapur, Jhapa","Sangam Marga, Bhadrapur, Jhapa",Jhapa,200000,0,0,3.0,0,North West,2074.0,376,20 Kattha,20 Feet / Gravelled,20 Feet , Gravelled,N/A Aana,4 months ago,[],1,20.0,72900.0,,Low
"Flat For Rent In Imadol, Lalitpur","OCHHU height, Imadol, Lalitpur",Lalitpur,15000,2,1,3.0,0,South East,2075.0,657,700 Sq. Feet,14 Feet / Gravelled,14 Feet , Gravelled,700 Sq. Feet,4 months ago,"['Garden', 'Modular Kitchen', 'Water Supply', 'Water Tank']",0,14.0,700.0,700.0,Low
"Brand New : House For Sale In Bhimsengola, Baneshwor, Kathmandu","Bhimsengola, Bhimsengola, Baneshwor, Kathmandu",Kathmandu,38700000,6,5,3.0,3,East,2076.0,3.8K,0-4-0-0 Aana,15 Feet / Blacktopped,15 Feet , Blacktopped,N/A Aana,4 months ago,"['Balcony', 'Fencing', 'Modular Kitchen', 'TV Cable', 'Wifi', 'Drainage', 'Water Supply', 'Solar Water', 'Water Tank', 'Water Well', 'Electricity Backup', 'Internet', 'Parking', 'Store Room']",0,15.0,1369.0,,Premium
"Brand New House On Sale At Bhimsengola : House For Sale In Old Baneshwor, Kathmandu","Bhimsengola, Old Baneshwor, Kathmandu",Kathmandu,39000000,6,5,3.0,3,East,2019.0,859,0-4-0-0 Aana,13 Feet / Blacktopped,13 Feet , Blacktopped,2300 Sq. Feet,4 months ago,[],0,13.0,1369.0,2300.0,Premium
"Dhapakhel : Land For Sale In Dhapakhel, Lalitpur","Dhapakhel, Dhapakhel, Lalitpur",Lalitpur,1200000,0,0,3.0,0,South East,2074.0,2K,3.3 Aana,20 Feet / Soil Stabilized,20 Feet , Soil Stabilized,N/A Aana,4 months ago,[],1,20.0,1129.425,,Low
"House For Sale In Syuchatar, Kathmandu","Green Village Society, Syuchatar, Kathmandu",Kathmandu,15000000,4,2,1.5,1,South,2072.0,11.8K,0-4-3-0 Aana,18 Feet / Concrete,18 Feet , Concrete,151 Sq. Feet,4 months ago,"['Balcony', 'Fencing', 'Frontyard', 'Garden', 'Modular Kitchen', 'TV Cable', 'Wifi', 'Drainage', 'Water Supply', 'Water Tank', 'Water Well', 'Electricity Backup', 'Internet', 'Parking', 'Security Staff', 'Store Room']",0,18.0,1625.6875,151.0,High
"Commercial Building : House For Sale In Thulo Bharyang, Kathmandu","Nearby ekdhara chwok, Thulo Bharyang, Kathmandu",Kathmandu,155000000,9,6,5.5,31,North,2075.0,5.1K,0-14-2-0 Aana,20 Feet / Blacktopped,20 Feet , Blacktopped,24000 Aana,4 months ago,"['Balcony', 'Fencing', 'Gym', 'TV Cable', 'Wifi', 'Drainage', 'Water Supply', 'Solar Water', 'Water Tank', 'Water Well', 'CCTV', 'Electricity Backup', 'Intercom', 'Internet', 'Maintenance', 'Parking', 'Security Staff', 'Store Room']",0,20.0,4962.625,8214000.0,Premium
"2 Storey Beautiful House For Sale At Tinkune : House For Sale In Tinkune, Kathmandu","Subidhanagar,Tinkune, Tinkune, Kathmandu",Kathmandu,32500000,4,3,2.0,4,East,2074.0,393,5.75 Aana,11 Feet / Blacktopped,11 Feet , Blacktopped,N/A Aana,4 months ago,"['Lawn', 'Backyard', 'Frontyard', 'TV Cable', 'Wifi', 'Drainage', 'Water Supply', 'Water Tank', 'Internet', 'Parking', 'Store Room']",1,11.0,1967.9375,,Premium
"Luxurious Bungalow : House For Sale In Dhobighat, Lalitpur","Dhobighat, Dhobighat, Lalitpur",Lalitpur,90000000,4,2,2.5,3,South,2074.0,11.3K,0-20-0-0 Aana,16 Feet / Blacktopped,16 Feet , Blacktopped,N/A Aana,4 months ago,"['Lawn', 'Balcony', 'Fencing', 'Frontyard', 'Garden', 'Modular Kitchen', 'TV Cable', 'Washing Machine', 'Wifi', 'Drainage', 'Water Supply', 'Solar Water', 'Water Tank', 'Water Well', 'CCTV', 'Electricity Backup', 'Internet', 'Kids Playground', 'Maintenance', 'Parking', 'Store Room']",1,16.0,6845.0,,Premium
"2BHK FLAT ON RENT AT BALAJU BORATAR (NEAR BANASTHALI KHARIBOT) : House For Rent In Balaju, Kathmandu","Balaju, Kathmandu, Balaju, Kathmandu",Kathmandu,15000,2,1,3.0,1,North,2019.0,868,3 Aana,13 Feet / Gravelled,13 Feet , Gravelled,2.75 Aana,4 months ago,"['Balcony', 'TV Cable', 'Wifi', 'Water Supply', 'Water Well', 'Water Tank', 'Internet', 'Kids Playground', 'Parking']",0,13.0,1026.75,941.1875,Low
"Hattiban Height : House For Rent In Hattiban, Lalitpur","Setipakha, Hattiban, Lalitpur",Lalitpur,150000,5,3,3.0,1,East,2012.0,572,10 Aana,17 Meter / Blacktopped,17 Meter , Blacktopped,4 Aana,4 months ago,"['Garage', 'Balcony', 'Garden', 'TV Cable', 'Water Supply', 'Water Well', 'Parking']",0,55.77428,3422.5,1369.0,Low
"Land In Chabahil For Sale : Land For Sale In Chabahil, Kathmandu","Ganeshthan Temple, Chabahil, Kathmandu",Kathmandu,4500000,0,0,3.0,0,East,2074.0,649,0-6-0-0 Aana,15 Feet / Blacktopped,15 Feet , Blacktopped,N/A Aana,4 months ago,[],1,15.0,2053.5,,Medium
"2.5 Storey : House For Sale In Sitapaila, Kathmandu","near Aadeshwor Planning, Sitapaila, Kathmandu",Kathmandu,21000000,6,5,2.5,1,East,2074.0,8K,0-4-0-0 Aana,14 Feet / Concrete,14 Feet , Concrete,2200 Aana,4 months ago,"['Balcony', 'Fencing', 'Modular Kitchen', 'TV Cable', 'Wifi', 'Drainage', 'Water Supply', 'Solar Water', 'Water Tank', 'Water Well', 'Electricity Backup', 'Internet', 'Parking', 'Store Room']",1,14.0,1369.0,752950.0,High
"House For Sale In Imadol, Lalitpur","Opposite of green hill city, Imadol, Lalitpur",Lalitpur,21500000,5,3,2.5,1,South,2076.0,1.2K,0-3-1-0 Aana,20 Feet / Blacktopped,20 Feet , Blacktopped,N/A Sq. Feet,4 months ago,"['Balcony', 'Fencing', 'Modular Kitchen', 'Swimming Pool', 'TV Cable', 'Wifi', 'Water Supply', 'Water Tank', 'Water Well', 'Electricity Backup', 'Internet', 'Parking', 'Store Room']",0,20.0,1112.3125,,High
"House For Sale In Imadol, Lalitpur","Opposite of Green Hill city, Imadol, Lalitpur",Lalitpur,22500000,6,3,2.5,1,South,2076.0,903,0-3-2-0 Aana,20 Feet / Blacktopped,20 Feet , Blacktopped,N/A Sq. Feet,4 months ago,"['Balcony', 'Fencing', 'Modular Kitchen', 'TV Cable', 'Wifi', 'Water Supply', 'Solar Water', 'Water Tank', 'Electricity Backup', 'Internet', 'Parking', 'Store Room']",0,20.0,1197.875,,High
"Royal Durbar Style Classical Bungalow At Golfutar, Budhanilkantha : House For Sale In Golfutar, Kathmandu","Golfutar, Budhanilkantha, Golfutar, Kathmandu",Kathmandu,35000000,4,4,2.0,2,East,2074.0,2.4K,0-7-0-0 Aana,20 Feet / Gravelled,20 Feet , Gravelled,N/A Aana,4 months ago,"['Lawn', 'Garage', 'Air Condition', 'Backyard', 'Balcony', 'Microwave', 'Gym', 'Garden', 'Frontyard', 'Fencing', 'Deck', 'Modular Kitchen', 'TV Cable', 'Washing Machine', 'Wifi', 'Drainage', 'CCTV', 'Water Tank', 'Water Well', 'Solar Water', 'Electricity Backup', 'Water Supply', 'Internet', 'Kids Playground']",1,20.0,2395.75,,Premium
"14 Anna 5 Bhk Bungalow For Sale Mandikatar Height Near Hams Hospital : House For Sale In Mandikatar, Kathmandu","Mandikatar Height Near Hams Hospital, Mandikatar, Kathmandu",Kathmandu,60000000,5,4,2.0,2,East,2074.0,756,0-14-0-0 Aana,16 Feet / Blacktopped,16 Feet , Blacktopped,N/A Aana,4 months ago,"['Lawn', 'Garage', 'Air Condition', 'Backyard', 'Balcony', 'Microwave', 'Garden', 'Frontyard', 'Fencing', 'Deck', 'Modular Kitchen', 'TV Cable', 'Wifi', 'Drainage', 'Water Tank', 'Water Well', 'Solar Water', 'Water Supply', 'Electricity Backup', 'Internet', 'Kids Playground']",1,16.0,4791.5,,Premium
"Attractive 11 Anna House For Sale At Dhumbarahi, Inside Ring Road. : House For Sale In Dhumbarahi, Kathmandu","Dhumbarahi, Inside Ring Road, Dhumbarahi, Kathmandu",Kathmandu,75000000,0,4,2.0,0,East,2074.0,357,0-11-0-0 Aana,18 Feet / Blacktopped,18 Feet , Blacktopped,N/A Aana,4 months ago,"['Lawn', 'Garage', 'Air Condition', 'Backyard', 'Balcony', 'Microwave', 'Garden', 'Frontyard', 'Fencing', 'Deck', 'Modular Kitchen', 'TV Cable', 'Washing Machine', 'Wifi', 'Water Tank', 'Water Well', 'Solar Water', 'Electricity Backup', 'Water Supply', 'Internet']",1,18.0,3764.75,,Premium
"House For Sale In Basundhara, Kathmandu","Basundhara, Shree Tol, Basundhara, Kathmandu",Kathmandu,36500000,4,3,2.0,1,East,2076.0,359,0-5-0-0 Aana,15 Feet / Gravelled,15 Feet , Gravelled,N/A Aana,4 months ago,"['Lawn', 'Garage', 'Air Condition', 'Backyard', 'Balcony', 'Microwave', 'Garden', 'Frontyard', 'Fencing', 'Deck', 'Modular Kitchen', 'TV Cable', 'Wifi', 'Drainage', 'Water Tank', 'Water Well', 'Solar Water', 'Electricity Backup', 'Water Supply', 'Internet']",0,15.0,1711.25,,Premium
"5 Anna Fully Furnished Bungalow For Sale At Hattigauda, Very Near Highway. : House For Sale In Hattigauda, Kathmandu","Hattigauda, Near Highway, Hattigauda, Kathmandu",Kathmandu,37500000,4,3,2.0,1,South East,2074.0,1.6K,0-5-0-0 Aana,15 Feet / Blacktopped,15 Feet , Blacktopped,N/A Aana,4 months ago,"['Lawn', 'Garage', 'Air Condition', 'Backyard', 'Balcony', 'Microwave', 'Garden', 'Frontyard', 'Fencing', 'Deck', 'Modular Kitchen', 'TV Cable', 'Washing Machine', 'Wifi', 'Drainage', 'Water Tank', 'Internet', 'Water Well', 'Solar Water', 'Water Supply', 'Electricity Backup']",1,15.0,1711.25,,Premium
"8, 9 And 10 Anna Plot Of Land For Sale At Budhanilkantha Inside Siddhartha Colony. : Land For Sale In Budhanilkantha, Kathmandu","Budhanilkantha Inside Siddhartha Colony, Budhanilkantha, Kathmandu",Kathmandu,3800000,0,0,3.0,0,East,2074.0,255,"0-8,9,10-0-0 Aana",16 Feet / Blacktopped,16 Feet , Blacktopped,N/A Aana,4 months ago,[],1,16.0,3080.25,,Medium
"16 Anna Land For Sale At Baluwatar Near Alice Restaurant. : Land For Sale In Baluwatar, Kathmandu","Baluwatar Near Alice Restaurant, Baluwatar, Kathmandu",Kathmandu,5700000,0,0,3.0,0,East,2074.0,261,1-0-0-0 Ropani,15 Feet / Blacktopped,15 Feet , Blacktopped,N/A Aana,4 months ago,[],1,15.0,5476.0,,Medium
"3.1 Anna Brand New House For Sale At Greenland Tokha Near Grande : House For Sale In Tokha, Kathmandu","Greenland Tokha Near Grande, Tokha, Kathmandu",Kathmandu,25000000,4,3,2.0,1,East,2076.0,221,0-3.1-0-0 Aana,12 Feet / Gravelled,12 Feet , Gravelled,N/A Aana,4 months ago,"['Garage', 'Backyard', 'Balcony', 'Microwave', 'Garden', 'Frontyard', 'Fencing', 'Deck', 'Modular Kitchen', 'Washing Machine', 'TV Cable', 'Wifi', 'Drainage', 'Water Tank', 'Water Well', 'Solar Water', 'Water Supply', 'Electricity Backup', 'Internet', 'Kids Playground']",0,12.0,1060.9750000000001,,High
"2 Modern Bungalows For Sale At Greenland. : House For Sale In Tokha, Kathmandu","Greenland, Tokha, Kathmandu",Kathmandu,38500000,0,4,2.0,3,East,2076.0,306,0-6.5/8-0-0 Aana,16 Feet / Blacktopped,16 Feet , Blacktopped,N/A Aana,4 months ago,"['Lawn', 'Garage', 'Air Condition', 'Backyard', 'Balcony', 'Microwave', 'Garden', 'Frontyard', 'Fencing', 'Deck', 'Modular Kitchen', 'TV Cable', 'Washing Machine', 'Wifi', 'Drainage', 'Water Tank', 'Water Well', 'Solar Water', 'Water Supply', 'Electricity Backup', 'Internet', 'Kids Playground']",0,16.0,0.0,,Premium
"East Facing 6 Anna Land At Rudreshwor, Budhanilkantha, (Road - 20 Ft.) : Land For Sale In Budhanilkantha, Kathmandu","Rudreshwor, Budhanilkantha, (road - 20 Ft.), Budhanilkantha, Kathmandu",Kathmandu,3500000,0,0,3.0,0,South East,2074.0,135,0-6-0-0 Aana,20 Feet / Blacktopped,20 Feet , Blacktopped,N/A Aana,4 months ago,[],1,20.0,2053.5,,Medium
"Brand New House For Sale At Bhangal, Budhanilkantha In 20 Feet Road. : House For Sale In Budhanilkantha, Kathmandu","Bhangal sangyukta buspark , budhanilkantha, Budhanilkantha, Kathmandu",Kathmandu,24000000,4,3,2.0,1,East,2076.0,198,0-4-0-0 Aana,14 Feet / Blacktopped,14 Feet , Blacktopped,N/A Aana,4 months ago,"['Lawn', 'Garage', 'Air Condition', 'Backyard', 'Balcony', 'Microwave', 'Garden', 'Frontyard', 'Fencing', 'Deck', 'Modular Kitchen', 'Washing Machine', 'Wifi', 'Drainage', 'Water Tank', 'Water Well', 'Solar Water', 'Water Supply', 'Electricity Backup', 'Internet', 'Kids Playground']",0,14.0,1369.0,,High
"4.75 Brand New Attractive House For Sale At Basundhara : House For Sale In Basundhara, Kathmandu","Basundhara, Shree Tol, Basundhara, Kathmandu",Kathmandu,35500000,4,3,3.0,1,East,2076.0,151,0-4.75-0-0 Aana,15 Feet / Gravelled,15 Feet , Gravelled,N/A Aana,4 months ago,"['Lawn', 'Garage', 'Air Condition', 'Backyard', 'Balcony', 'Microwave', 'Garden', 'Frontyard', 'Fencing', 'Deck', 'Modular Kitchen', 'TV Cable', 'Washing Machine', 'Wifi', 'Drainage', 'Water Tank', 'Water Well', 'Solar Water', 'Water Supply', 'Electricity Backup', 'Internet', 'Kids Playground']",0,15.0,1625.6875,,Premium
"CLassical Durbar Style 1 Ropani Bungalow For Sale At Chapali : House For Sale In Chapali, Kathmandu","Chapali, Chapali, Kathmandu",Kathmandu,110000000,4,4,3.0,0,East,2074.0,436,1-0-0-0 Ropani,16 Feet / Blacktopped,16 Feet , Blacktopped,N/A Aana,4 months ago,"['Lawn', 'Garage', 'Air Condition', 'Backyard', 'Balcony', 'Microwave', 'Gym', 'Washing Machine', 'Garden', 'Frontyard', 'Fencing', 'Deck', 'Modular Kitchen', 'TV Cable', 'Wifi', 'Drainage', 'Cafeteria', 'CCTV', 'Water Tank', 'Water Well', 'Solar Water', 'Water Supply', 'Electricity Backup', 'Internet', 'Kids Playground']",1,16.0,5476.0,,Premium
"5 Anna New House For Sale At Bishalnagar, (1 Floor Underground) : House For Sale In Hadigaun, Kathmandu","Bishalnagar, Hadigaun, Kathmandu",Kathmandu,55000000,4,3,3.0,2,East,2074.0,125,0-5-0-0 Aana,15 Feet / Blacktopped,15 Feet , Blacktopped,N/A Aana,4 months ago,"['Lawn', 'Garage', 'Air Condition', 'Backyard', 'Balcony', 'Microwave', 'Garden', 'Frontyard', 'Fencing', 'Modular Kitchen', 'Deck', 'TV Cable', 'Washing Machine', 'Wifi', 'Drainage', 'CCTV', 'Water Tank', 'Water Well', 'Solar Water', 'Water Supply', 'Parking', 'Electricity Backup', 'Internet', 'Kids Playground']",1,15.0,1711.25,,Premium
"5.5 Anna New Family Bungalow For Sale At Hattigauda : House For Sale In Hattigauda, Kathmandu","Hattigauda, Hattigauda, Kathmandu",Kathmandu,35500000,4,4,2.0,2,East,2074.0,297,0-5.5-0-0 Aana,15 Feet / Blacktopped,15 Feet , Blacktopped,N/A Aana,4 months ago,"['Lawn', 'Garage', 'Air Condition', 'Backyard', 'Balcony', 'Microwave', 'Frontyard', 'Fencing', 'Deck', 'Modular Kitchen', 'TV Cable', 'Washing Machine', 'Wifi', 'Drainage', 'CCTV', 'Water Tank', 'Water Well', 'Solar Water', 'Water Supply', 'Electricity Backup', 'Internet', 'Kids Playground']",1,15.0,1882.375,,Premium
"5 BHK Attractive Semi Bungalow For Sale At Baniyatar, Tokha : House For Sale In Tokha, Kathmandu","Baniyatar, Tokha, Tokha, Kathmandu",Kathmandu,29500000,4,3,2.0,1,East,2076.0,110,0-4-0-0 Aana,13 Feet / Blacktopped,13 Feet , Blacktopped,N/A Aana,4 months ago,"['Lawn', 'Garage', 'Air Condition', 'Backyard', 'Balcony', 'Microwave', 'Garden', 'Frontyard', 'Fencing', 'Deck', 'Modular Kitchen', 'TV Cable', 'Washing Machine', 'Wifi', 'Drainage', 'Water Tank', 'Water Well', 'Solar Water', 'Water Supply', 'Electricity Backup', 'Internet']",0,13.0,1369.0,,Premium
"8.2 Anna Full Furnished Bungalow For Sale At Pasikot, Budhanilkantha : House For Sale In Pasikot, Kathmandu","Pasikot, Budhanilkantha, Highway bata 800 meter west., Pasikot, Kathmandu",Kathmandu,49500000,0,4,2.0,3,East,2074.0,290,0-8.2--0 Aana,16 Feet / Blacktopped,16 Feet , Blacktopped,N/A Aana,4 months ago,"['Lawn', 'Garage', 'Air Condition', 'Backyard', 'Balcony', 'Microwave', 'Garden', 'Frontyard', 'Fencing', 'Deck', 'Modular Kitchen', 'TV Cable', 'Washing Machine', 'Wifi', 'Drainage', 'Water Tank', 'Water Well', 'Solar Water', 'Water Supply', 'Electricity Backup', 'Internet', 'Kids Playground']",1,16.0,2806.45,,Premium
"Classical 17.3 Anna Bungalow For Sale At Sukedhara Chowk Inside Colony : House For Sale In Sukedhara, Kathmandu","Sukedhara Chowk , Colony Bhitra, Sukedhara, Kathmandu",Kathmandu,95000000,0,4,2.0,0,East,2074.0,390,0-17.3-0- Aana,15 Feet / Blacktopped,15 Feet , Blacktopped,N/A Aana,4 months ago,"['Lawn', 'Garage', 'Air Condition', 'Backyard', 'Balcony', 'Microwave', 'Garden', 'Frontyard', 'Fencing', 'Deck', 'Modular Kitchen', 'TV Cable', 'Washing Machine', 'Wifi', 'Drainage', 'Water Tank', 'Water Well', 'Solar Water', 'Water Supply', 'Electricity Backup', 'Internet', 'Kids Playground']",1,15.0,5920.925,,Premium
"4.5 Anna Attractive Brand New House For Sale At Jyotinagar, Baluwakhani : House For Sale In Kapan, Kathmandu","Jyotinagar, Baluwakhani, Kapan, Kathmandu",Kathmandu,28000000,4,3,2.0,2,South East,2076.0,275,0-4.5-0-0 Aana,14 Feet / Blacktopped,14 Feet , Blacktopped,N/A Aana,4 months ago,"['Lawn', 'Garage', 'Backyard', 'Balcony', 'Microwave', 'Garden', 'Frontyard', 'Deck', 'Fencing', 'Modular Kitchen', 'Drainage', 'Wifi', 'Water Supply', 'Solar Water', 'Water Well', 'Water Tank', 'Electricity Backup', 'Internet']",0,14.0,1540.125,,Premium
"7 Anna 4 BHK Bungalow For Sale In Siddhartha Colony, Budhanilkantha : House For Sale In Budhanilkantha, Kathmandu","Siddhartha Colony, Budhanilkantha, Budhanilkantha, Kathmandu",Kathmandu,45000000,4,4,3.0,3,East,2074.0,151,0-7-0-0 Aana,16 Feet / Blacktopped,16 Feet , Blacktopped,N/A Aana,4 months ago,"['Lawn', 'Garage', 'Air Condition', 'Backyard', 'Balcony', 'Microwave', 'Garden', 'Frontyard', 'Fencing', 'Deck', 'Modular Kitchen', 'TV Cable', 'Washing Machine', 'Wifi', 'Drainage', 'Water Tank', 'Water Well', 'Solar Water', 'Water Supply', 'Electricity Backup', 'Internet', 'Kids Playground']",1,16.0,2395.75,,Premium
"Magnificent 21 Anna Bungalow For Sale Pasikot, 800 Meters From Main Highway : House For Sale In Pasikot, Kathmandu","Pasikot, 800 M From Main Highway, Pasikot, Kathmandu",Kathmandu,80000000,0,4,3.0,0,East,2074.0,132,0-21-0-0 Aana,16 Feet / Blacktopped,16 Feet , Blacktopped,N/A Aana,4 months ago,"['Lawn', 'Garage', 'Backyard', 'Balcony', 'Microwave', 'Garden', 'Frontyard', 'Fencing', 'Deck', 'Modular Kitchen', 'TV Cable', 'Washing Machine', 'Wifi', 'Drainage', 'Water Tank', 'Water Well', 'Solar Water', 'Water Supply', 'Electricity Backup', 'Internet', 'Kids Playground']",1,16.0,7187.25,,Premium
"5 BHK Beautiful Bungalow For Sale At Dhapasi Height : House For Sale In Dhapasi, Kathmandu","Dhapasi Height, Dhapasi, Kathmandu",Kathmandu,35000000,4,4,2.0,2,East,2074.0,305,0-5-0-0 Aana,15 Feet / Blacktopped,15 Feet , Blacktopped,2500 Sq. Feet,4 months ago,"['Lawn', 'Garage', 'Backyard', 'Balcony', 'Garden', 'Microwave', 'Frontyard', 'Fencing', 'Deck', 'Modular Kitchen', 'TV Cable', 'Washing Machine', 'Wifi', 'Drainage', 'Water Tank', 'Water Well', 'Solar Water', 'Water Supply', 'Electricity Backup', 'Internet', 'Kids Playground']",1,15.0,1711.25,2500.0,Premium
"12 Anna 6 BHK Fully Furnished Bungalow On Sale At Chapali : House For Sale In Chapali, Kathmandu","Location: Kathmandu > Chapali (Budhanilkantha), Chapali, Kathmandu",Kathmandu,57500000,4,4,2.0,4,South East,2074.0,118,0-12-0-0 Aana,16 Feet / Blacktopped,16 Feet , Blacktopped,N/A Aana,4 months ago,"['Lawn', 'Garage', 'Air Condition', 'Backyard', 'Balcony', 'Microwave', 'Frontyard', 'Fencing', 'Deck', 'Modular Kitchen', 'TV Cable', 'Washing Machine', 'Wifi', 'Drainage', 'Water Tank', 'Water Well', 'Solar Water', 'Water Supply', 'Electricity Backup', 'Internet', 'Kids Playground']",1,16.0,4107.0,,Premium
"52 Anna 5 BHK Bungalow For Sale/Rent At Dhumbarahi, Only 150 Meters From Ring Road. : House For Sale In Dhumbarahi, Kathmandu","Dhumbarahi, 150 Mtr From Ring Road., Dhumbarahi, Kathmandu",Kathmandu,300000000,4,4,3.0,0,East,2074.0,737,0-52-0-0 Aana,20 Feet / Blacktopped,20 Feet , Blacktopped,N/A Aana,4 months ago,"['Lawn', 'Garage', 'Air Condition', 'Backyard', 'Balcony', 'Microwave', 'Gym', 'Garden', 'Frontyard', 'Fencing', 'Deck', 'Modular Kitchen', 'TV Cable', 'Washing Machine', 'Wifi', 'Drainage', 'Cafeteria', 'CCTV', 'Water Tank', 'Water Well', 'Solar Water', 'Water Supply', 'Electricity Backup', 'Internet', 'Kids Playground']",1,20.0,17797.0,,Premium
"Magnificent 4 BHK 9 Anna Bungalow For Sale At Hepali Height, Golfutar. : House For Sale In Golfutar, Kathmandu","Hepali Height, Golfutar., Golfutar, Kathmandu",Kathmandu,55000000,4,4,2.0,3,South East,2074.0,232,0-9-0-0 Aana,20 Feet / Blacktopped,20 Feet , Blacktopped,N/A Aana,4 months ago,"['Lawn', 'Garage', 'Air Condition', 'Backyard', 'Balcony', 'Microwave', 'Garden', 'Frontyard', 'Fencing', 'Deck', 'Modular Kitchen', 'TV Cable', 'Washing Machine', 'Wifi', 'Drainage', 'Water Tank', 'Water Well', 'Solar Water', 'Water Supply', 'Electricity Backup', 'Internet', 'Kids Playground']",1,20.0,3080.25,,Premium
"9 Anna Beautiful House For Sale At Maharajgunj In Above 20 Feet Road. : House For Sale In Maharajgunj, Kathmandu","Maharajgunj In Above 20 Feet Road., Maharajgunj, Kathmandu",Kathmandu,67500000,4,4,3.0,4,South East,2074.0,247,0-9-0-0 Aana,20 Feet / Blacktopped,20 Feet , Blacktopped,N/A Aana,4 months ago,"['Lawn', 'Garage', 'Air Condition', 'Backyard', 'Balcony', 'Microwave', 'Garden', 'Frontyard', 'Fencing', 'Deck', 'Modular Kitchen', 'TV Cable', 'Washing Machine', 'Wifi', 'Drainage', 'Water Tank', 'Water Well', 'Solar Water', 'Water Supply', 'Electricity Backup', 'Internet', 'Kids Playground']",1,20.0,3080.25,,Premium
"8 Anna Bungalow For Sale At Maharajgunj Just Behind Australian Embassy : House For Sale In Maharajgunj, Kathmandu","Maharajgunj Just Behind Australian Embassy, Maharajgunj, Kathmandu",Kathmandu,55000000,4,3,2.0,3,South East,2074.0,253,0-8-0-0 Aana,14 Feet / Blacktopped,14 Feet , Blacktopped,N/A Aana,4 months ago,"['Lawn', 'Garage', 'Air Condition', 'Backyard', 'Balcony', 'Microwave', 'Garden', 'Frontyard', 'Fencing', 'Deck', 'Modular Kitchen', 'TV Cable', 'Washing Machine', 'Wifi', 'Drainage', 'Water Tank', 'Water Well', 'Solar Water', 'Water Supply', 'Electricity Backup', 'Internet', 'Kids Playground']",1,14.0,2738.0,,Premium
"Brand New House For Sale At Samakhusi, Only 150 Meters From Ring Road. : House For Sale In Samakhusi, Kathmandu","Samakhusi, Only 150 Meters From Ring Road, Samakhusi, Kathmandu",Kathmandu,35000000,6,3,2.0,2,East,2076.0,210,0-5-0-0 Aana,15 Feet / Blacktopped,15 Feet , Blacktopped,N/A Aana,4 months ago,"['Lawn', 'Garage', 'Backyard', 'Balcony', 'Garden', 'Frontyard', 'Fencing', 'Deck', 'Modular Kitchen', 'Washing Machine', 'TV Cable', 'Wifi', 'Water Tank', 'Water Well', 'Solar Water', 'Water Supply', 'Electricity Backup', 'Internet', 'Kids Playground']",0,15.0,1711.25,,Premium
"6 Anna 5 Bhk House For Sale At Budhanilkantha, 100 Mtrs From Main Road : House For Sale In Budhanilkantha, Kathmandu","Budhanilkantha, 100 Mtrs From Main Road, Budhanilkantha, Kathmandu",Kathmandu,36000000,5,4,2.0,2,North East,2074.0,197,0-6-0-0 Aana,15 Feet / Blacktopped,15 Feet , Blacktopped,N/A Aana,4 months ago,"['Lawn', 'Garage', 'Air Condition', 'Backyard', 'Balcony', 'Microwave', 'Garden', 'Frontyard', 'Fencing', 'Deck', 'Modular Kitchen', 'TV Cable', 'Washing Machine', 'Drainage', 'Cafeteria', 'Water Tank', 'Water Well', 'Solar Water', 'Water Supply', 'Electricity Backup', 'Internet', 'Kids Playground']",1,15.0,2053.5,,Premium
"4 Anna Brand New House For Sale At Kapan Height : House For Sale In Kapan, Kathmandu","Kapan Height, Kapan, Kathmandu",Kathmandu,26000000,4,3,2.0,2,North East,2076.0,177,0-4-0-0 Aana,14 Feet / Blacktopped,14 Feet , Blacktopped,N/A Aana,4 months ago,"['Lawn', 'Garage', 'Backyard', 'Balcony', 'Garden', 'Frontyard', 'Fencing', 'Modular Kitchen', 'Drainage', 'Water Tank', 'Water Well', 'Solar Water', 'Water Supply', 'Internet', 'Kids Playground']",0,14.0,1369.0,,High
"Marvelous 9 Anna Bungalow For Sale At Golfutar, Hepali Height. : House For Sale In Golfutar, Kathmandu","Golfutar, Hepali Height, Golfutar, Kathmandu",Kathmandu,47500000,5,4,2.0,3,South East,2074.0,1K,0-9-0-0 Aana,16 Feet / Blacktopped,16 Feet , Blacktopped,N/A Aana,4 months ago,"['Lawn', 'Garage', 'Air Condition', 'Backyard', 'Balcony', 'Garden', 'Frontyard', 'Fencing', 'Modular Kitchen', 'TV Cable', 'Washing Machine', 'Wifi', 'Drainage', 'Water Tank', 'Water Well', 'Solar Water', 'Water Supply', 'Electricity Backup', 'Internet', 'Kids Playground']",1,16.0,3080.25,,Premium
"Kapan Height Small Home : House For Sale In Kapan, Kathmandu","Na, Kapan, Kathmandu",Kathmandu,18200000,5,5,3.0,1,East,2076.0,298,3.2 Aana,13 Feet / Blacktopped,13 Feet , Blacktopped,N/A Aana,4 months ago,"['Parking', 'Drainage', 'Water Supply', 'Water Tank']",0,13.0,1095.2,,High
"Beautiful : House For Rent In Bishal Nagar, Kathmandu","Bishal Basti, Bishal Nagar, Kathmandu",Kathmandu,200000,13,5,3.5,1,North,2074.0,1.6K,0-10-0-0 Aana,16 Feet / Paved,16 Feet , Paved,7000 Aana,4 months ago,"['Balcony', 'Modular Kitchen', 'TV Cable', 'Wifi', 'Drainage', 'Water Supply', 'Water Tank', 'Water Well', 'Electricity Backup', 'Internet', 'Parking', 'Store Room']",1,16.0,3422.5,2395750.0,Low
"Kapan Height Home : House For Sale In Kapan, Kathmandu","Na, Kapan, Kathmandu",Kathmandu,26000000,6,5,3.0,1,East,2076.0,494,4 Aana,14 Feet / Blacktopped,14 Feet , Blacktopped,N/A Aana,4 months ago,"['Parking', 'Drainage', 'Water Supply', 'Solar Water', 'Water Tank']",0,14.0,1369.0,,High
"Swayambhu Thulobharyang Home : House For Sale In Swayambhu, Kathmandu","Na, Swayambhu, Kathmandu",Kathmandu,39000000,5,5,3.0,2,East,2070.0,495,7 Aana,14 Feet / Paved,14 Feet , Paved,N/A Aana,4 months ago,"['Garage', 'Garden', 'Water Supply', 'Drainage', 'Store Room', 'Parking']",0,14.0,2395.75,,Premium
"Sitapaila Thapachwok Land On Sale : Land For Sale In Sitapaila, Kathmandu","thapachowk, Sitapaila, Kathmandu",Kathmandu,2300000,0,0,3.0,0,East,2074.0,526,5.1 Aana,12 Feet / Soil Stabilized,12 Feet , Soil Stabilized,N/A Aana,4 months ago,[],1,12.0,1745.475,,Medium
"Bungalow On Rent At Mandikatar, Dhumbharai : House For Rent In Mandikatar, Kathmandu","Mandikhatar, Mandikatar, Kathmandu",Kathmandu,120000,4,4,2.0,1,West,2074.0,605,8 Aana,14 Feet / Blacktopped,14 Feet , Blacktopped,6 Aana,4 months ago,"['Garage', 'Garden', 'Balcony', 'Store Room']",1,14.0,2738.0,2053.5,Low
"Hattigauda New Bungalow : House For Sale In Hattigauda, Kathmandu","Na, Hattigauda, Kathmandu",Kathmandu,33500000,5,5,3.0,2,North West,2076.0,300,5.5 Aana,13 Feet / Gravelled,13 Feet , Gravelled,N/A Aana,4 months ago,"['Modular Kitchen', 'Water Supply', 'Solar Water', 'Drainage', 'Water Well', 'Water Tank', 'Parking', 'Internet']",0,13.0,1882.375,,Premium
"Basundhara Bungalow : House For Sale In Basundhara, Kathmandu","Na, Basundhara, Kathmandu",Kathmandu,39900000,5,6,3.0,2,East,2069.0,147,7 Aana,14 Feet / Blacktopped,14 Feet , Blacktopped,N/A Aana,4 months ago,"['Water Supply', 'Drainage', 'Solar Water', 'Water Tank']",0,14.0,2395.75,,Premium
"3 BHK - Fully Furnished : Apartment For Sale In Balkumari, Lalitpur","Westar Apartment, Balkumari, Lalitpur",Lalitpur,18000000,3,2,4.0,1,East,2074.0,9.3K,1259 Sq. Feet,0 Feet,0 Feet,Unknown,1259 Sq. Feet,4 months ago,"['Lawn', 'Balcony', 'Garden', 'Gym', 'Modular Kitchen', 'Swimming Pool', 'TV Cable', 'Drainage', 'Water Supply', 'Solar Water', 'Water Well', 'CCTV', 'Cafeteria', 'Electricity Backup', 'Intercom', 'Internet', 'Kids Playground', 'Lift', 'Maintenance', 'Parking', 'Security Staff', 'Store Room', 'Jacuzzi']",1,0.0,1259.0,1259.0,High
"Mandikatar Height New Home : House For Sale In Mandikatar, Kathmandu","Na, Mandikatar, Kathmandu",Kathmandu,32500000,8,7,4.0,1,South East,2076.0,190,4 Aana,20 Feet / Blacktopped,20 Feet , Blacktopped,N/A Aana,4 months ago,"['Water Supply', 'Drainage', 'Solar Water']",0,20.0,1369.0,,Premium
"Pasikot Home : House For Sale In Budhanilkantha, Kathmandu","Na, Budhanilkantha, Kathmandu",Kathmandu,29000000,5,5,3.0,2,South,2075.0,180,5 Aana,14 Feet / Gravelled,14 Feet , Gravelled,N/A Aana,4 months ago,"['Garden', 'Water Supply', 'Solar Water', 'Drainage', 'Parking']",0,14.0,1711.25,,Premium
"26 Per Anna- Grande Hospital Near : Land For Sale In Tokha, Kathmandu","Grande Hospital, Tokha, Kathmandu, Tokha, Kathmandu",Kathmandu,2600000,0,0,3.0,0,North East,2074.0,216,4 Aana,15 Feet,15 Feet,Unknown,4 Aana,4 months ago,[],1,15.0,1369.0,1369.0,Medium
"Budhanilkantha 6 Ana Bungalow : House For Sale In Budhanilkantha, Kathmandu","Na, Budhanilkantha, Kathmandu",Kathmandu,36000000,5,5,3.0,1,East,2070.0,178,6 Aana,13 Feet / Blacktopped,13 Feet , Blacktopped,N/A Aana,4 months ago,"['Garden', 'Water Supply', 'Water Tank', 'Solar Water', 'Drainage']",0,13.0,2053.5,,Premium
"Hepali Bungalow For Sale : House For Sale In Golfutar, Kathmandu","Na, Golfutar, Kathmandu",Kathmandu,47500000,4,5,3.0,3,East,2070.0,215,9 Aana,15 Feet / Soil Stabilized,15 Feet , Soil Stabilized,N/A Aana,4 months ago,"['Garage', 'Balcony', 'Air Condition', 'Garden', 'Frontyard', 'Parking', 'Store Room', 'Water Supply', 'Solar Water', 'Drainage']",0,15.0,3080.25,,Premium
"3.5 Talle| Semi-Commercial House : House For Sale In Tarkeshwor, Kathmandu","Manamaiju, Gongabu, Kathmandu, Tarkeshwor, Kathmandu",Kathmandu,28000000,0,0,3.0,0,East,2074.0,140,4 Aana,12 Feet / Blacktopped,12 Feet , Blacktopped,4 Aana,4 months ago,"['Parking', 'Water Well', 'Water Tank', 'Water Supply', 'Drainage']",1,12.0,1369.0,1369.0,Premium
"Land For Sale In Prime Location Bhadrakali, Budhanikantha ~ 28 Aana : Land For Sale In Budhanilkantha, Kathmandu","Khadka Bhadrakali, Ward #7, Budhanilkantha, Kathmandu",Kathmandu,4000000,0,0,3.0,0,North,2074.0,448,1-12-0-0 Ropani,210 Feet / Blacktopped,210 Feet , Blacktopped,N/A Aana,4 months ago,[],1,210.0,9583.0,,Medium
"House For Sale In Imadol, Lalitpur","sital height, Imadol, Lalitpur",Lalitpur,15000000,5,3,2.5,1,West,2076.0,6.9K,0-2-2-0 Aana,13 Feet / Gravelled,13 Feet , Gravelled,1400 Sq. Feet,4 months ago,"['Balcony', 'Fencing', 'Modular Kitchen', 'TV Cable', 'Wifi', 'Drainage', 'Water Supply', 'Solar Water', 'Water Tank', 'Water Well', 'Electricity Backup', 'Internet', 'Parking', 'Store Room']",0,13.0,855.625,1400.0,High
"Full- Furnished : House For Sale In Imadol, Lalitpur","Sital height, Imadol, Lalitpur",Lalitpur,20000000,6,3,2.5,2,North,2076.0,4.6K,0-3-2-0 Aana,13 Feet / Gravelled,13 Feet , Gravelled,1900 Sq. Feet,4 months ago,"['Balcony', 'Fencing', 'Modular Kitchen', 'TV Cable', 'Drainage', 'Water Supply', 'Solar Water', 'Water Tank', 'Water Well', 'Electricity Backup', 'Internet', 'Parking', 'Store Room']",0,13.0,1197.875,1900.0,High
"Samakhusi Homes : House For Sale In Samakhusi, Kathmandu","Na, Samakhusi, Kathmandu",Kathmandu,23000000,6,5,3.0,1,North West,2076.0,510,3.5 Aana,13 Feet / Gravelled,13 Feet , Gravelled,N/A Aana,4 months ago,"['Garage', 'Water Supply', 'Drainage']",0,13.0,1197.875,,High
"New : House For Sale In Imadol, Lalitpur","Sital height, Imadol, Lalitpur",Lalitpur,18500000,5,2,2.5,1,West,2076.0,597,0-3-2-0 Aana,13 Feet / Gravelled,13 Feet , Gravelled,2000 Aana,4 months ago,"['Balcony', 'Fencing', 'Modular Kitchen', 'TV Cable', 'Drainage', 'Water Supply', 'Solar Water', 'Water Tank', 'Water Well', 'Electricity Backup', 'Internet', 'Parking', 'Store Room']",0,13.0,1197.875,684500.0,High
"Hattigauda Semibungalow New Home : House For Sale In Hattigauda, Kathmandu","Na, Hattigauda, Kathmandu",Kathmandu,24500000,6,5,3.0,1,North East,2076.0,200,4 Aana,22 Feet / Gravelled,22 Feet , Gravelled,N/A Aana,4 months ago,"['Garage', 'Modular Kitchen', 'Water Supply', 'Drainage']",0,22.0,1369.0,,High
"Bhangal Brand New Home : House For Sale In Bhangal, Kathmandu","Na, Bhangal, Kathmandu",Kathmandu,23800000,6,6,3.0,1,East,2076.0,332,4 Aana,18 Feet / Blacktopped,18 Feet , Blacktopped,N/A Aana,4 months ago,"['Garage', 'Parking', 'Drainage', 'Water Tank', 'Water Supply']",0,18.0,1369.0,,High
"Greenland Brand New Bungalow : House For Sale In Grande Villa, Kathmandu","Na, Grande Villa, Kathmandu",Kathmandu,39000000,6,6,3.0,2,South,2076.0,501,6.5 Aana,15 Feet / Soil Stabilized,15 Feet , Soil Stabilized,N/A Aana,4 months ago,"['Balcony', 'Frontyard', 'Modular Kitchen', 'Drainage', 'Solar Water', 'Water Supply', 'Water Tank', 'Store Room', 'Parking']",0,15.0,2224.625,,Premium
"Brand New Bungalow , Budhanilkantha : House For Sale In Budhanilkantha, Kathmandu","Na, Budhanilkantha, Kathmandu",Kathmandu,31000000,5,5,3.0,1,South West,2076.0,603,4.5 Aana,14 Feet / Paved,14 Feet , Paved,N/A Aana,4 months ago,"['Balcony', 'Garage', 'Water Supply', 'Modular Kitchen', 'Drainage', 'Water Tank', 'Parking']",0,14.0,1540.125,,Premium
"Tokha Greenland New Home : House For Sale In Tokha, Kathmandu","Na, Tokha, Kathmandu",Kathmandu,29000000,6,5,3.0,1,South,2076.0,396,4 Aana,13 Feet / Gravelled,13 Feet , Gravelled,N/A Aana,4 months ago,"['Balcony', 'Garage', 'Parking']",0,13.0,1369.0,,Premium
"Greenland New Home For Sale : House For Sale In Grande Villa, Kathmandu","Na, Grande Villa, Kathmandu",Kathmandu,25000000,6,5,3.0,1,South,2076.0,404,3.5 Aana,13 Feet / Gravelled,13 Feet , Gravelled,N/A Aana,4 months ago,"['Balcony', 'Garage', 'Drainage', 'Water Supply']",0,13.0,1197.875,,High
"Maharajganj Bungalow For Sale : House For Sale In Maharajgunj, Kathmandu","Na, Maharajgunj, Kathmandu",Kathmandu,56000000,5,5,3.0,2,South,2071.0,526,8 Aana,15 Feet / Blacktopped,15 Feet , Blacktopped,N/A Aana,4 months ago,"['Garage', 'Air Condition', 'Balcony', 'Drainage', 'Washing Machine', 'Store Room', 'Parking']",0,15.0,2738.0,,Premium
"Mahanrajganj Bungalow For Sale : House For Sale In Maharajgunj, Kathmandu","Na, Maharajgunj, Kathmandu",Kathmandu,67500000,5,5,3.0,3,South East,2070.0,629,9 Aana,20 Feet / Blacktopped,20 Feet , Blacktopped,N/A Aana,4 months ago,"['Garage', 'Air Condition', 'Balcony', 'Frontyard', 'Garden', 'Modular Kitchen', 'Microwave', 'Water Supply', 'Solar Water', 'Drainage', 'Water Tank', 'Store Room', 'Parking', 'Security Staff']",0,20.0,3080.25,,Premium
"Hattigauda Land : Land For Sale In Hattigauda, Kathmandu","Na, Hattigauda, Kathmandu",Kathmandu,4000000,0,0,3.0,0,East,2074.0,99,11 Aana,13 Feet / Blacktopped,13 Feet , Blacktopped,11 Aana,4 months ago,[],1,13.0,3764.75,3764.75,Medium
"Beautiful 6 Ana At Budhanilkantha : Land For Sale In Budhanilkantha, Kathmandu","Na, Budhanilkantha, Kathmandu",Kathmandu,3500000,0,0,3.0,0,East,2074.0,412,6 Aana,15 Feet / Soil Stabilized,15 Feet , Soil Stabilized,6 Aana,4 months ago,[],1,15.0,2053.5,2053.5,Medium
"Samakhusi New Home : House For Sale In Samakhusi, Kathmandu","Na, Samakhusi, Kathmandu",Kathmandu,37500000,6,6,3.0,1,East,2076.0,119,3.75 Aana,13 Feet / Blacktopped,13 Feet , Blacktopped,N/A Aana,4 months ago,"['Garage', 'Balcony']",0,13.0,1283.4375,,Premium
"Bansbari Bungalow For Rent : House For Rent In Golfutar, Kathmandu","Na, Golfutar, Kathmandu",Kathmandu,350000,6,6,3.0,4,East,2076.0,474,22 Aana,16 Feet / Gravelled,16 Feet , Gravelled,N/A Aana,4 months ago,"['Air Condition', 'Lawn', 'Balcony', 'Garden', 'Garage', 'Frontyard', 'Modular Kitchen', 'Washing Machine', 'Drainage', 'Water Supply', 'Solar Water', 'Kids Playground', 'Security Staff', 'Store Room', 'Parking']",0,16.0,7529.5,,Low
"Hattigauda 8 Ana Land : Land For Sale In Budhanilkantha, Kathmandu","Na, Budhanilkantha, Kathmandu",Kathmandu,4200000,0,0,3.0,0,East,2074.0,93,8 Aana,13 Feet / Blacktopped,13 Feet , Blacktopped,N/A Aana,4 months ago,[],1,13.0,2738.0,,Medium
"Samakhusi Flat Home : House For Sale In Samakhusi, Kathmandu","Na, Samakhusi, Kathmandu",Kathmandu,35000000,6,5,3.0,1,East,2076.0,585,4.75 Aana,13 Feet / Blacktopped,13 Feet , Blacktopped,N/A Aana,4 months ago,"['Balcony', 'Modular Kitchen', 'Store Room', 'Drainage', 'Garage']",0,13.0,1625.6875,,Premium
"Neo-Classical : House For Sale In Imadol, Lalitpur","Sanagau height, Imadol, Lalitpur",Lalitpur,22000000,5,3,2.5,2,East,2076.0,6.2K,0-3-2-0 Aana,20 Feet / Gravelled,20 Feet , Gravelled,2200 Aana,4 months ago,"['Balcony', 'Fencing', 'Modular Kitchen', 'TV Cable', 'Wifi', 'Drainage', 'Water Supply', 'Solar Water', 'Water Tank', 'Water Well', 'Electricity Backup', 'Internet', 'Parking', 'Store Room']",0,20.0,1197.875,752950.0,High
"Modern House : House For Sale In Imadol, Lalitpur","Tikathali, Buddha colony, Imadol, Lalitpur",Lalitpur,19500000,5,3,2.5,2,East,2076.0,2.3K,0-3-2-0 Aana,13 Feet / Gravelled,13 Feet , Gravelled,2000. Aana,4 months ago,"['Balcony', 'Fencing', 'Modular Kitchen', 'Swimming Pool', 'TV Cable', 'Wifi', 'Drainage', 'Water Supply', 'Solar Water', 'Water Tank', 'Water Well', 'Electricity Backup', 'Internet', 'Parking', 'Store Room']",0,13.0,1197.875,684500.0,High
"New : House For Sale In Lubhu, Lalitpur","Kantipur college, Lubhu, Lalitpur",Lalitpur,17000000,5,3,2.5,2,South,2074.0,740,0-3-2-0 Aana,20 Feet / Blacktopped,20 Feet , Blacktopped,N/A Sq. Feet,4 months ago,"['Drainage', 'Water Well', 'Electricity Backup', 'Parking']",1,20.0,1197.875,,High
"House For Sale In Imadol, Lalitpur","Sanagau height, Imadol, Lalitpur",Lalitpur,17500000,6,4,2.5,1,South,2076.0,5.7K,0-3-0-2 Aana,16 Feet / Gravelled,16 Feet , Gravelled,1700 Aana,4 months ago,"['Balcony', 'Fencing', 'Modular Kitchen', 'TV Cable', 'Drainage', 'Water Supply', 'Solar Water', 'Water Tank', 'Water Well', 'Electricity Backup', 'Internet', 'Parking', 'Store Room']",0,16.0,1069.53125,581825.0,High
"Land On Sell For VIP Resident : Land For Sale In Mhepi, Kathmandu","Mhepi Jana marga, Mhepi, Kathmandu",Kathmandu,4500000,0,0,3.0,0,North East,2074.0,525,12 Aana,15 Feet / Blacktopped,15 Feet , Blacktopped,12 Aana,4 months ago,[],1,15.0,4107.0,4107.0,Medium
"House For Sale In Imadol, Lalitpur","Buddha Colony, Imadol, Lalitpur",Lalitpur,17500000,5,3,2.5,1,South East,2076.0,1.2K,0-3-0-2 Aana,13 Feet / Gravelled,13 Feet , Gravelled,1700 Aana,4 months ago,"['Balcony', 'Fencing', 'Modular Kitchen', 'TV Cable', 'Wifi', 'Drainage', 'Water Supply', 'Water Tank', 'Water Well', 'Electricity Backup', 'Internet', 'Parking']",0,13.0,1069.53125,581825.0,High
"2 Storey : House For Sale In Dhading, Dhading","Nilkantha Nagarpalika -3, Dhading, Dhading",Dhading,10000000,4,3,2.0,0,East,2074.0,677,0-4-0-2 Aana,7 Feet / Gravelled,7 Feet , Gravelled,N/A Aana,4 months ago,[],1,7.0,1411.78125,,High
"Commercial House : House For Sale In Manamaiju, Kathmandu","manamaiju, Manamaiju, Kathmandu",Kathmandu,22000000,0,0,3.0,0,East,2074.0,713,0-3-1-0 Aana,20 Feet / Blacktopped,20 Feet , Blacktopped,N/A Sq. Feet,4 months ago,[],1,20.0,1112.3125,,High
"Flat For Rent : Flat For Rent In Budhanilkantha, Kathmandu","Fulbari, Budhanilkantha, Kathmandu",Kathmandu,25000,2,1,3.0,1,East,2074.0,667,5 Aana,0 Feet,0 Feet,Unknown,N/A Aana,4 months ago,['Balcony'],1,0.0,1711.25,,Low
"2.5 Storey : House For Sale In Naikap, Kathmandu","Naikap, Naikap, Kathmandu",Kathmandu,22000000,11,3,2.5,1,South,2073.0,982,0-6-0-0 Aana,11 Feet / Gravelled,11 Feet , Gravelled,185 Sq. Meter,4 months ago,"['Drainage', 'Water Well', 'Parking']",0,11.0,2053.5,1991.3215,High
"Imadol Ko Ghar Bikrima : House For Sale In Imadol, Lalitpur","imadol -4 lalitpur, Imadol, Lalitpur",Lalitpur,19000000,4,3,3.0,1,North,2076.0,1.4K,3.5 Aana,0 Feet,0 Feet,Unknown,N/A Aana,4 months ago,[],0,0.0,1197.875,,High
"Land Is Very Suitable For Residental Purpose : Land For Sale In Swayambhu, Kathmandu","Ichangu, Swayambhu, Kathmandu",Kathmandu,1950000,0,0,3.0,2,North West,2074.0,629,3-1 Aana,12 Feet,12 Feet,Unknown,N/A Aana,5 months ago,['Parking'],1,12.0,16770.25,,Medium
"Commercial House For Sale At Putalisadak : House For Sale In Putalisadak, Kathmandu","Putalisadak, Putalisadak, Kathmandu",Kathmandu,120000000,0,0,5.0,0,West,2074.0,812,0-3-2-1 Aana,30 Feet / Blacktopped,30 Feet , Blacktopped,0-3-2-1 Aana,4 months ago,"['Drainage', 'Water Supply']",1,30.0,1219.265625,1219.265625,Premium
"Best For Warehouse : Land For Sale In Kalanki, Kathmandu","Bafal, Kalanki, Kathmandu",Kathmandu,5750000,0,0,3.0,0,East,2074.0,520,1-5-2-0 Aana,16 Feet / Soil Stabilized,16 Feet , Soil Stabilized,1-0-0-0 Aana,5 months ago,[],1,16.0,7358.375,5476.0,Medium
"Land For Sale In Lubhu, Lalitpur","Mahalaxmi, Lubhu, Lalitpur",Lalitpur,1600000,0,0,3.0,0,East,2074.0,833,0-5-1-1 Aana,16 Feet / Blacktopped,16 Feet , Blacktopped,N/A Aana,5 months ago,[],1,16.0,1818.203125,,Medium
"2.5 Storey : House For Sale In Narephate, Kathmandu","Narepthat- 32, Jadibuti., Narephate, Kathmandu",Kathmandu,22000000,5,2,2.5,1,East,2076.0,13.1K,0-2-3-0 Aana,13 Feet / Paved,13 Feet , Paved,N/A Aana,5 months ago,"['TV Cable', 'Drainage', 'Water Supply', 'Water Well', 'Internet', 'Parking']",0,13.0,941.1875,,High
"Land On Sale Near Baba Chowk Mulpani : Land For Sale In Mulpani, Kathmandu","Baba Chowk Mulpani, Mulpani, Kathmandu",Kathmandu,2500000,0,0,3.0,0,East,2074.0,392,0-4-2-0 Aana,13 Feet / Soil Stabilized,13 Feet , Soil Stabilized,N/A Aana,5 months ago,[],1,13.0,1540.125,,Medium
"इमाडोल ओचुमा  Semi Commercial जग्गा बिक्रमा : Land For Sale In Imadol, Lalitpur","imadol -4 lalitpur, Imadol, Lalitpur",Lalitpur,3000000,0,0,3.0,0,West,2074.0,156,0-3-3-1 Aana,13 Feet / Gravelled,13 Feet , Gravelled,N/A Aana,5 months ago,[],1,13.0,1304.828125,,Medium
"House For Sale : House For Sale In Nagarjun, Kathmandu","Sitapaila harisiddhi, Nagarjun, Kathmandu",Kathmandu,17500000,5,4,3.0,1,North,2074.0,1.2K,3.1 Aana,15 Feet,15 Feet,Unknown,3.1 Aana,5 months ago,"['Backyard', 'Fencing', 'Modular Kitchen', 'TV Cable', 'Washing Machine', 'Wifi', 'Drainage', 'Water Supply', 'Solar Water', 'Water Tank', 'Electricity Backup', 'Internet', 'Parking', 'Security Staff', 'Store Room']",1,15.0,1060.9750000000001,1060.9750000000001,High
"Commercial : House For Rent In Newroad, Kathmandu","Khichapokhari, Newroad, Kathmandu",Kathmandu,400000,0,0,3.0,0,South,2074.0,700,1-0-0-0 Ropani,16 Feet / Blacktopped,16 Feet , Blacktopped,5500 Sq. Feet,5 months ago,"['Drainage', 'Solar Water', 'Water Tank', 'Water Well', 'Electricity Backup', 'Internet', 'Maintenance', 'Parking']",1,16.0,5476.0,5500.0,Low
"Imadol Buddha Party Palace Najik Ko Ghar Bikrima : House For Sale In Imadol, Lalitpur","Imadol near buddha party palace, Imadol, Lalitpur",Lalitpur,18000000,4,3,2.0,1,South,2076.0,1.8K,0-3-0-2 Aana,0 Feet,0 Feet,Unknown,N/A Aana,5 months ago,[],0,0.0,1069.53125,,High
"House For Sale : House For Sale In Pepsicola, Kathmandu","Khahare Chowk, Pepsicola, Kathmandu",Kathmandu,34000000,5,4,3.0,1,South,2074.0,576,6 Aana,14 Feet,14 Feet,Unknown,N/A Aana,5 months ago,"['Balcony', 'Backyard', 'Modular Kitchen', 'Drainage', 'Water Supply', 'Water Tank', 'Parking', 'Store Room']",1,14.0,2053.5,,Premium
"Near Grandy : House For Sale In Tokha, Kathmandu","Tokha, Kathmandu, Tokha, Kathmandu",Kathmandu,26300000,5,0,3.0,1,East,2074.0,902,4 Aana,13 Feet,13 Feet,Unknown,3-4 Aana,5 months ago,"['Parking', 'Water Tank', 'Drainage']",1,13.0,1369.0,17797.0,High
"Total 11 Room : House For Sale In Basundhara, Kathmandu","Basundhara, Kathmandu, Basundhara, Kathmandu",Kathmandu,37000000,6,0,3.0,1,East,2076.0,1.3K,4-5 Aana,13 Feet,13 Feet,Unknown,4-5 Aana,5 months ago,"['Parking', 'Drainage', 'Water Tank']",0,13.0,23615.25,23615.25,Premium
"House On Sale : House For Sale In Tokha, Kathmandu","Chaising tole, Tokha, Kathmandu",Kathmandu,21000000,4,3,2.0,1,East,2074.0,566,0-4-3-2/145.61 Aana,12 Feet,12 Feet,Unknown,N/A Aana,5 months ago,[],1,12.0,49835.02250000001,,High
"2.5 Storey : House For Sale In Imadol, Lalitpur","Sital Height, Imadol, Lalitpur",Lalitpur,17000000,4,3,2.5,1,South,2076.0,1.8K,0-3-1-2 Aana,13 Feet / Gravelled,13 Feet , Gravelled,N/A Aana,5 months ago,"['Drainage', 'Solar Water', 'Water Tank', 'Water Well', 'Internet', 'Parking']",0,13.0,1155.09375,,High
"Shop Sale At Masbar In Pokhara : Business For Sale In Dam Side, Pokhara","Masbar pokhara, Dam Side, Pokhara",Pokhara,700000,0,0,3.0,0,North,2074.0,989,2 Aana,0 Feet,0 Feet,Unknown,2 Aana,5 months ago,[],1,0.0,684.5,684.5,Low
"Land For Sale In Imadol, Lalitpur","sital height, planning, Imadol, Lalitpur",Lalitpur,2400000,0,0,3.0,0,West,2074.0,4K,0-3-1-1 Aana,20 Feet / Gravelled,20 Feet , Gravelled,N/A Aana,5 months ago,"['Drainage', 'Water Well']",1,20.0,1133.703125,,Medium
"Newly Built : House For Sale In Imadol, Lalitpur","Ochu height, Koreran college, Imadol, Lalitpur",Lalitpur,17000000,8,3,2.5,1,South,2076.0,2.8K,0-3-0-0 Aana,13 Feet / Gravelled,13 Feet , Gravelled,95 Aana,5 months ago,"['Electricity Backup', 'Internet', 'Parking']",0,13.0,1026.75,32513.75,High
"Land For Sale In Imadol, Lalitpur","NayaBasti, Imadol, Lalitpur",Lalitpur,2800000,0,0,3.0,0,South,2074.0,778,0-3-3-0 Aana,10 Feet / Blacktopped,10 Feet , Blacktopped,N/A Aana,5 months ago,['Water Well'],1,10.0,1283.4375,,Medium
"Naya Ghar : House For Sale In Tokha, Kathmandu","Suryadarsan Height, Tokha, Kathmandu, Tokha, Kathmandu",Kathmandu,16000000,4,3,3.0,1,East,2076.0,998,3 Aana,12 Feet / Paved,12 Feet , Paved,3 Aana,5 months ago,"['Balcony', 'Water Tank', 'Water Supply', 'Drainage']",0,12.0,1026.75,1026.75,High
"12 Th Floor B 1 Block : Apartment For Rent In Sanepa, Lalitpur","Imperial Court, Sanepa, Lalitpur",Lalitpur,150000,3,3,0.0,1,South,2072.0,814,2000 Sq. Feet,26 Feet / Blacktopped,26 Feet , Blacktopped,1800 Sq. Feet,5 months ago,"['Water Supply', 'Garden', 'Maintenance', 'Balcony', 'Wifi', 'Electricity Backup', 'Air Condition', 'Gym', 'Lift', 'Parking', 'Garage', 'TV Cable', 'Microwave', 'Intercom', 'Washing Machine', 'Kids Playground', 'Swimming Pool', 'Drainage', 'Internet', 'Security Staff', 'Modular Kitchen']",0,26.0,2000.0,1800.0,Low
"House For Sale In Imadol, Lalitpur","Gumba, Imadol, Lalitpur",Lalitpur,22000000,10,3,3.0,1,South,2074.0,2K,0-3-3-0 Aana,13 Feet / Blacktopped,13 Feet , Blacktopped,N/A Aana,5 months ago,"['TV Cable', 'Drainage', 'Water Well', 'Parking']",1,13.0,1283.4375,,High
"Office Sapce @ Imadol : Office Space For Rent In Imadol, Lalitpur","Imadol 1, Imadol, Lalitpur",Lalitpur,65000,0,0,4.0,0,North East,2074.0,446,0-6-1-2 Aana,22 Meter / Blacktopped,22 Meter , Blacktopped,1530 Sq. Feet,5 months ago,[],1,72.17848,2181.84375,1530.0,Low
"1 Floor House On Sale In Sychataar Kalanki : House For Sale In Tarakeshwar, Kathmandu","Sychataar, Tarakeshwar, Kathmandu",Kathmandu,11500000,2,1,1.0,1,North East,2073.0,651,0-4-0-0 Aana,13 Feet / Blacktopped,13 Feet , Blacktopped,N/A Aana,5 months ago,"['TV Cable', 'Solar Water', 'Water Tank', 'Water Well', 'Washing Machine']",0,13.0,1369.0,,High
"It'S For Sat : Land For Sale In Bharatpur, Chitwan","Bijayanagar, Bharatpur, Chitwan",Chitwan,1850000,0,0,3.0,0,East,2074.0,264,20.2 Ropani,8 Meter / Paved,8 Meter , Paved,N/A Aana,5 months ago,[],1,26.24672,110615.2,,Medium
"5 Ana Land On Sale In Panga Kritipur Near Fast Track Bus Park : Land For Sale In Machhegaun, Kirtipur","Panga, Machhegaun, Kirtipur",Kirtipur,2100000,0,0,3.0,0,South West,2074.0,720,0-5-0-0 Aana,13 Feet / Gravelled,13 Feet , Gravelled,N/A Aana,5 months ago,[],1,13.0,1711.25,,Medium
"Imadol Ko Ghar Bikrima : House For Sale In Imadol, Lalitpur","imadol -4 lalitpur, Imadol, Lalitpur",Lalitpur,19700000,4,4,3.0,2,South,2076.0,1.2K,3.5 Aana,13 Feet,13 Feet,Unknown,N/A Aana,5 months ago,"['Garage', 'Backyard', 'Balcony']",0,13.0,1197.875,,High
"Baniyatar Tokha Home : House For Sale In Baniyatar, Kathmandu","Na, Baniyatar, Kathmandu",Kathmandu,29000000,6,5,3.0,1,East,2076.0,323,4 Aana,20 Feet / Gravelled,20 Feet , Gravelled,N/A Aana,5 months ago,"['Water Tank', 'Garage']",0,20.0,1369.0,,Premium
"Hattigauda 8.5 Ana Bungalow : House For Sale In Hattigauda, Kathmandu","Na, Hattigauda, Kathmandu",Kathmandu,45000000,6,6,3.0,3,East,2075.0,490,8.5 Aana,13 Feet / Gravelled,13 Feet , Gravelled,N/A Aana,5 months ago,"['Garage', 'Balcony', 'Modular Kitchen', 'Solar Water', 'Water Tank', 'Store Room', 'Parking']",0,13.0,2909.125,,Premium
"Especial Chok Family Bungalow : House For Sale In Golfutar, Kathmandu","Na, Golfutar, Kathmandu",Kathmandu,36000000,4,5,3.0,3,West,2075.0,448,7 Aana,30 Feet / Soil Stabilized,30 Feet , Soil Stabilized,N/A Aana,5 months ago,"['Garage', 'Garden', 'Balcony', 'Drainage', 'Water Tank', 'Solar Water', 'Water Supply', 'Store Room', 'Parking']",0,30.0,2395.75,,Premium
"Hattigauda Bungalow : House For Sale In Hattigauda, Kathmandu","Na, Hattigauda, Kathmandu",Kathmandu,35500000,5,5,3.0,2,North West,2075.0,449,5.5 Aana,13 Feet / Gravelled,13 Feet , Gravelled,N/A Aana,5 months ago,"['Balcony', 'Garden', 'Modular Kitchen', 'TV Cable', 'Washing Machine', 'Drainage', 'Parking', 'Store Room']",0,13.0,1882.375,,Premium
"House And Land Sell At Lainchaur : House For Sale In Lainchaur, Kathmandu","Hanuman chowk marga, Lainchaur, Kathmandu",Kathmandu,6100000,0,0,3.0,0,North,2074.0,627,0-3-0-1 Aana,16 Feet / Blacktopped,16 Feet , Blacktopped,N/A Aana,5 months ago,[],1,16.0,1048.140625,,Medium
"Land For Sale In Damak, Jhapa","Damak, Damak, Jhapa",Jhapa,600000,0,0,3.0,0,East,2074.0,622,18 Kattha,60 Feet / Blacktopped,60 Feet , Blacktopped,N/A Kattha,5 months ago,[],1,60.0,65610.0,,Low
"House For Sale In Thulo Bharyang, Kathmandu","Thulobharang,Ekdhara, Thulo Bharyang, Kathmandu",Kathmandu,24100000,3,3,3.0,0,South West,2068.0,509,2.75 Aana,13 Feet / Paved,13 Feet , Paved,2.75 Aana,5 months ago,"['Water Supply', 'Solar Water', 'Water Well', 'Wifi', 'Water Tank', 'TV Cable']",0,13.0,941.1875,941.1875,High
"House : House For Sale In Balkot, Bhaktapur","124, Balkot, Bhaktapur",Bhaktapur,15500000,4,2,3.0,1,East,2073.0,971,3 Aana,13 Feet / Gravelled,13 Feet , Gravelled,N/A Aana,5 months ago,"['Water Supply', 'Wifi', 'Balcony', 'Store Room']",0,13.0,1026.75,,High
"Gorgeous Bungalow For Family : House For Sale In Budhanilkantha, Kathmandu","Na, Budhanilkantha, Kathmandu",Kathmandu,40000000,5,5,3.0,3,East,2076.0,544,7.5 Aana,20 Feet / Paved,20 Feet , Paved,2700 Sq. Feet,5 months ago,"['Balcony', 'Frontyard', 'Water Supply', 'Drainage', 'Solar Water']",0,20.0,2566.875,2700.0,Premium
"House For Sale In Thaiba, ( Comfort Housing,) : House For Sale In Thaiba, Lalitpur","Comfort Housing, Thaiba, Lalitpur",Lalitpur,20000000,3,2,3.0,1,South,2070.0,1.6K,3 Aana,20 Feet / Blacktopped,20 Feet , Blacktopped,N/A Aana,5 months ago,"['Balcony', 'Garden', 'Gym', 'Modular Kitchen', 'Swimming Pool', 'TV Cable', 'Wifi', 'Drainage', 'Water Supply', 'Solar Water', 'Water Well', 'CCTV', 'Electricity Backup', 'Internet', 'Kids Playground', 'Maintenance', 'Parking', 'Security Staff', 'Jacuzzi']",0,20.0,1026.75,,High
"House : House For Sale In Imadol, Lalitpur","Hattiban, Lalitpur, Imadol, Lalitpur",Lalitpur,18000000,5,3,3.0,1,West,2019.0,871,3.1 Aana,13 Feet / Blacktopped,13 Feet , Blacktopped,N/A Aana,5 months ago,"['Balcony', 'Garden', 'Garage', 'Parking', 'Drainage', 'Water Tank', 'Store Room', 'Modular Kitchen']",0,13.0,1060.9750000000001,,High
"House For Sale In Harisiddhi, Lalitpur","Nepal Cancer Hospital, Harisiddhi, Lalitpur",Lalitpur,35000000,18,16,3.0,1,East,2076.0,8.1K,0-6-2-0 Aana,12 Feet / Gravelled,12 Feet , Gravelled,4800 Sq. Feet,5 months ago,"['Garden', 'TV Cable', 'Wifi', 'Drainage', 'Solar Water', 'Water Well', 'Parking', 'Store Room']",0,12.0,2224.625,4800.0,Premium
"Total 10 Room : House For Sale In Manamaiju, Kathmandu","Gongabu, Manamaiju, Kathmandu",Kathmandu,17000000,0,0,3.0,0,East,2074.0,794,3 Aana,12 Feet,12 Feet,Unknown,3 Aana,5 months ago,"['Drainage', 'Water Supply', 'Parking']",1,12.0,1026.75,1026.75,High
"G.M. Complex : Office Space For Rent In Lagankhel, Lalitpur","Lagankhel-5, Lagankhel, Lalitpur",Lalitpur,100,0,15,6.0,20,West,2019.0,258,0-14-0-0 Aana,9 Meter / Blacktopped,9 Meter , Blacktopped,3000 Sq. Feet,5 months ago,"['Balcony', 'Drainage', 'Water Supply', 'Microwave', 'Air Condition', 'Frontyard']",0,29.52756,4791.5,3000.0,Low
"Brand New : House For Sale In Gongabu, Kathmandu","Dhaneshwor Temple, Gongabu, Kathmandu",Kathmandu,26000000,4,3,2.5,0,North,2076.0,1.4K,0-3-2-0 Aana,13 Feet / Blacktopped,13 Feet , Blacktopped,N/A Aana,5 months ago,"['Water Well', 'Electricity Backup', 'Parking']",0,13.0,1197.875,,High
"South Faced 5.5 Anna Land On Sale In Koteshwor : Land For Sale In Koteshwor, Kathmandu","Dharmasthali Marga, Koteshwor, Kathmandu",Kathmandu,4500000,0,0,3.0,0,South,2074.0,783,0-5-2-0 Aana,12 Feet / Blacktopped,12 Feet , Blacktopped,N/A Aana,5 months ago,[],1,12.0,1882.375,,Medium
"House For Sale In Guleriya, Bardiya","Bardiya, Guleriya, Bardiya",Bardiya,3650000,4,1,3.0,0,North,2074.0,730,1 Kattha,14 Feet / Soil Stabilized,14 Feet , Soil Stabilized,N/A Kattha,5 months ago,[],0,14.0,3645.0,,Medium
"Plotted Land For Sale At Prime Location In Kantipur Colony, Nakhipot : Land For Sale In Nakhipot, Lalitpur","Kantipur Colony, Nakhipot, Lalitpur",Lalitpur,3100000,0,0,3.0,0,East,2074.0,1K,0-3-2-0 Aana,7 Feet / Blacktopped,7 Feet , Blacktopped,N/A Aana,5 months ago,[],1,7.0,1197.875,,Medium
"Surya Danda Home : House For Sale In Dhapasi, Kathmandu","Na, Dhapasi, Kathmandu",Kathmandu,25500000,5,6,3.0,1,East,2076.0,485,3.5 Aana,13 Feet / Blacktopped,13 Feet , Blacktopped,N/A Aana,5 months ago,['Garage'],0,13.0,1197.875,,High
"Land For Sale : Land For Sale In Lele, Lalitpur","Godawari 6, Lele, Lalitpur",Lalitpur,350000,0,0,3.0,0,East,2074.0,899,27 Aana,24 Feet / Gravelled,24 Feet , Gravelled,27 Aana,5 months ago,[],1,24.0,9240.75,9240.75,Low
"Gorgeous Bungalow : House For Sale In Chapali, Kathmandu","Na, Chapali, Kathmandu",Kathmandu,68000000,5,5,3.0,4,East,2076.0,475,12 Aana,15 Feet / Blacktopped,15 Feet , Blacktopped,N/A Aana,5 months ago,"['Garage', 'Air Condition', 'Lawn', 'Balcony', 'Frontyard', 'Garden', 'Modular Kitchen', 'Wifi', 'Drainage', 'Water Supply', 'Solar Water', 'Water Tank', 'Store Room', 'Parking']",0,15.0,4107.0,,Premium
"Sundarbasti Beautiful Home : House For Sale In Bhangal, Kathmandu","Na, Bhangal, Kathmandu",Kathmandu,21500000,6,5,3.0,1,North East,2076.0,456,3.5 Aana,20 Feet / Gravelled,20 Feet , Gravelled,N/A Aana,5 months ago,"['Garage', 'Drainage', 'Solar Water']",0,20.0,1197.875,,High
"Small Family Home Bhngal Mandikatar : House For Sale In Mandikatar, Kathmandu","Na, Mandikatar, Kathmandu",Kathmandu,18200000,6,0,3.0,5,West,2076.0,464,3 Aana,13 Feet / Gravelled,13 Feet , Gravelled,N/A Aana,5 months ago,['Garage'],0,13.0,1026.75,,High
"Bungalow For Sale : House For Sale In Pasikot, Kathmandu","Na, Pasikot, Kathmandu",Kathmandu,80000000,4,4,3.0,4,East,2072.0,415,21 Aana,14 Feet / Blacktopped,14 Feet , Blacktopped,N/A Aana,5 months ago,"['Air Condition', 'Lawn', 'Balcony', 'Frontyard', 'Garden', 'Modular Kitchen', 'Water Supply', 'Solar Water', 'Drainage', 'Water Well', 'Water Tank', 'Parking', 'Store Room']",0,14.0,7187.25,,Premium
"Sundarbasti Bhangal Small Home : House For Sale In Bhangal, Kathmandu","Man, Bhangal, Kathmandu",Kathmandu,19900000,6,5,3.0,1,South West,2076.0,361,3.1 Aana,12 Feet / Paved,12 Feet , Paved,N/A Aana,5 months ago,"['Garage', 'Balcony']",0,12.0,1060.9750000000001,,High
"Dhapasi Big Bungalow : House For Sale In Dhapasi, Kathmandu","Man, Dhapasi, Kathmandu",Kathmandu,72000000,5,5,3.0,0,South West,2070.0,356,17 Aana,15 Feet / Blacktopped,15 Feet , Blacktopped,N/A Aana,5 months ago,[],0,15.0,5818.25,,Premium
"Baluwatar Family Bungalow : House For Sale In Baluwatar, Kathmandu","NA, Baluwatar, Kathmandu",Kathmandu,60000000,5,5,3.0,0,North East,2076.0,339,6 Aana,13 Feet / Blacktopped,13 Feet , Blacktopped,N/A Aana,5 months ago,"['Garage', 'Parking', 'Water Supply', 'Solar Water', 'Water Tank', 'Modular Kitchen', 'Garden', 'Balcony', 'Air Condition']",0,13.0,2053.5,,Premium
"5 Bhk Bungalow Budhanilkantha Chapali : House For Sale In Budhanilkantha, Kathmandu","NA, Budhanilkantha, Kathmandu",Kathmandu,57500000,6,5,3.0,6,North West,2075.0,286,12 Aana,15 Feet / Blacktopped,15 Feet , Blacktopped,N/A Aana,5 months ago,"['Garage', 'Lawn', 'Balcony', 'Frontyard', 'Garden', 'Microwave', 'Modular Kitchen', 'TV Cable', 'Washing Machine', 'Drainage', 'Water Supply', 'Solar Water', 'Water Tank', 'Internet', 'Parking', 'Store Room']",0,15.0,4107.0,,Premium
"Dhapasi Sweet Bungalow : House For Sale In Dhapasi, Kathmandu","NA, Dhapasi, Kathmandu",Kathmandu,66000000,5,5,3.0,4,South East,2071.0,428,14 Aana,20 Feet / Blacktopped,20 Feet , Blacktopped,N/A Aana,5 months ago,"['Garage', 'Air Condition', 'Lawn', 'Balcony', 'Backyard', 'Frontyard', 'Fencing', 'Garden', 'Microwave', 'Modular Kitchen', 'TV Cable', 'Drainage', 'Wifi', 'Solar Water', 'Water Supply', 'Water Tank', 'Water Well', 'Internet', 'Parking', 'Store Room', 'Security Staff']",0,20.0,4791.5,,Premium
"Family Home Ekatabasti : House For Sale In Ekatabasti, Kathmandu","NA, Ekatabasti, Kathmandu",Kathmandu,29900000,7,5,3.0,1,South West,2076.0,181,4 Aana,13 Feet / Blacktopped,13 Feet , Blacktopped,N/A Aana,5 months ago,"['Balcony', 'Garage', 'TV Cable', 'Solar Water', 'Drainage', 'Water Supply', 'Water Well', 'Internet']",0,13.0,1369.0,,Premium
"Jyotinagar Family Home : House For Sale In Ekatabasti, Kathmandu","Man, Ekatabasti, Kathmandu",Kathmandu,29900000,7,7,3.0,1,South East,2076.0,128,4 Aana,13 Feet / Blacktopped,13 Feet , Blacktopped,N/A Aana,5 months ago,"['Garage', 'Water Well', 'Internet', 'Store Room', 'Water Tank', 'Solar Water', 'Drainage', 'Wifi', 'Water Supply', 'TV Cable']",0,13.0,1369.0,,Premium
"Dhapasi Bungalow : House For Sale In Dhapasi, Kathmandu","Na, Dhapasi, Kathmandu",Kathmandu,33500000,4,4,3.0,1,North East,2072.0,375,5 Aana,20 Feet / Blacktopped,20 Feet , Blacktopped,N/A Aana,5 months ago,"['Garage', 'Air Condition', 'Balcony', 'TV Cable', 'Modular Kitchen', 'Drainage', 'Water Supply', 'Water Tank', 'Parking']",0,20.0,1711.25,,Premium
"New Modern : House For Sale In Hattiban, Lalitpur","i.j pioneer school, Hattiban, Lalitpur",Lalitpur,37500000,5,4,3.0,1,East,2075.0,14.2K,0-4-3-0 Aana,16 Feet / Gravelled,16 Feet , Gravelled,1138 Sq. Feet,5 months ago,"['Balcony', 'Garden', 'Modular Kitchen', 'TV Cable', 'Drainage', 'Water Supply', 'Solar Water', 'Water Well', 'Electricity Backup', 'Internet', 'Parking', 'Store Room']",0,16.0,1625.6875,1138.0,Premium
"Land For Sale In Swayambhu, Kathmandu","Dallu, Swayambhu, Kathmandu",Kathmandu,2300000,0,0,3.0,0,East,2074.0,1.1K,0-3-3-0 Aana,12 Feet,12 Feet,Unknown,N/A Aana,5 months ago,[],1,12.0,1283.4375,,Medium
"Land For Sale In Gurujudhara, Kathmandu","Gurjudhara, Gurujudhara, Kathmandu",Kathmandu,2250000,0,0,3.0,0,East,2074.0,476,0-4-0-0 Aana,20 Feet / Concrete,20 Feet , Concrete,N/A Sq. Feet,5 months ago,[],1,20.0,1369.0,,Medium
"House For Sale At Civil Homes : House For Sale In Balkhu, Kathmandu","Tinthana, Balkhu, Kathmandu",Kathmandu,23000000,3,2,3.0,3,East,2074.0,580,0-4-5-0 Aana,20 Feet,20 Feet,Unknown,4 Aana,5 months ago,"['Lawn', 'Garage', 'Air Condition', 'Backyard', 'Balcony', 'Fencing', 'Frontyard', 'Garden', 'Modular Kitchen', 'Water Tank', 'Internet', 'Parking', 'Store Room']",1,20.0,1796.8125,1369.0,High
"Sanobharyang Family Home : House For Sale In Swayambhu, Kathmandu","Na, Swayambhu, Kathmandu",Kathmandu,20600000,5,3,3.0,1,North East,2076.0,992,3.1 Aana,13 Feet / Soil Stabilized,13 Feet , Soil Stabilized,N/A Aana,5 months ago,"['Garage', 'Water Supply', 'Drainage']",0,13.0,1060.9750000000001,,High
"House For Sale : House For Sale In Kageshwari-Manohara, Kathmandu","Khahare-Gothatar near mahantar chowk, Kageshwari-Manohara, Kathmandu",Kathmandu,26000000,5,3,3.0,1,West,2015.0,396,4 Aana,26 Feet / Blacktopped,26 Feet , Blacktopped,4 Aana,5 months ago,"['Wifi', 'Water Tank', 'Water Supply', 'Balcony', 'Water Well', 'TV Cable']",0,26.0,1369.0,1369.0,High
"Bungalow With Limitless View : House For Sale In Dhapasi, Kathmandu","NA, Dhapasi, Kathmandu",Kathmandu,65000000,5,5,3.0,3,South,2076.0,144,8 Aana,20 Feet / Blacktopped,20 Feet , Blacktopped,N/A Aana,5 months ago,"['Garage', 'Air Condition', 'Backyard', 'Balcony', 'Frontyard', 'Garden', 'Microwave', 'Modular Kitchen', 'TV Cable', 'Washing Machine', 'Drainage', 'Wifi', 'Water Supply', 'Solar Water', 'Water Well', 'Water Tank', 'CCTV', 'Internet', 'Parking', 'Security Staff', 'Maintenance']",0,20.0,2738.0,,Premium
"Siddarthcolony 7 Ana Home : House For Sale In Budhanilkantha, Kathmandu","na, Budhanilkantha, Kathmandu",Kathmandu,45000000,4,5,3.0,3,South East,2075.0,303,7 Aana,15 Feet / Blacktopped,15 Feet , Blacktopped,N/A Aana,5 months ago,"['Garden', 'Drainage', 'Water Supply', 'Solar Water', 'TV Cable']",0,15.0,2395.75,,Premium
"Italitar 4.5 Ana Land : Land For Sale In Hattigauda, Kathmandu","na, Hattigauda, Kathmandu",Kathmandu,3500000,0,0,3.0,0,South West,2074.0,284,4.5 Aana,13 Feet / Gravelled,13 Feet , Gravelled,N/A Aana,5 months ago,[],1,13.0,1540.125,,Medium
"Bhadrabas Plotting Lands : Land For Sale In Thali, Kathmandu","na, Thali, Kathmandu",Kathmandu,1350000,0,0,3.0,0,East,2074.0,373,4/4/5/5/6 Aana,20 Feet / Gravelled,20 Feet , Gravelled,N/A Aana,5 months ago,[],1,20.0,1642.8,,Medium
"Highway Touched Land : Land For Sale In Nagdhunga, Kathmandu","27.7154959, 85.1985274, Nagdhunga, Kathmandu",Kathmandu,600000,0,0,3.0,0,South East,2074.0,219,58 Aana,18 Feet / Blacktopped,18 Feet , Blacktopped,N/A Aana,5 months ago,[],1,18.0,19850.5,,Low
"Newly Built House For Sale At Guheshwori : House For Sale In Guheshwori, Kathmandu","Nayabasti, planing, Guheshwori, Kathmandu",Kathmandu,28500000,8,3,3.0,1,North East,2073.0,684,0-4-0-0 Aana,16 Feet / Blacktopped,16 Feet , Blacktopped,N/A Aana,5 months ago,"['Balcony', 'Garden', 'Drainage', 'Water Supply', 'Water Well', 'Electricity Backup', 'Parking']",0,16.0,1369.0,,Premium
"Colony House For Rent : House For Rent In Godawari, Lalitpur","24, Godawari, Lalitpur",Lalitpur,35000,4,3,2.0,1,East,2019.0,1K,4 Aana,5 Meter / Paved,5 Meter , Paved,5 Aana,5 months ago,"['Lawn', 'Backyard', 'Balcony', 'Microwave', 'Modular Kitchen', 'TV Cable', 'Solar Water', 'Electricity Backup', 'Water Tank', 'Water Supply']",0,16.4042,1369.0,1711.25,Low
"Brand New Bungalow. : House For Sale In Sanobharyang, Kathmandu","army medical college, Sanobharyang, Kathmandu",Kathmandu,40000000,0,0,2.5,1,North,2076.0,1.9K,0-5-0-0 Aana,13 Feet / Blacktopped,13 Feet , Blacktopped,N/A Aana,5 months ago,"['Modular Kitchen', 'TV Cable', 'Drainage', 'Water Supply', 'Water Well', 'Internet', 'Parking', 'Store Room']",0,13.0,1711.25,,Premium
"3 Individual Apartment With A Penthouse In A Private Building : House For Rent In Thamel, Kathmandu","Jogin Pakha Marg, Thamel, Kathmandu",Kathmandu,400000,11,8,6.0,5,East,2016.0,716,8 Aana,12 Feet,12 Feet,Unknown,5 Aana,5 months ago,"['Lawn', 'Air Condition', 'Backyard', 'Balcony', 'Fencing', 'Frontyard', 'Garden', 'Modular Kitchen', 'TV Cable', 'Washing Machine', 'Wifi', 'Drainage', 'Water Supply', 'Water Well', 'Water Tank', 'Electricity Backup', 'Internet', 'Parking', 'Security Staff', 'Store Room']",0,12.0,2738.0,1711.25,Low
"Road Ko Najik : House For Sale In Imadol, Lalitpur","Imadol, Lalitpur, Imadol, Lalitpur",Lalitpur,19000000,0,0,3.0,1,North East,2076.0,784,3-4 Aana,0 Feet,0 Feet,Unknown,3-4 Aana,5 months ago,"['Parking', 'Water Tank', 'Drainage']",0,0.0,17797.0,17797.0,High
"2BHK PRIVATE APARTMENT : Apartment For Rent In Paknajol, Kathmandu","Jogin Pakha Marg, Paknajol, Kathmandu",Kathmandu,70000,2,1,6.0,5,East,2016.0,453,8 Aana,12 Feet / Paved,12 Feet , Paved,5 Aana,5 months ago,"['Lawn', 'Air Condition', 'Backyard', 'Balcony', 'Fencing', 'Frontyard', 'Garden', 'Modular Kitchen', 'TV Cable', 'Wifi', 'Drainage', 'Water Supply', 'Water Well', 'Water Tank', 'Electricity Backup', 'Internet', 'Security Staff', 'Parking']",0,12.0,2738.0,1711.25,Low
"1 Talle New House : House For Sale In Imadol, Lalitpur","Imadol, Lalitpur, Imadol, Lalitpur",Lalitpur,11000000,2,1,1.0,1,East,2074.0,1.1K,2-3 Aana,13 Feet,13 Feet,Unknown,2-3 Aana,5 months ago,"['Parking', 'Water Tank', 'Water Well', 'Drainage']",1,13.0,11978.75,11978.75,High
"New House On Sale In Imadol Height : House For Sale In Imadol, Lalitpur","Imadol, Imadol, Lalitpur",Lalitpur,19200000,4,5,3.0,1,East,2018.0,5.5K,0-3-0-1 Aana,20 Feet / Blacktopped,20 Feet , Blacktopped,3 Aana,5 months ago,"['Backyard', 'Balcony', 'Frontyard', 'Gym', 'Microwave', 'Modular Kitchen', 'TV Cable', 'Washing Machine', 'Solar Water', 'Water Well', 'Cafeteria']",0,20.0,1048.140625,1026.75,High
"4 Aana Home At Ekatabasti : House For Sale In Ekatabasti, Kathmandu","na, Ekatabasti, Kathmandu",Kathmandu,36000000,5,5,3.0,2,East,2074.0,107,5.5 Aana,13 Feet / Blacktopped,13 Feet , Blacktopped,N/A Aana,5 months ago,"['Garage', 'Balcony', 'Wifi', 'Drainage', 'Water Supply', 'Solar Water']",0,13.0,1882.375,,Premium
"4 Aana Home At Sitapaila : House For Sale In Sitapaila, Kathmandu","na, Sitapaila, Kathmandu",Kathmandu,20500000,4,4,3.0,1,South,2074.0,318,4 Aana,15 Feet / Gravelled,15 Feet , Gravelled,N/A Aana,5 months ago,"['Garage', 'Drainage']",0,15.0,1369.0,,High
"Land For Sale In Bharatpur, Chitwan","milanchok, Bharatpur, Chitwan",Chitwan,900000,0,0,3.0,0,East,2074.0,497,9 Dhur,10 Feet / Blacktopped,10 Feet , Blacktopped,N/A Sq. Feet,5 months ago,[],1,10.0,1640.25,,Low
"Brand New : Flat For Rent In Bishal Nagar, Kathmandu","Bishalnagar, Bishal Nagar, Kathmandu",Kathmandu,45000,2,2,3.0,1,South East,2074.0,1.3K,1044 Sq. Feet,10 Feet / Blacktopped,10 Feet , Blacktopped,N/A Sq. Feet,5 months ago,"['Garden', 'Drainage', 'Solar Water', 'Water Well']",1,10.0,1044.0,,Low
"House For Rent In Jhamsikhel, Lalitpur","Thadodhunga, Jhamsikhel, Lalitpur",Lalitpur,150000,3,4,3.0,2,East,2074.0,779,0-5-2-0 Aana,8 Meter / Blacktopped,8 Meter , Blacktopped,N/A Aana,5 months ago,[],1,26.24672,1882.375,,Low
"Sitapaila Home 180 : House For Sale In Sitapaila, Kathmandu","Sitapaila, Sitapaila, Kathmandu",Kathmandu,18000000,4,4,3.0,1,North,2075.0,646,3.1 Aana,13 Feet / Gravelled,13 Feet , Gravelled,N/A Aana,5 months ago,['Drainage'],0,13.0,1060.9750000000001,,High
"Beautiful Bungalow Budhanilkantha : House For Sale In Budhanilkantha, Kathmandu","Budhanilkantha, Budhanilkantha, Kathmandu",Kathmandu,72000000,5,5,3.0,4,East,2075.0,332,13 Aana,15 Feet / Blacktopped,15 Feet , Blacktopped,N/A Aana,5 months ago,"['Garage', 'Lawn', 'Balcony', 'Frontyard', 'Garden', 'TV Cable', 'Drainage', 'Water Supply', 'Solar Water']",0,15.0,4449.25,,Premium
"Surya Darshan Height Home : House For Sale In Tokha, Kathmandu","Surya Darshan Height, Tokha, Kathmandu",Kathmandu,23000000,6,5,3.0,1,East,2075.0,589,4 Aana,13 Feet / Blacktopped,13 Feet , Blacktopped,N/A Aana,5 months ago,"['Garage', 'Drainage', 'TV Cable', 'Water Supply']",0,13.0,1369.0,,High
"Small Family Home Mandikatar : House For Sale In Mandikatar, Kathmandu","Mandikatar, Mandikatar, Kathmandu",Kathmandu,19900000,6,4,3.0,1,South East,2073.0,2.7K,3.1 Aana,13 Feet / Blacktopped,13 Feet , Blacktopped,N/A Aana,5 months ago,['Garage'],0,13.0,1060.9750000000001,,High
"Samakhusi Flat Home : House For Sale In Samakhusi, Kathmandu","Samakhusi, Samakhusi, Kathmandu",Kathmandu,40000000,7,8,4.0,2,East,2075.0,157,4 Aana,14 Feet / Paved,14 Feet , Paved,N/A Aana,5 months ago,['Garage'],0,14.0,1369.0,,Premium
"Sundarbasti New Home : House For Sale In Bhangal, Kathmandu","Sundarbasti, Bhangal, Kathmandu",Kathmandu,21500000,5,5,3.0,1,South,2076.0,217,3.5 Aana,13 Feet / Gravelled,13 Feet , Gravelled,N/A Aana,5 months ago,['Garage'],0,13.0,1197.875,,High
"Property At New Baneshwor : House For Sale In Baneshwor, Kathmandu","66/51, Janasahayog Marga, Baneshwor, Kathmandu",Kathmandu,34500000,6,3,2.0,2,North East,2000.0,1.1K,4 Aana,0 Feet,0 Feet,Unknown,3 1/2 Aana,5 months ago,[],0,0.0,1369.0,684.5,Premium
"Dhapasi Bungalow : House For Sale In Basundhara, Kathmandu","Dhapasi, Basundhara, Kathmandu",Kathmandu,70000000,4,4,2.0,4,West,2064.0,316,16 Aana,14 Feet / Blacktopped,14 Feet , Blacktopped,N/A Aana,5 months ago,"['Garage', 'Garden', 'Solar Water', 'Drainage']",0,14.0,5476.0,,Premium
"Land With A House In Paknajol On Sale : House For Sale In Paknajol, Kathmandu","Fireflies Hostel, Paknajol, Kathmandu",Kathmandu,55000000,0,0,3.0,0,East,2074.0,594,6.2 Aana,10 Meter / Gravelled,10 Meter , Gravelled,N/A Aana,5 months ago,[],1,32.8084,2121.9500000000003,,Premium
"15 Ana Bungalow Budhanilkantha : House For Sale In Budhanilkantha, Kathmandu","na, Budhanilkantha, Kathmandu",Kathmandu,65000000,5,5,3.0,4,South,2069.0,183,15 Aana,14 Feet / Blacktopped,14 Feet , Blacktopped,5 Aana,5 months ago,"['Air Condition', 'Lawn', 'Garden']",0,14.0,5133.75,1711.25,Premium
"Dhubarahi 8 Ana Home : House For Sale In Dhumbarahi, Kathmandu","Dhumbarahi, Dhumbarahi, Kathmandu",Kathmandu,62000000,7,7,3.0,3,East,2074.0,165,8 Aana,13 Feet / Blacktopped,13 Feet , Blacktopped,N/A Aana,5 months ago,"['Garden', 'Balcony', 'Garage', 'Frontyard', 'Drainage']",0,13.0,2738.0,,Premium
"Bunglow At Chabahil : House For Sale In Chabahil, Kathmandu","Lampokhari Chowk, Chabahil, Kathmandu",Kathmandu,5800000,0,2,2.0,2,North,2060.0,1.1K,10 Aana,18 Feet / Paved,18 Feet , Paved,4 Aana,5 months ago,"['Lawn', 'Garage', 'Backyard', 'Garden', 'Frontyard', 'TV Cable', 'Solar Water', 'Water Supply', 'Drainage', 'Water Well', 'Water Tank']",0,18.0,3422.5,1369.0,Medium
"HOUSE IN PRIME COLONY : House For Rent In Jhamsikhel, Lalitpur","THADODHUNGA, Jhamsikhel, Lalitpur",Lalitpur,150000,3,4,3.0,2,East,2019.0,633,0-5-2-0 Aana,14 Feet / Paved,14 Feet , Paved,0-4-0-0 Aana,5 months ago,"['Garage', 'Balcony', 'Fencing', 'Drainage', 'Water Supply', 'Solar Water', 'Water Well', 'Water Tank', 'Electricity Backup']",0,14.0,1882.375,1369.0,Low
"Single : Flat For Rent In Gokarneshwor, Kathmandu","Jorpati opposite to Makalbari, Gokarneshwor, Kathmandu",Kathmandu,35000,4,3,3.0,2,East,2074.0,651,4/2/2 Aana,12 Feet / Paved,12 Feet , Paved,N/A Aana,6 months ago,"['Balcony', 'TV Cable', 'Wifi', 'Water Supply', 'Solar Water', 'Electricity Backup', 'Water Tank']",1,12.0,912.6666666666666,,Low
"House For Sale In Bafal, Kathmandu","sitapaila, Bafal, Kathmandu",Kathmandu,25500000,0,0,3.5,0,North,2070.0,5.1K,0-4-2-0 Aana,13 Feet / Blacktopped,13 Feet , Blacktopped,N/A Aana,6 months ago,"['Swimming Pool', 'TV Cable', 'Drainage', 'Water Supply', 'Water Tank', 'Water Well', 'Electricity Backup', 'Internet', 'Parking']",0,13.0,1540.125,,High
"House For Sale In Dharmasthali, Kathmandu","jharankhu, Dharmasthali, Kathmandu",Kathmandu,13500000,0,0,3.0,1,South East,2074.0,1.2K,0-2-2-0 Aana,12 Feet / Blacktopped,12 Feet , Blacktopped,N/A Aana,6 months ago,[],1,12.0,855.625,,High
"House For Sale In Harisiddhi, Lalitpur","Harisiddhi, Harisiddhi, Lalitpur",Lalitpur,28000000,0,0,3.0,0,South,2074.0,1K,0-5-3-0 Aana,20 Feet,20 Feet,Unknown,N/A Sq. Feet,6 months ago,[],1,20.0,1967.9375,,Premium
"Newly Built 🏠 House : House For Sale In Gongabu, Kathmandu","Ganesthan, Gongabu, Kathmandu",Kathmandu,20000000,0,0,0.0,2,East,2076.0,934,3 Aana,14 Feet / Gravelled,14 Feet , Gravelled,3 Aana,6 months ago,"['Water Supply', 'Parking', 'Balcony']",0,14.0,1026.75,1026.75,High
"5 Bhk 14 Anna Modern Bungalow For Sale At Budhanilkantha : House For Sale In Budhanilkantha, Kathmandu","Buddha Colony, Budhanilkantha, Kathmandu",Kathmandu,67500000,4,4,2.0,2,East,2074.0,651,0-14-0-0 Aana,15 Feet / Blacktopped,15 Feet , Blacktopped,N/A Aana,6 months ago,"['Lawn', 'Garage', 'Air Condition', 'Backyard', 'Garden', 'Frontyard', 'Fencing', 'Deck', 'Balcony', 'Microwave', 'Modular Kitchen', 'TV Cable', 'Solar Water', 'Water Supply', 'Drainage', 'Wifi', 'Washing Machine', 'Water Well', 'Water Tank', 'Electricity Backup']",1,15.0,4791.5,,Premium
"5.5 Anna Luxury Brand New House For Sale At Pasikot, Budhanilkantha : House For Sale In Budhanilkantha, Kathmandu","Pasikot, Budhanilkantha, Kathmandu",Kathmandu,32500000,4,4,2.0,2,East,2076.0,2.8K,0-5.5-0-0 Aana,15 Feet / Gravelled,15 Feet , Gravelled,N/A Aana,6 months ago,"['Lawn', 'Garage', 'Backyard', 'Garden', 'Frontyard', 'Fencing', 'Deck', 'Gym', 'Modular Kitchen', 'TV Cable', 'Wifi', 'Drainage', 'Water Supply', 'Solar Water', 'Water Tank']",0,15.0,1882.375,,Premium
"Royal Neo Classical Bungalow For Sale At Golfutar, Budhanilkantha : House For Sale In Golfutar, Kathmandu","SundarBasti, Golfutar, Kathmandu",Kathmandu,35000000,4,4,2.0,2,East,2073.0,775,0-7-0-0 Aana,15 Feet / Gravelled,15 Feet , Gravelled,N/A Aana,6 months ago,"['Lawn', 'Garage', 'Air Condition', 'Backyard', 'Garden', 'Frontyard', 'Fencing', 'Deck', 'Balcony', 'Microwave', 'Modular Kitchen', 'TV Cable', 'Solar Water', 'Water Supply', 'Drainage', 'Wifi', 'Washing Machine', 'Water Tank']",0,15.0,2395.75,,Premium
"5 Bhk 4.2 Anna Modern Brand New Bungalow For Sale At Budhanilkantha : House For Sale In Budhanilkantha, Kathmandu","budhanilkantha, Budhanilkantha, Kathmandu",Kathmandu,31000000,4,4,2.0,1,East,2076.0,679,0-4.2-0-0 Aana,14 Feet / Blacktopped,14 Feet , Blacktopped,N/A Aana,6 months ago,"['Lawn', 'Garage', 'Backyard', 'Garden', 'Frontyard', 'Deck', 'Fencing', 'Modular Kitchen', 'TV Cable', 'Solar Water', 'Water Supply', 'Drainage', 'Wifi', 'Washing Machine', 'Water Well']",0,14.0,1437.45,,Premium
"Brand New House For Sale At Sukedhara In 18 Feet Road, Near Main Road : House For Sale In Sukedhara, Kathmandu","Sukedhara, Sukedhara, Kathmandu",Kathmandu,32500000,4,4,2.0,1,East,2076.0,324,0-3.3-0-0 Aana,18 Feet / Blacktopped,18 Feet , Blacktopped,N/A Aana,6 months ago,"['Garage', 'Backyard', 'Frontyard', 'Fencing', 'Balcony', 'Modular Kitchen', 'Solar Water', 'Water Supply', 'Drainage', 'Wifi', 'Washing Machine', 'Water Tank']",0,18.0,1129.425,,Premium
"3.1 Anna New House For Sale At Mandikatar, 1 Km From Dhumbarahi Chowk. : House For Sale In Mandikatar, Kathmandu","Mandikatar, Mandikatar, Kathmandu",Kathmandu,20000000,4,4,3.0,1,East,2074.0,1.3K,0-3.1-0-0 Aana,15 Feet / Blacktopped,15 Feet , Blacktopped,N/A Aana,6 months ago,"['Garage', 'Backyard', 'Fencing', 'Water Supply', 'Water Tank', 'Wifi']",0,15.0,1060.9750000000001,,High
"4.5 Anna Beautiful Brand New House For Sale At Sukedhara Inside Colony : House For Sale In Sukedhara, Kathmandu","sukedhara, Sukedhara, Kathmandu",Kathmandu,35000000,2,3,3.0,4,East,2074.0,239,0-4.5-0-0 Aana,15 Feet / Blacktopped,15 Feet , Blacktopped,N/A Aana,6 months ago,"['Garage', 'Backyard', 'Garden', 'Frontyard', 'Fencing', 'Deck', 'Modular Kitchen', 'Water Supply', 'Drainage', 'Wifi', 'Water Tank']",1,15.0,1540.125,,Premium
"4 Anna Modern Semi Bungalow For Sale At Golfutar 30 Feet Main Road. : House For Sale In Golfutar, Kathmandu","Golfutar, Golfutar, Kathmandu",Kathmandu,32500000,4,3,3.0,1,East,2074.0,466,0-4-0-0 Aana,30 Feet / Blacktopped,30 Feet , Blacktopped,N/A Aana,6 months ago,"['Lawn', 'Garage', 'Backyard', 'Garden', 'Frontyard', 'Fencing', 'Balcony', 'Modular Kitchen', 'TV Cable', 'Solar Water', 'Water Supply', 'Drainage', 'Wifi', 'Water Tank']",1,30.0,1369.0,,Premium
"House For Sale In Budhanilkantha, Kathmandu","Budhanilkantha, Budhanilkantha, Kathmandu",Kathmandu,22000000,10,0,3.0,0,North,2074.0,871,5 Aana,15 Feet / Blacktopped,15 Feet , Blacktopped,N/A Sq. Feet,6 months ago,[],1,15.0,1711.25,,High
"6 Anna Brand New Semi Bungalow At Rudreshwor In 33 Feet Road : House For Sale In Budhanilkantha, Kathmandu","Rudreshwor, Budhanilkantha, Kathmandu",Kathmandu,35000000,4,4,3.0,2,East,2076.0,255,0-6-0-0 Aana,33 Feet / Blacktopped,33 Feet , Blacktopped,N/A Aana,6 months ago,"['Garage', 'Backyard', 'Garden', 'Frontyard', 'Fencing', 'Balcony', 'Wifi', 'Drainage', 'Water Supply', 'Electricity Backup']",0,33.0,2053.5,,Premium
"K Yo Ghar Tapaiko Lagi Ho? : House For Sale In Tokha, Kathmandu","Tokha, Kathmandu, Tokha, Kathmandu",Kathmandu,26000000,0,0,3.0,1,East,2076.0,1.6K,4 Aana,12 Feet / Gravelled,12 Feet , Gravelled,3-4 Aana,6 months ago,"['Water Supply', 'Water Tank', 'Drainage', 'Solar Water', 'Parking', 'Garden']",0,12.0,1369.0,17797.0,High
"Just Built Semi - Commercial House : House For Sale In Baniyatar, Kathmandu","Dhaneshwore, Baniyatar, Kathmandu",Kathmandu,26500000,0,0,3.0,1,South East,2074.0,252,4 Aana,14 Feet / Blacktopped,14 Feet , Blacktopped,3-4 Aana,6 months ago,"['Garden', 'Parking', 'Water Tank', 'Parking', 'Drainage', 'Drainage', 'Water Supply', 'Water Supply', 'Water Tank', 'Solar Water']",1,14.0,1369.0,17797.0,High
"House For Sale In Thankot, Kathmandu","dauradipo haiway, Thankot, Kathmandu",Kathmandu,11500000,0,0,3.0,0,East,2074.0,596,0-3-2-0 Aana,13 Feet / Blacktopped,13 Feet , Blacktopped,N/A Aana,6 months ago,[],1,13.0,1197.875,,High
"House For Sale In Balkhu, Kathmandu","Trishakti Petrol Pump, Balkhu, Kathmandu",Kathmandu,60000000,0,0,4.0,0,South,2074.0,575,5.1 Aana,0 Feet,0 Feet,Unknown,N/A Sq. Feet,6 months ago,[],1,0.0,1745.475,,Premium
"House For Sale In Banasthali, Kathmandu","Banasthali, Banasthali, Kathmandu",Kathmandu,37000000,7,6,4.0,1,South,2016.0,609,0-5-0-0 Aana,16 Feet / Blacktopped,16 Feet , Blacktopped,3525 Sq. Feet,6 months ago,"['Washing Machine', 'Solar Water', 'Water Tank', 'Internet', 'Microwave', 'Parking', 'Water Well', 'Water Supply', 'Drainage', 'TV Cable']",0,16.0,1711.25,3525.0,Premium
"1.5 Talle Ghar Near Grande Tower : House For Sale In Tokha, Kathmandu","Tokha, Kathmandu, Tokha, Kathmandu",Kathmandu,13200000,4,2,0.0,1,East,2074.0,938,3-5 Sq. Feet,13 Feet / Gravelled,13 Feet , Gravelled,3-5 Sq. Feet,6 months ago,"['Water Supply', 'Drainage', 'Parking', 'Water Tank', 'Garden']",0,13.0,18139.25,18139.25,High
"8 Anna Land On Sale At Ramkot -7 , Nagarjun : Land For Sale In Ramkot, Kathmandu","ramkot, Ramkot, Kathmandu",Kathmandu,1200000,0,0,3.0,0,North,2074.0,802,8 Aana,20 Feet / Gravelled,20 Feet , Gravelled,N/A Aana,6 months ago,[],1,20.0,2738.0,,Low
"House For Sale In Hetauda, Makwanpur","Rai Tol, Hetauda, Makwanpur",Makwanpur,16000000,0,0,3.0,0,North,2074.0,513,8 Dhur,15 Feet,15 Feet,Unknown,N/A Sq. Feet,6 months ago,[],1,15.0,1458.0,,High
"Land For Sale In Balaju, Kathmandu","Lolang, Balaju, Kathmandu",Kathmandu,900000,0,0,3.0,0,South,2074.0,508,3 Aana,10 Feet / Paved,10 Feet , Paved,N/A Sq. Feet,6 months ago,[],1,10.0,1026.75,,Low
"Land For Sale In Biratnagar, Morang","Jhorahat Bazar, Biratnagar, Morang",Morang,200000,0,0,3.0,0,North,2074.0,386,12 Dhur,15 Feet,15 Feet,Unknown,N/A Sq. Feet,6 months ago,[],1,15.0,2187.0,,Low
"House For Sale In Lokanthali, Bhaktapur","Lokanthali, Lokanthali, Bhaktapur",Bhaktapur,27000000,16,3,3.0,0,North,2074.0,867,6 Aana,13 Feet / Blacktopped,13 Feet , Blacktopped,N/A Aana,6 months ago,[],1,13.0,2053.5,,Premium
"House For Sale In Bharatpur, Chitwan","Bhojad, Bharatpur, Chitwan",Chitwan,50000000,0,0,3.0,0,North,2074.0,788,2 Kattha,6 Meter / Blacktopped,6 Meter , Blacktopped,N/A Sq. Feet,6 months ago,[],1,19.68504,7290.0,,Premium
"Land For Sale In Suryabinayak, Bhaktapur","Sirutar, Suryabinayak, Bhaktapur",Bhaktapur,1800000,0,0,3.0,0,North,2074.0,614,0-3-3-0 Aana,10 Feet / Gravelled,10 Feet , Gravelled,N/A Sq. Feet,6 months ago,[],1,10.0,1283.4375,,Medium
"Land For Sale In Imadol, Lalitpur","Ochu Height, Imadol, Lalitpur",Lalitpur,3700000,0,0,3.0,0,South West,2074.0,8.1K,5 Aana,40 Feet / Gravelled,40 Feet , Gravelled,N/A Aana,6 months ago,[],1,40.0,1711.25,,Medium
"House And Land Sale In Kirtipur, Kathmandu : House For Sale In Machhegaun, Kirtipur","Kirtipur, Bhatkyapati, Machhegaun, Kirtipur",Kirtipur,15000000,0,2,3.0,0,South,2074.0,874,5.5 aana Aana,12 Feet,12 Feet,Unknown,2.5 Aana,6 months ago,"['Balcony', 'Garden', 'Frontyard', 'TV Cable', 'Wifi', 'Water Supply', 'Electricity Backup', 'Internet', 'Water Tank', 'Modular Kitchen']",1,12.0,1882.375,855.625,High
"Land For Sale In Hetauda, Makwanpur","bagmati gaupalika, Hetauda, Makwanpur",Makwanpur,2500000,0,0,3.0,0,East,2074.0,761,10 Kattha,25 Feet / Blacktopped,25 Feet , Blacktopped,N/A Sq. Feet,6 months ago,[],1,25.0,36450.0,,Medium
"House For Sale In Imadol, Lalitpur","Changathali, Imadol, Lalitpur",Lalitpur,6500000,2,1,2.0,0,West,2074.0,1K,3 Aana,5 Feet / Gravelled,5 Feet , Gravelled,N/A Sq. Feet,6 months ago,[],1,5.0,1026.75,,Medium
"Sukedhra Ektabasti House In Sell : House For Sale In Ekatabasti, Kathmandu","House, Ekatabasti, Kathmandu",Kathmandu,27500000,7,0,3.0,2,East,2019.0,2.1K,4.5 Aana,13 Feet / Blacktopped,13 Feet , Blacktopped,3.5 Aana,6 months ago,['Air Condition'],0,13.0,1540.125,1197.875,Premium
"House For Sale In Golfutar, Kathmandu","Golfutar, Golfutar, Kathmandu",Kathmandu,18000000,6,4,3.0,2,East,2019.0,1.6K,3 Aana,13 Feet / Gravelled,13 Feet , Gravelled,2 Aana,6 months ago,['Air Condition'],0,13.0,1026.75,684.5,High
"House For Sale In Naya Bazar, Kathmandu","Rayamajhi, Naya Bazar, Kathmandu",Kathmandu,32000000,8,4,3.0,1,North,2074.0,820,0-3-1-0 Aana,0 Feet,0 Feet,Unknown,N/A Aana,6 months ago,"['Balcony', 'Backyard', 'Frontyard', 'Fencing', 'Modular Kitchen', 'Water Supply', 'Water Well', 'Solar Water', 'Drainage', 'Electricity Backup', 'Parking', 'Store Room', 'Water Tank']",1,0.0,1112.3125,,Premium
"Land For Sale In Harisiddhi, Lalitpur","Satdobato Godawari highway, Harisiddhi, Lalitpur",Lalitpur,3000000,0,0,0.0,0,North East,2074.0,177,5 Sq. Feet,12 Feet / Gravelled,12 Feet , Gravelled,N/A Sq. Feet,6 months ago,[],1,12.0,5.0,,Medium
"Modern Bungalow : House For Sale In Kusunti, Lalitpur","kusunti, Kusunti, Lalitpur",Lalitpur,38500000,4,4,3.0,3,North West,2019.0,34.5K,0-5-2-2 Aana,13 Feet / Blacktopped,13 Feet , Blacktopped,2200 Sq. Feet,6 months ago,"['Lawn', 'Balcony', 'Frontyard', 'Garden', 'Modular Kitchen', 'TV Cable', 'Water Supply', 'Water Tank', 'Water Well']",0,13.0,1925.15625,2200.0,Premium
"House For Sale In Greenhill City, Mulpani, Kathmandu","638, Greenhill city, Mulpani, Kathmandu",Kathmandu,35000000,4,4,4.0,1,East,2019.0,861,4 Aana,22 Feet / Blacktopped,22 Feet , Blacktopped,3 Aana,6 months ago,"['Balcony', 'Fencing', 'Garden', 'Modular Kitchen', 'TV Cable', 'Wifi', 'Drainage', 'Water Supply', 'Solar Water', 'Water Tank', 'Water Well', 'Electricity Backup', 'Internet', 'Maintenance']",0,22.0,1369.0,1026.75,Premium
"Apartment For Rent In Sanepa, Lalitpur","Sanepa, Sanepa, Lalitpur",Lalitpur,235000,3,3,10.0,2,South,2074.0,6.7K,1788 Sq. Feet,20 Feet / Blacktopped,20 Feet , Blacktopped,N/A Sq. Feet,6 months ago,"['Air Condition', 'Balcony', 'Garden', 'Modular Kitchen', 'Swimming Pool', 'TV Cable', 'Wifi', 'Drainage', 'Water Supply', 'Solar Water', 'Water Tank', 'Water Well', 'Internet', 'Kids Playground', 'Lift', 'Maintenance', 'Parking']",1,20.0,1788.0,,Low
"House For Sale In Kapan, Kathmandu","akatabasti, Kapan, Kathmandu",Kathmandu,18200000,0,0,3.0,0,East,2074.0,1.6K,0-3-0-0 Aana,13 Feet / Blacktopped,13 Feet , Blacktopped,N/A Sq. Feet,6 months ago,[],1,13.0,1026.75,,High
"Urgent House On Sale : House For Sale In Pepsicola, Kathmandu","Harharmahadev, Pepsicola, Kathmandu",Kathmandu,13500000,4,3,3.0,1,South East,2019.0,5.5K,2.5 Aana,13 Feet / Gravelled,13 Feet , Gravelled,2.5 Aana,6 months ago,"['Water Tank', 'Water Well', 'Parking']",0,13.0,855.625,855.625,High
"Land For Sale In Itahari, Sunsari","Itahari, Itahari, Sunsari",Sunsari,600000,0,0,3.0,0,North,2074.0,666,18 Dhur,20 Feet / Blacktopped,20 Feet , Blacktopped,N/A Sq. Feet,6 months ago,[],1,20.0,3280.5,,Low
"Flat For Rent In Dhapakhel, Lalitpur","Kantipur Engineering College, Dhapakhel, Lalitpur",Lalitpur,18000,2,1,3.0,0,North,2074.0,843,900 Sq. Feet,15 Feet / Gravelled,15 Feet , Gravelled,N/A Sq. Feet,6 months ago,[],1,15.0,900.0,,Low
"House For Sale In DDC Chowk, Biratnagar","Tintoliya, DDC Chowk, Biratnagar",Biratnagar,8000000,3,1,2.0,1,North East,2074.0,644,9 Dhur,13 Feet / Blacktopped,13 Feet , Blacktopped,9 Dhur,6 months ago,[],1,13.0,1640.25,1640.25,Medium
"House For Rent In Hattiban, Lalitpur","Nirankari mandala, Hattiban, Lalitpur",Lalitpur,60000,3,3,3.0,0,South,2074.0,610,0-3-2-0 Aana,13 Feet / Gravelled,13 Feet , Gravelled,N/A Sq. Feet,6 months ago,[],1,13.0,1197.875,,Low
"Land For Sale In Butwal, Butwal","Manglapur Chowk, Butwal, Butwal",Butwal,2500000,0,0,3.0,0,West,2074.0,569,18/32 Haat,15 Feet / Gravelled,15 Feet , Gravelled,N/A Sq. Feet,6 months ago,[],1,15.0,1296.0,,Medium
"House For Sale In Bharatpur, Chitwan","Bhojad, Bharatpur, Chitwan",Chitwan,7500000,2,1,1.0,2,East,2072.0,731,6 Dhur,6 Meter / Blacktopped,6 Meter , Blacktopped,N/A Sq. Feet,6 months ago,"['Lawn', 'Garden', 'TV Cable', 'Water Well', 'Electricity Backup', 'Internet', 'Parking']",0,19.68504,1093.5,,Medium
"Land For Sale In Dhumbarahi, Kathmandu","Dhumbarahi, Dhumbarahi, Kathmandu",Kathmandu,5700000,0,0,3.0,0,West,2074.0,193,0-6-3-0 Aana,24 Feet / Gravelled,24 Feet , Gravelled,N/A Sq. Feet,6 months ago,[],1,24.0,2310.1875,,Medium
"Land For Sale In Goldhunga, Kathmandu","Goldhunga, Goldhunga, Kathmandu",Kathmandu,2000000,0,0,3.0,0,West,2074.0,267,3 Aana,13 Feet / Soil Stabilized,13 Feet , Soil Stabilized,N/A Sq. Feet,6 months ago,[],1,13.0,1026.75,,Medium
"Office Space For Rent In Durbar Marg, Kathmandu","Lal Durbar marg, Durbar Marg, Kathmandu",Kathmandu,50000,0,0,3.0,0,North,2074.0,547,0-2-2-0 Aana,11 Feet / Paved,11 Feet , Paved,616 Sq. Feet,6 months ago,[],1,11.0,855.625,616.0,Low
"Land For Sale In Thankot, Kathmandu","Chandragiri Cable Car, Thankot, Kathmandu",Kathmandu,1150000,0,0,3.0,0,East,2074.0,581,0-8-0-0 Aana,13 Feet / Soil Stabilized,13 Feet , Soil Stabilized,N/A Aana,6 months ago,[],1,13.0,2738.0,,Low
"House For Sale In Kapan, Kathmandu","Adhikari mod, Aakase dhara, Kapan, Kathmandu",Kathmandu,32500000,6,5,3.0,5,East,2076.0,736,0-7-0-0 Sq. Feet,12 Feet / Blacktopped,12 Feet , Blacktopped,0-4-5-0 Sq. Feet,6 months ago,"['Garage', 'Balcony', 'Garden', 'Water Supply', 'Solar Water', 'Water Tank', 'Water Well', 'Parking', 'Store Room']",0,12.0,2395.75,1796.8125,Premium
"Balkot House For Rent : House For Rent In Balkot, Bhaktapur","27.6845464, Balkot, Bhaktapur",Bhaktapur,85000,0,0,3.0,0,East,2019.0,521,12 Aana,12 Feet / Soil Stabilized,12 Feet , Soil Stabilized,8 Aana,6 months ago,[],0,12.0,4107.0,2738.0,Low
"Land For Sale In Thankot, Kathmandu","Chandragiri Cable Car, Thankot, Kathmandu",Kathmandu,1050000,0,0,3.0,0,South,2074.0,681,0-7-2-0 Aana,13 Feet / Blacktopped,13 Feet , Blacktopped,N/A Sq. Feet,6 months ago,[],1,13.0,2566.875,,Low
"House On Sale In Bhimsengola, Old Baneswor Saypatri Tole : House For Sale In Battisputali, Kathmandu","House No 21 Satapatri Tole, Battisputali, Kathmandu",Kathmandu,18000000,0,3,3.0,1,East,2074.0,784,0-3-1-1 Aana,9 Feet / Paved,9 Feet , Paved,2.2 Aana,6 months ago,"['Backyard', 'TV Cable', 'Drainage', 'Water Supply', 'Balcony']",1,9.0,1133.703125,752.95,High
"Land For Sale In Kirtipur, Kathmandu","chalnakhel 1 kha, Kirtipur, Kathmandu",Kathmandu,3000000,0,0,0.0,0,North,2074.0,715,0-15-1-1 Sq. Feet,10 Feet / Soil Stabilized,10 Feet , Soil Stabilized,N/A Sq. Feet,6 months ago,[],1,10.0,5240.703125,,Medium
"Land With Houses : Land For Sale In Teku, Kathmandu","Teku, Kathmandu, Teku, Kathmandu",Kathmandu,20000000,0,0,0.0,0,South West,2074.0,638,0-10-2-0 Sq. Feet,30 Feet / Blacktopped,30 Feet , Blacktopped,N/A Sq. Feet,6 months ago,[],1,30.0,3593.625,,High
"House For Sale In Sano Gaun, Lalitpur","Sanogaun, Sano Gaun, Lalitpur",Lalitpur,14500000,0,0,3.0,0,West,2074.0,823,3 Aana,13 Feet / Gravelled,13 Feet , Gravelled,N/A Sq. Feet,6 months ago,[],1,13.0,1026.75,,High
"Land For Sale In Kirtipur, Kathmandu","Rarahil Memorial School, Kirtipur, Kathmandu",Kathmandu,1900000,0,0,3.0,0,West,2074.0,309,5 Aana,12 Feet / Soil Stabilized,12 Feet , Soil Stabilized,N/A Aana,6 months ago,[],1,12.0,1711.25,,Medium
"Land For Sale In Pokhara, Pokhara","Bajhapatan, Pokhara, Pokhara",Pokhara,11000000,0,0,3.0,0,East,2074.0,378,20*40 Haat,15 Feet / Soil Stabilized,15 Feet , Soil Stabilized,N/A Sq. Feet,6 months ago,[],1,15.0,1800.0,,High
"House For Sale In Budhanilkantha, Kathmandu","Rudreshwor Chowk Bus Stop, Budhanilkantha, Kathmandu",Kathmandu,45000000,0,0,3.0,0,South,2074.0,2.2K,8 Aana,15 Feet / Soil Stabilized,15 Feet , Soil Stabilized,N/A Sq. Feet,7 months ago,[],1,15.0,2738.0,,Premium
"House For Sale In Budhanilkantha, Kathmandu","Rudreshwor Chowk Bus Stop, Budhanilkantha, Kathmandu",Kathmandu,49500000,0,0,3.0,0,South,2074.0,3.3K,9 Aana,15 Feet / Blacktopped,15 Feet , Blacktopped,N/A Sq. Feet,7 months ago,"['Balcony', 'Frontyard', 'Modular Kitchen', 'TV Cable', 'Wifi', 'Drainage', 'Water Supply', 'Solar Water', 'Water Tank', 'Water Well', 'Parking', 'Store Room']",1,15.0,3080.25,,Premium
"House For Sale Satdobato Only Land Cost! : House For Sale In Satdobato, Lalitpur","Khumaltar Height, Satdobato, Lalitpur",Lalitpur,70000000,3,3,2.0,4,East,2050.0,896,0-10-0-0 Aana,20 Feet / Blacktopped,20 Feet , Blacktopped,2000 Sq. Feet,7 months ago,[],0,20.0,3422.5,2000.0,Premium
"House For Sale On Only Land Cost @ Shantinagar Kathmandu! : House For Sale In Shantinagar, Kathmandu","Shantingar Gate, Shantinagar, Kathmandu",Kathmandu,70000000,4,3,3.0,4,East,2049.0,989,0-9-2-0 Aana,20 Feet / Blacktopped,20 Feet , Blacktopped,2500 Sq. Feet,7 months ago,[],0,20.0,3251.375,2500.0,Premium
"9 Aana Chaauni Land On Dashain Tihar Offer Urgent Sale : Land For Sale In Chhauni, Kathmandu","31, Chhauni, Kathmandu",Kathmandu,4300000,0,0,3.0,0,North,2074.0,435,9 Aana,9 Feet / Paved,9 Feet , Paved,N/A Aana,7 months ago,[],1,9.0,3080.25,,Medium
"House Sale At Sanepa, Land Cost Only : House For Sale In Sanepa, Lalitpur","Lower Sanepa, Sanepa, Lalitpur",Lalitpur,25000000,3,5,3.0,1,East,2074.0,1.7K,0-4-0-0 Aana,20 Feet / Blacktopped,20 Feet , Blacktopped,2300 Sq. Feet,7 months ago,[],1,20.0,1369.0,2300.0,High
"Akarsak Thau Ko Ghar Bikri Ma!! : House For Sale In Imadol, Lalitpur","imadol 2, Lalitpur, Imadol, Lalitpur",Lalitpur,16000000,16,4,4.0,1,East,2063.0,645,4 Aana,10 Feet / Concrete,10 Feet , Concrete,4 Sq. Feet,7 months ago,[],0,10.0,1369.0,4.0,High
"House For Sale In Imadol, Lalitpur","Sanogaun, Imadol, Lalitpur",Lalitpur,13500000,3,9,3.0,0,North East,2076.0,1.5K,0-2-3-0 Aana,10 Feet / Soil Stabilized,10 Feet , Soil Stabilized,N/A Sq. Feet,7 months ago,"['Modular Kitchen', 'Wifi', 'Drainage', 'Water Supply', 'Water Tank', 'Water Well', 'Parking']",0,10.0,941.1875,,High
"House For Sale In Imadol, Lalitpur","Sana Gaun, Imadol, Lalitpur",Lalitpur,12000000,2,1,1.0,0,North East,2074.0,4.4K,0-3-0-1 Aana,12 Feet / Soil Stabilized,12 Feet , Soil Stabilized,N/A Sq. Feet,7 months ago,[],1,12.0,1048.140625,,High
"Land For Sale In Bhaisepati, Lalitpur","sainbu sital colony, Bhaisepati, Lalitpur",Lalitpur,2700000,0,0,3.0,0,North East,2074.0,10K,0-6-2-0 Aana,16 Feet / Blacktopped,16 Feet , Blacktopped,N/A Aana,7 months ago,"['Drainage', 'Water Well', 'Electricity Backup']",1,16.0,2224.625,,Medium
"Mandikatar House In Sell : House For Sale In Mandikatar, Kathmandu","House, Mandikatar, Kathmandu",Kathmandu,27800000,6,3,3.0,2,East,2019.0,3.9K,5 Aana,13 Feet / Gravelled,13 Feet , Gravelled,4 Aana,7 months ago,['Air Condition'],0,13.0,1711.25,1369.0,Premium
"House For Sale At Civil Homes, Dhapakhel : House For Sale In Dhapakhel, Lalitpur","Civil Homes, Dhapakhel, Lalitpur",Lalitpur,36000000,3,3,3.0,2,East,2065.0,1.2K,0-6-2-0 Aana,20 Feet / Blacktopped,20 Feet , Blacktopped,2000 Sq. Feet,7 months ago,[],0,20.0,2224.625,2000.0,Premium
"5 Ropani Land For Sale At Golfutar! : Land For Sale In Golfutar, Kathmandu","Golfutar basketball ground, Golfutar, Kathmandu",Kathmandu,3800000,0,0,3.0,0,West,2074.0,433,5-0-0-0 Ropani,20 Feet / Blacktopped,20 Feet , Blacktopped,N/A Ropani,7 months ago,[],1,20.0,27380.0,,Medium
"House For Rent : House For Rent In Bakhundol, Lalitpur","maitry marg Bakhundole, Bakhundol, Lalitpur",Lalitpur,180000,5,0,3.0,2,East,2074.0,552,0-5-0 Aana,14 Feet / Blacktopped,14 Feet , Blacktopped,0-3-9 Aana,7 months ago,"['Lawn', 'Balcony', 'Backyard']",1,14.0,1711.25,1796.8125,Low
"Flat System House For Sale At Ghattekulo Kathmandu. : House For Sale In Ghattekulo, Kathmandu","Ghattekulo, Ghattekulo, Kathmandu",Kathmandu,100000000,8,9,4.0,4,South,2065.0,1.5K,0-13-2-0 Aana,13 Feet / Blacktopped,13 Feet , Blacktopped,4500 Sq. Feet,7 months ago,[],0,13.0,4620.375,4500.0,Premium
"House For Sale At Only Land Cost @ Baneshwor! : House For Sale In Old Baneshwor, Kathmandu","Bhimsengola, Old Baneshwor, Kathmandu",Kathmandu,60000000,6,3,3.0,4,South,2050.0,1.7K,0-8-5-0 Aana,20 Feet / Blacktopped,20 Feet , Blacktopped,2500 Sq. Feet,7 months ago,[],0,20.0,3165.8125,2500.0,Premium
"Urgent Sale Land 5 Aana : Land For Sale In Raniban, Kathmandu","Raniban, Raniban, Kathmandu",Kathmandu,4000000,0,0,3.0,0,North East,2074.0,566,0-4-3-2 Aana,20 Feet / Blacktopped,20 Feet , Blacktopped,N/A Aana,7 months ago,[],1,20.0,1668.46875,,Medium
"BUDHANILKANTHA BUNGALOW : House For Sale In Budhanilkantha, Kathmandu","NA, Budhanilkantha, Kathmandu",Kathmandu,65000000,5,5,3.0,3,South East,2075.0,951,15 Aana,13 Feet / Soil Stabilized,13 Feet , Soil Stabilized,N/A Aana,7 months ago,"['Modular Kitchen', 'Drainage', 'Wifi', 'Water Supply', 'Solar Water', 'Balcony', 'Backyard', 'Garden', 'Frontyard']",0,13.0,5133.75,,Premium
"HEPALI GOLFUTAR HOME : House For Sale In Golfutar, Kathmandu","NA, Golfutar, Kathmandu",Kathmandu,56000000,6,6,3.0,3,East,2074.0,1.4K,10 Aana,20 Feet / Soil Stabilized,20 Feet , Soil Stabilized,3600 Sq. Feet,7 months ago,"['Drainage', 'Water Supply', 'Solar Water', 'Wifi', 'Modular Kitchen', 'TV Cable', 'Washing Machine', 'Air Condition']",0,20.0,3422.5,3600.0,Premium
"CHAPALI , BUDHANILKANTHA BUNGALOW : House For Sale In Budhanilkantha, Kathmandu","NA, Budhanilkantha, Kathmandu",Kathmandu,44500000,6,5,3.0,3,South East,2076.0,933,8.1 Aana,15 Feet / Blacktopped,15 Feet , Blacktopped,N/A Aana,7 months ago,"['Garden', 'Modular Kitchen', 'TV Cable', 'Water Supply', 'Solar Water', 'Drainage', 'Wifi', 'Balcony']",0,15.0,2772.225,,Premium
"HATTIGAUDA BUNGALOW : House For Sale In Hattigauda, Kathmandu","NA, Hattigauda, Kathmandu",Kathmandu,85000000,5,5,3.0,3,East,2074.0,351,17 Aana,13 Feet / Soil Stabilized,13 Feet , Soil Stabilized,N/A Aana,7 months ago,"['Frontyard', 'Garden', 'Drainage', 'Water Supply', 'Solar Water', 'Washing Machine', 'TV Cable', 'Microwave', 'Air Condition']",1,13.0,5818.25,,Premium
"House For Sale In Balaju, Kathmandu","Machha Pokhari, Balaju, Kathmandu",Kathmandu,38000000,0,0,3.0,0,East,2074.0,811,0-8-0-0 Aana,13 Feet / Blacktopped,13 Feet , Blacktopped,N/A Sq. Feet,7 months ago,[],1,13.0,2738.0,,Premium
"Land For Sale In Kalanki, Kathmandu","thapagaun, Kalanki, Kathmandu",Kathmandu,2000000,0,0,3.0,0,West,2074.0,795,0-7-0-0 Aana,16 Feet / Paved,16 Feet , Paved,N/A Sq. Feet,7 months ago,[],1,16.0,2395.75,,Medium
"Land For Sale In Chandragiri, Kathmandu","Chandragiri Cable Car, Chandragiri, Kathmandu",Kathmandu,1375000,0,0,3.0,0,West,2074.0,442,0-4-0-0 Aana,13 Feet / Gravelled,13 Feet , Gravelled,N/A Aana,7 months ago,[],1,13.0,1369.0,,Medium
"Land For Sale In Thankot, Kathmandu","chekpost thankot, Thankot, Kathmandu",Kathmandu,1450000,0,0,3.0,0,East,2074.0,550,0-4-0-0 Aana,13 Feet / Blacktopped,13 Feet , Blacktopped,N/A Sq. Feet,7 months ago,[],1,13.0,1369.0,,Medium
"House For Sale In Banasthali, Kathmandu","Dhunge Dhara, Radha Krisna Mandir, Banasthali, Kathmandu",Kathmandu,19000000,8,0,3.0,0,South,2074.0,2.6K,0-3-0-2 Aana,10 Feet / Blacktopped,10 Feet , Blacktopped,N/A Sq. Feet,7 months ago,"['Balcony', 'Modular Kitchen', 'Wifi', 'Drainage', 'Water Supply', 'Solar Water', 'Water Tank', 'Water Well', 'Parking', 'Store Room']",1,10.0,1069.53125,,High
"Flat For Rent In Jorpati, Kathmandu","Chamunda Road Besigaun, Jorpati, Kathmandu",Kathmandu,50000,6,3,2.0,3,East,2018.0,4.7K,0-6-2-0 Aana,10 Feet / Paved,10 Feet , Paved,0-3-0-0 Aana,7 months ago,"['Garage', 'Balcony', 'Fencing', 'Frontyard', 'Washing Machine', 'Wifi', 'Water Supply', 'Solar Water', 'Water Tank', 'Electricity Backup']",0,10.0,2224.625,1026.75,Low
"Land For Sale In Thankot, Kathmandu","Trivuban Park, Thankot, Kathmandu",Kathmandu,1700000,0,0,3.0,0,West,2074.0,420,0-6-2-0 Aana,14 Feet / Concrete,14 Feet , Concrete,N/A Sq. Feet,7 months ago,[],1,14.0,2224.625,,Medium
"House For Sale In Kadaghari, Kathmandu","Kadaghari, Kadaghari, Kathmandu",Kathmandu,7500000,3,1,1.0,0,North,2074.0,605,0-2-2-0 Aana,4 Feet / Soil Stabilized,4 Feet , Soil Stabilized,N/A Sq. Feet,7 months ago,[],1,4.0,855.625,,Medium
"House For Sale At Hepali, Near Golfutar Kathmandu. : House For Sale In Budhanilkantha, Kathmandu","Hepali Near Golfutar, Budhanilkantha, Kathmandu",Kathmandu,47500000,5,4,3.0,2,East,2070.0,925,0-8-0-0 Aana,20 Feet / Blacktopped,20 Feet , Blacktopped,2500 Sq. Feet,7 months ago,[],0,20.0,2738.0,2500.0,Premium
"Urgent Sale A House In Grende Villa Housing, Dhapasi : House For Sale In Dhapasi, Kathmandu","Grende Villa, Dhapasi, Kathmandu",Kathmandu,25000000,3,3,3.0,1,South,2074.0,1.2K,0-4-0-0 Aana,20 Feet / Blacktopped,20 Feet , Blacktopped,2300 Sq. Feet,7 months ago,[],1,20.0,1369.0,2300.0,High
"House For Sale In Imadol, Lalitpur","Krishna Mandir, Imadol, Lalitpur",Lalitpur,22500000,7,2,3.0,0,South,2074.0,684,0-3-3-2 Aana,13 Feet / Gravelled,13 Feet , Gravelled,N/A Sq. Feet,7 months ago,[],1,13.0,1326.21875,,High
"House For Sale At Southern Heights Housing, Thaiba LLalitpur : House For Sale In Thaiba, Lalitpur","Southern Heights Housing, Thaiba, Lalitpur",Lalitpur,35000000,5,4,3.0,2,West,2069.0,477,0-6-0-0 Aana,20 Feet / Blacktopped,20 Feet , Blacktopped,2500 Sq. Feet,7 months ago,[],0,20.0,2053.5,2500.0,Premium
"Business For Sale In Swayambhu, Kathmandu","Pachdhara, Swayambhu, Kathmandu",Kathmandu,1300000,0,0,3.0,0,West,2074.0,620,400 Sq. Feet,15 Feet / Blacktopped,15 Feet , Blacktopped,N/A Sq. Feet,7 months ago,[],1,15.0,400.0,,Low
"House For Sale In Mid Baneshwor, Kathmandu","Katyayani Temple, Mid Baneshwor, Kathmandu",Kathmandu,50000000,7,4,2.0,1,South East,2076.0,1.5K,0-7-0-0 Aana,10 Feet / Concrete,10 Feet , Concrete,1000 Sq. Feet,7 months ago,"['Lawn', 'Balcony', 'Garden', 'Modular Kitchen', 'Swimming Pool', 'TV Cable', 'Wifi', 'Drainage', 'Solar Water', 'Water Well', 'Electricity Backup', 'Parking', 'Store Room']",0,10.0,2395.75,1000.0,Premium
"Land For Sale In Chakupat, Lalitpur","Chakupat, Chakupat, Lalitpur",Lalitpur,4000000,0,0,3.0,0,North,2074.0,1.1K,0-5-2-0 Aana,12 Feet / Gravelled,12 Feet , Gravelled,N/A Aana,7 months ago,[],1,12.0,1882.375,,Medium
"Modern Newly Residential Home At Balaju, Boharatar, Kathmandu : House For Sale In Balaju, Kathmandu","Boharatar, Balaju, Kathmandu",Kathmandu,25000000,7,5,4.0,1,North,2019.0,1.1K,3 Aana,13 Feet / Gravelled,13 Feet , Gravelled,2.75 Aana,7 months ago,"['Garage', 'Balcony', 'Garden', 'TV Cable', 'Wifi', 'Drainage', 'Water Supply', 'Water Tank', 'Water Well', 'Internet', 'Parking']",0,13.0,1026.75,941.1875,High
"House For Sale In Syuchatar, Kathmandu","Syuchatar, Syuchatar, Kathmandu",Kathmandu,16500000,0,0,2.0,0,South East,2076.0,935,0-3-0-1 Aana,14 Feet / Blacktopped,14 Feet , Blacktopped,N/A Aana,7 months ago,"['Balcony', 'Drainage', 'Water Supply', 'Water Tank', 'Water Well', 'Electricity Backup', 'Internet', 'Parking']",0,14.0,1048.140625,,High
"House For Sale At Chhauni Kathmandu : House For Sale In Chhauni, Kathmandu","Museum Marga, Chhauni, Kathmandu",Kathmandu,46000000,5,4,3.0,2,South West,2074.0,369,0-7-0-0 Aana,13 Feet / Blacktopped,13 Feet , Blacktopped,3000 Sq. Feet,7 months ago,"['Water Supply', 'Solar Water', 'Water Tank', 'Frontyard', 'Garage']",0,13.0,2395.75,3000.0,Premium
"House For Sale In Kausaltar, Bhaktapur","Kausaltar, Kausaltar, Bhaktapur",Bhaktapur,30000000,5,4,3.0,0,East,2074.0,474,0-7-2-0 Aana,15 Feet / Blacktopped,15 Feet , Blacktopped,N/A Sq. Feet,7 months ago,[],1,15.0,2566.875,,Premium
"Housing Land : Land For Sale In Bhaktapur, Bhaktapur","Sirutar, Bhaktapur, Bhaktapur",Bhaktapur,1700000,0,0,3.0,0,East,2074.0,282,0-4-3-1 Aana,20 Feet / Gravelled,20 Feet , Gravelled,N/A Aana,7 months ago,[],1,20.0,1647.078125,,Medium
"Land For Sale In Mulpani, Kathmandu","Green Hill City, Mulpani, Kathmandu",Kathmandu,3300000,0,0,3.0,0,North,2074.0,185,0-5-2-0 Aana,8 Meter,8 Meter,Unknown,N/A Sq. Feet,7 months ago,[],1,26.24672,1882.375,,Medium
"Land For Sale In Damak, Jhapa","Damak, Damak, Jhapa",Jhapa,330000,0,0,3.0,0,North,2074.0,598,10 Dhur,13 Feet / Gravelled,13 Feet , Gravelled,N/A Sq. Feet,7 months ago,[],1,13.0,1822.5,,Low
"Land For Sale In Gongabu, Kathmandu","Gongabu, Gongabu, Kathmandu",Kathmandu,7000000,0,0,3.0,0,North,2074.0,188,4 Aana,20 Feet / Blacktopped,20 Feet , Blacktopped,N/A Sq. Feet,7 months ago,[],1,20.0,1369.0,,Medium
"House For Sale In Basbari, Kathmandu","Neuro Hospital, Basbari, Kathmandu",Kathmandu,28000000,2,4,3.0,3,South,2074.0,514,5 Aana,13 Feet / Gravelled,13 Feet , Gravelled,N/A Aana,7 months ago,[],1,13.0,1711.25,,Premium
"House For Sale In Mid Baneshwor, Kathmandu","MId Baneshwor, Mid Baneshwor, Kathmandu",Kathmandu,35000000,0,0,3.0,0,North,2074.0,314,0-3-5-0 Aana,13 Feet / Blacktopped,13 Feet , Blacktopped,N/A Sq. Feet,7 months ago,[],1,13.0,1454.5625,,Premium
"House For Sale In Thapagaun, Kathmandu","Thapagaun, Thapagaun, Kathmandu",Kathmandu,49000000,0,0,3.0,0,South,2074.0,185,0-4-2-0 Aana,12 Feet / Blacktopped,12 Feet , Blacktopped,N/A Sq. Feet,7 months ago,[],1,12.0,1540.125,,Premium
"Land For Sale In Samakhusi, Kathmandu","Maipi, Samakhusi, Kathmandu",Kathmandu,4000000,0,0,3.0,0,South,2074.0,326,4/4/5/5/6 Aana,20 Feet / Gravelled,20 Feet , Gravelled,N/A Aana,7 months ago,[],1,20.0,1642.8,,Medium
"Flat On Rent : Flat For Rent In Pasikot, Kathmandu","Shree ram chowk,, Pasikot, Kathmandu",Kathmandu,20000,2,1,3.0,2,South,2018.0,854,0-6-0-0 Aana,13 Feet / Soil Stabilized,13 Feet , Soil Stabilized,0-3-0-0 Aana,7 months ago,"['Garden', 'Modular Kitchen', 'TV Cable', 'Wifi', 'Water Tank', 'Water Well', 'Parking']",0,13.0,2053.5,1026.75,Low
"Urgent Sale : Land For Sale In Birgunj, Parsa","Medical College Road, Birgunj, Parsa",Parsa,350000,0,0,3.0,0,East,2074.0,531,26 Dhur,26 Feet / Gravelled,26 Feet , Gravelled,N/A Dhur,7 months ago,[],1,26.0,4738.5,,Low
"SUNDARBASTI HOME : House For Sale In Bhangal, Kathmandu","Sundarbasti, Bhangal, Kathmandu",Kathmandu,21500000,5,5,3.0,1,East,2076.0,814,3.5 Aana,13 Feet / Gravelled,13 Feet , Gravelled,N/A Aana,7 months ago,[],0,13.0,1197.875,,High
"Land For Sale In Tokha, Kathmandu","Greenland Chok, Tokha, Kathmandu",Kathmandu,3900000,0,0,3.0,0,East,2074.0,185,8 Aana,15 Feet / Blacktopped,15 Feet , Blacktopped,N/A Aana,7 months ago,[],1,15.0,2738.0,,Medium
"GOLFUTAR 4 ANA : Land For Sale In Golfutar, Kathmandu","NA, Golfutar, Kathmandu",Kathmandu,6700000,0,0,3.0,0,West,2074.0,246,4 Aana,33 Feet,33 Feet,Unknown,N/A Aana,7 months ago,[],1,33.0,1369.0,,Medium
"House For Sale In Budhanilkantha, Kathmandu","Srijana Tole, Budhanilkantha, Kathmandu",Kathmandu,25500000,7,5,3.0,1,East,2076.0,365,5 Aana,20 Feet / Gravelled,20 Feet , Gravelled,2600 Sq. Feet,7 months ago,"['Water Supply', 'Drainage', 'Garage']",0,20.0,1711.25,2600.0,High
"Perfect 8 Anna Residential Land For Sale Inside Budhanilkantha Villa : Land For Sale In Budhanilkantha, Kathmandu","Budhanilkantha Villa, Budhanilkantha, Kathmandu",Kathmandu,4200000,0,0,3.0,0,East,2074.0,1.4K,0-8-0-0 Aana,15 Feet / Blacktopped,15 Feet , Blacktopped,N/A Aana,7 months ago,[],1,15.0,2738.0,,Medium
"House For Sale In Gothatar, Kathmandu","Gothatar, Gothatar, Kathmandu",Kathmandu,16500000,8,0,3.0,0,North,2074.0,511,0-3-0-1 Aana,13 Feet / Gravelled,13 Feet , Gravelled,N/A Sq. Feet,7 months ago,[],1,13.0,1048.140625,,High
"House For Sale In Bhangal, Kathmandu","Sundara Basti, Bhangal, Kathmandu",Kathmandu,22000000,11,0,3.0,0,West,2074.0,747,0-3-5-0 Aana,13 Feet / Gravelled,13 Feet , Gravelled,N/A Sq. Feet,7 months ago,[],1,13.0,1454.5625,,High
"House For Sale In Changunarayan, Bhaktapur","Thathali, Changunarayan, Bhaktapur",Bhaktapur,10500000,0,0,3.0,0,South,2074.0,673,4 Aana,10 Feet / Blacktopped,10 Feet , Blacktopped,N/A Sq. Feet,7 months ago,[],1,10.0,1369.0,,High
"Land For Sale In Budhanilkantha, Kathmandu","Budhanilkantha, Budhanilkantha, Kathmandu",Kathmandu,2200000,0,0,3.0,0,West,2074.0,370,0-9-2-0 Aana,18 Feet / Blacktopped,18 Feet , Blacktopped,N/A Sq. Feet,7 months ago,[],1,18.0,3251.375,,Medium
"Land For Sale In Lagankhel, Lalitpur","Lagankhel, Lagankhel, Lalitpur",Lalitpur,5000000,0,0,3.0,0,North,2074.0,250,10 Sq. Feet,11 Feet / Blacktopped,11 Feet , Blacktopped,N/A Sq. Feet,7 months ago,[],1,11.0,10.0,,Medium
"Land For Sale In Lubhu, Lalitpur","Jagate, Lubhu, Lalitpur",Lalitpur,1250000,0,0,3.0,0,West,2074.0,513,0-4-1-0 Aana,20 Feet / Soil Stabilized,20 Feet , Soil Stabilized,N/A Sq. Feet,7 months ago,[],1,20.0,1454.5625,,Low
"12 Anna Fully Furnished Bungalow For Sale At Dhumbarahi, Pragati Tole : House For Sale In Dhumbarahi, Kathmandu","Pragati Tole, Dhumbarahi, Kathmandu",Kathmandu,70000000,5,7,2.0,3,East,2074.0,702,0-12-0-0 Aana,14 Feet / Blacktopped,14 Feet , Blacktopped,N/A Aana,7 months ago,"['Lawn', 'Garage', 'Air Condition', 'Backyard', 'Balcony', 'Garden', 'Frontyard', 'Fencing', 'Modular Kitchen', 'Wifi', 'Drainage', 'CCTV', 'Water Well', 'Solar Water', 'Water Supply', 'Electricity Backup', 'Internet']",1,14.0,4107.0,,Premium
"Land For Sale Near Itahari Chowk : Land For Sale In Birtamod Road, Itahari","Nearby Sangeet Chowk, Birtamod Road, Itahari",Itahari,1250000,0,0,3.0,0,North,2074.0,244,10 Dhur,20 Feet / Blacktopped,20 Feet , Blacktopped,N/A Aana,7 months ago,[],1,20.0,1822.5,,Low
"House For Sale In Banasthali, Kathmandu","Prakritik Chowk, Banasthali, Kathmandu",Kathmandu,39500000,5,6,3.0,5,North,2074.0,11.4K,0-5-3-0 Aana,20 Feet / Blacktopped,20 Feet , Blacktopped,N/A Aana,7 months ago,"['Air Condition', 'Backyard', 'Balcony', 'Modular Kitchen', 'TV Cable', 'Wifi', 'Drainage', 'Water Supply', 'Solar Water', 'Water Tank', 'Water Well', 'Parking', 'Store Room']",0,20.0,1967.9375,,Premium
"Land For Sale In Dahachowk, Khahare, Kathmandu","Khahare chowk dahachowk, Dahachowk, khahare, Kathmandu",Kathmandu,1450000,0,0,3.0,0,North East,2074.0,803,10-0-0-0 Ropani,6 Meter / Gravelled,6 Meter , Gravelled,N/A Ropani,7 months ago,"['Garden', 'Drainage', 'Water Well', 'Electricity Backup', 'Internet', 'Parking']",1,19.68504,54760.0,,Medium
"One Storied House For Sale Near Pashupati, Guheswori, Boudha : House For Sale In Chabahil, Kathmandu","Guheshwori, Chabahil, Kathmandu",Kathmandu,18000000,2,1,1.0,0,South,2074.0,655,5-1 Aana,12 Feet / Blacktopped,12 Feet , Blacktopped,2.6 Aana,7 months ago,['Garden'],1,12.0,27722.25,889.85,High
"60 Feet Faced Land On Main Road : Land For Sale In Mahalaxmisthan, Lalitpur","Shovahiti, Mahalaxmisthan, Lalitpur",Lalitpur,4300000,0,0,0.0,0,East,2074.0,324,0-6-3-0 Sq. Feet,26 Feet / Blacktopped,26 Feet , Blacktopped,N/A Sq. Feet,7 months ago,[],1,26.0,2310.1875,,Medium
"Bungalow For Sale At Sitapaila, Sita Homes : House For Sale In Sitapaila, Kathmandu","25 Gha, Sitapaila, Kathmandu",Kathmandu,22000000,3,4,3.0,1,East,2018.0,627,3 Aana,14 Feet,14 Feet,Unknown,1800 Aana,7 months ago,"['TV Cable', 'Drainage', 'Solar Water', 'Water Supply', 'Water Well']",0,14.0,1026.75,616050.0,High
"Land For Lease In DDC Chowk, Biratnagar","ddc chowk, DDC Chowk, Biratnagar",Biratnagar,30000,0,0,3.0,0,East,2074.0,134,1-0-0-0 Ropani,0 Feet,0 Feet,Unknown,N/A Ropani,7 months ago,[],1,0.0,5476.0,,Low
"House For Rent In Tarkeshwor, Kathmandu","Malpot office Manamaiju, Tarkeshwor, Kathmandu",Kathmandu,110000,0,6,3.0,1,East,2074.0,1.8K,6 Aana,22 Feet / Blacktopped,22 Feet , Blacktopped,N/A Aana,7 months ago,"['Balcony', 'Drainage', 'Water Well', 'Electricity Backup', 'Internet', 'Parking']",1,22.0,2053.5,,Low
"Apartment For Rent In Jhamsikhel, Lalitpur","Jhamsikhel, Jhamsikhel, Lalitpur",Lalitpur,40000,2,1,12.0,1,South,2074.0,912,683 Sq. Feet,0 Feet,0 Feet,Unknown,N/A Sq. Feet,7 months ago,"['Lawn', 'Balcony', 'Garden', 'Gym', 'Swimming Pool', 'TV Cable', 'Drainage', 'Water Well', 'Internet', 'Parking', 'Security Staff', 'Store Room']",1,0.0,683.0,,Low
"9 Anna Land For Sale At Baluwatar Infront Of Himani Trust : Land For Sale In Baluwatar, Kathmandu","Infront Of Himani Trust, Baluwatar, Kathmandu",Kathmandu,5500000,0,0,3.0,0,South East,2074.0,386,0-9-0-0 Aana,16 Feet / Blacktopped,16 Feet , Blacktopped,N/A Aana,7 months ago,[],1,16.0,3080.25,,Medium
"Tempting Brand New Modern Bungalow For Sale In Maharajgunj : House For Sale In Maharajgunj, Kathmandu","Maharajgunj, Maharajgunj, Kathmandu",Kathmandu,62500000,5,6,2.0,5,East,2019.0,410,0-6.5-0-0 Aana,15 Feet / Blacktopped,15 Feet , Blacktopped,N/A Aana,7 months ago,"['Lawn', 'Garage', 'Backyard', 'Balcony', 'Garden', 'Frontyard', 'Fencing', 'Modular Kitchen', 'TV Cable', 'Wifi', 'Drainage', 'CCTV', 'Water Supply', 'Electricity Backup', 'Internet']",0,15.0,2224.625,,Premium
"7 Anna Attractive Land At Narayan Chaur, Naxal Near Star Venue Party Palace : Land For Sale In Naxal, Kathmandu","Near Star Venue Party Palace, Naxal, Kathmandu",Kathmandu,8500000,0,0,3.0,0,South East,2074.0,402,0-7-0-0 Aana,16 Feet / Blacktopped,16 Feet , Blacktopped,N/A Aana,7 months ago,[],1,16.0,2395.75,,High
"Ichangu Narayan Jagga : Land For Sale In Nagarjun, Kathmandu","Ichangunarayan, Nagarjun, Kathmandu",Kathmandu,32500000,0,0,3.0,0,South,2074.0,251,2-0-2-0 Ropani,16 Feet / Blacktopped,16 Feet , Blacktopped,.5 Ropani,7 months ago,[],1,16.0,11123.125,2738.0,Premium
"House For Sale In Sukedhara, Kathmandu","Yatayat Office sukedhara, Sukedhara, Kathmandu",Kathmandu,47000000,18,6,3.0,6,South,2074.0,2.8K,6 Aana,13 Feet / Blacktopped,13 Feet , Blacktopped,N/A Aana,7 months ago,"['Balcony', 'Modular Kitchen', 'TV Cable', 'Wifi', 'Drainage', 'Water Supply', 'Water Tank', 'Water Well', 'Internet', 'Parking', 'Store Room']",1,13.0,2053.5,,Premium
"Office Space For Rent In Baluwatar, Kathmandu","Russian Embassy Nepal, Baluwatar, Kathmandu",Kathmandu,175000,0,0,4.0,0,North,2074.0,2.9K,1800 Sq. Feet,42 Feet / Blacktopped,42 Feet , Blacktopped,N/A Sq. Feet,7 months ago,[],1,42.0,1800.0,,Low
"Beauty Parlor On Sale! : Business For Sale In Anamnagar, Kathmandu","Devkota Sadak, Anamnagar, Kathmandu",Kathmandu,500000,0,0,1.0,0,South,2074.0,208,250 Sq. Meter,20 Meter / Soil Stabilized,20 Meter , Soil Stabilized,10-20-10-20 Sq. Meter,7 months ago,[],1,65.6168,2690.975,,Low
"1 Ropani Attractive Commercial Land For Sale At Gahana Pokhari, Naxal : Land For Sale In Naxal, Kathmandu","Gahana Pokhari Main Road, Naxal, Kathmandu",Kathmandu,11000000,0,0,3.0,0,North East,2074.0,351,1-0-0-0 Aana,20 Feet / Blacktopped,20 Feet , Blacktopped,N/A Aana,7 months ago,[],1,20.0,5476.0,,High
"3.5 Storied House On Sale : House For Sale In Boudha, Kathmandu","Bhrikutichowk, Kathmandu Nepal, Boudha, Kathmandu",Kathmandu,22500000,0,4,3.0,4,North,2009.0,945,0-3-0-0 Aana,12 Feet / Gravelled,12 Feet , Gravelled,N/A Aana,7 months ago,"['TV Cable', 'Water Supply', 'Water Well', 'Internet']",0,12.0,1026.75,,High
"26 Anna Main Road Commercial Land, Mid Baneshwor Beside Venus Hospital : Land For Sale In Mid Baneshwor, Kathmandu","Mid baneshwor Beside Venus Hospital, Mid Baneshwor, Kathmandu",Kathmandu,11000000,0,0,3.0,0,South East,2074.0,285,1-10-0-0 Aana,40 Feet / Blacktopped,40 Feet , Blacktopped,N/A Aana,7 months ago,[],1,40.0,8898.5,,High
"31 Anna Commercial Land For Sale Prime Location, Baluwatar Main Road : Land For Sale In Baluwatar, Kathmandu","Baluwatar Main Road, Baluwatar, Kathmandu",Kathmandu,13000000,0,0,3.0,0,East,2074.0,298,1-15-0-0 Aana,50 Feet / Blacktopped,50 Feet , Blacktopped,N/A Aana,7 months ago,[],1,50.0,10609.75,,High
"8 Anna Modern House For Sale In Basundhara In Sherchan Colony Height : House For Sale In Dhapasi, Kathmandu","Sherchan Colony, Dhapasi, Dhapasi, Kathmandu",Kathmandu,45000000,6,6,3.0,2,South West,2074.0,501,0-8-0-0 Aana,20 Feet / Blacktopped,20 Feet , Blacktopped,N/A Aana,7 months ago,"['Lawn', 'Garage', 'Air Condition', 'Backyard', 'Balcony', 'Garden', 'Frontyard', 'Fencing', 'Modular Kitchen', 'TV Cable', 'Washing Machine', 'Wifi', 'Drainage', 'CCTV', 'Water Well', 'Water Supply', 'Electricity Backup', 'Internet']",1,20.0,2738.0,,Premium
"Magnificent New Bungalow For Sale At Budhanilkantha, Kathmandu : House For Sale In Budhanilkantha, Kathmandu","Park Village, Budhanilkantha, Kathmandu",Kathmandu,130000000,6,7,2.0,10,North,2017.0,1.5K,1-10-0-0 Aana,20 Feet / Blacktopped,20 Feet , Blacktopped,N/A Aana,7 months ago,"['Lawn', 'Garage', 'Air Condition', 'Backyard', 'Balcony', 'Gym', 'Garden', 'Frontyard', 'Modular Kitchen', 'Swimming Pool', 'Wifi', 'Drainage', 'CCTV', 'Water Tank', 'Electricity Backup', 'Water Supply', 'Internet', 'Kids Playground']",0,20.0,8898.5,,Premium
"9 Anna Commercial Main Road Land On Sale Opposite To Big Mart Lazimpat : Land For Sale In Lazimpat, Kathmandu","Lazimpat Main Road, Lazimpat, Kathmandu",Kathmandu,15000000,0,0,3.0,0,East,2074.0,331,0-9-0-0 Aana,60 Feet / Blacktopped,60 Feet , Blacktopped,N/A Aana,7 months ago,[],1,60.0,3080.25,,High
"Land With Old House On Sale, Dhumbarahi Main Road Near Investment Bank : Land For Sale In Dhumbarahi, Kathmandu","Dhumbarahi Main Road, Dhumbarahi, Kathmandu",Kathmandu,7500000,0,0,3.0,0,West,2074.0,294,0-9-1-0 Aana,45 Feet / Blacktopped,45 Feet , Blacktopped,N/A Aana,7 months ago,[],1,45.0,3165.8125,,Medium
"6.5 Anna Land For Sale At Basundhara Chauki, Shayanshah Height : Land For Sale In Dhapasi, Kathmandu","Shayansha Height Near Ram Mandir, Dhapasi, Kathmandu",Kathmandu,4000000,0,0,3.0,0,East,2074.0,280,0-6-2-0 Aana,12 Feet / Blacktopped,12 Feet , Blacktopped,N/A Aana,7 months ago,[],1,12.0,2224.625,,Medium
"Bungalow At Mid Baneshwor, 100 Meters From Venus Hospital : House For Sale In Mid Baneshwor, Kathmandu","Mid Baneshwor Near Venus Hospital, Mid Baneshwor, Kathmandu",Kathmandu,120000000,4,5,2.0,2,South East,2074.0,926,0-12-0-2 Aana,20 Feet / Blacktopped,20 Feet , Blacktopped,N/A Aana,7 months ago,"['Garage', 'Air Condition', 'Balcony', 'Garden', 'Frontyard', 'Modular Kitchen', 'TV Cable', 'Drainage', 'Wifi', 'Water Supply', 'Water Tank', 'Electricity Backup', 'Internet']",1,20.0,4149.78125,,Premium
"Apartment For Rent In Bishal Nagar, Kathmandu","Bishal Nagar, Bishal Nagar, Kathmandu",Kathmandu,100000,2,2,9.0,1,West,2074.0,719,1371 Sq. Feet,0 Feet,0 Feet,Unknown,N/A Sq. Feet,7 months ago,"['Lawn', 'Balcony', 'Garden', 'Gym', 'Modular Kitchen', 'Swimming Pool', 'TV Cable', 'Wifi', 'Water Supply', 'Water Well', 'Electricity Backup', 'Internet', 'Kids Playground', 'Lift', 'Maintenance', 'Parking', 'Security Staff', 'Jacuzzi']",1,0.0,1371.0,,Low
"Bhelpa House On Rent : House For Rent In Gwarko, Lalitpur","Balfal Bhelpa., Gwarko, Lalitpur",Lalitpur,45000,3,3,3.0,1,East,2076.0,410,0-2-2-0 Aana,16 Feet / Gravelled,16 Feet , Gravelled,0-2-2-0 Aana,7 months ago,"['Garage', 'Fencing', 'Drainage', 'Water Supply', 'Water Well']",0,16.0,855.625,855.625,Low
"Office Space For Rent In Baneshwor, Kathmandu","New Baneshwor Chowk, Baneshwor, Kathmandu",Kathmandu,350000,0,0,8.0,0,South,2074.0,986,2200 Sq. Feet,30 Meter / Blacktopped,30 Meter , Blacktopped,N/A Sq. Feet,7 months ago,"['Balcony', 'Wifi', 'Water Supply', 'Water Tank', 'Water Well', 'Electricity Backup', 'Internet', 'Lift', 'Parking', 'Store Room']",1,98.4252,2200.0,,Low
"Residential : House For Sale In Kapan, Kathmandu","Payutar, Kapan, Kathmandu",Kathmandu,22000000,6,5,3.0,1,East,2016.0,359,5 Aana,14 Feet / Gravelled,14 Feet , Gravelled,4 Aana,7 months ago,"['Balcony', 'TV Cable', 'Wifi', 'Internet', 'Water Well', 'Water Tank', 'Electricity Backup', 'Drainage', 'Garage']",0,14.0,1711.25,1369.0,High
"House For Sale In Tikathali, Lalitpur","Tikathali, Tikathali, Lalitpur",Lalitpur,17000000,3,2,2.0,3,West,2019.0,309,0-4-0-0 Aana,13 Feet / Gravelled,13 Feet , Gravelled,127.18 Sq. Feet,7 months ago,['Water Supply'],0,13.0,1369.0,127.18,High
"Budhanilkantha Bungalow : House For Rent In Budhanilkantha, Kathmandu","Budhanilkantha, Budhanilkantha, Kathmandu",Kathmandu,550000,24,0,4.0,15,East,2076.0,1.1K,48 Aana,22 Feet / Blacktopped,22 Feet , Blacktopped,16 Aana,7 months ago,"['Drainage', 'Water Supply', 'Solar Water', 'Wifi', 'Washing Machine', 'TV Cable', 'Modular Kitchen', 'Frontyard', 'Garden', 'Microwave', 'Fencing', 'Garage', 'Air Condition', 'Lawn', 'Backyard', 'Balcony']",0,22.0,16428.0,5476.0,Low
"Budanilkantha Golfutar Home : House For Sale In Budhanilkantha, Kathmandu","Golfutar, Budhanilkantha, Kathmandu",Kathmandu,30000000,10,8,4.0,2,South,2068.0,691,4 Aana,30 Feet / Blacktopped,30 Feet , Blacktopped,N/A Aana,7 months ago,"['TV Cable', 'Wifi', 'Drainage', 'Water Supply', 'Solar Water']",0,30.0,1369.0,,Premium
"House For Sale In Kavresthali, Kathmandu","Vadigoth, Kavresthali, Kathmandu",Kathmandu,7000000,0,0,3.0,0,West,2074.0,627,3 Aana,10 Feet / Soil Stabilized,10 Feet , Soil Stabilized,N/A Sq. Feet,7 months ago,[],1,10.0,1026.75,,Medium
"New Modern And Beautiful House : House For Sale In Thaiba, Lalitpur","Wasa hiti, Thaiba, Lalitpur",Lalitpur,19000000,4,4,3.0,2,East,2075.0,608,0-4-0-1 Aana,13 Feet / Gravelled,13 Feet , Gravelled,2500 Sq. Feet,7 months ago,"['Lawn', 'Garage', 'Fencing', 'Frontyard', 'Modular Kitchen', 'TV Cable', 'Solar Water', 'Water Supply', 'Water Well', 'Water Tank', 'Internet']",0,13.0,1390.390625,2500.0,High
"House Near Kist Hospital Imadole : House For Sale In Imadol, Lalitpur","timalshina chowk, Imadol, Lalitpur",Lalitpur,18000000,0,4,4.0,0,South,2016.0,664,11 Dhur,0 Feet,0 Feet,Unknown,11 Dhur,7 months ago,"['Drainage', 'Water Well', 'Water Tank', 'Solar Water', 'TV Cable', 'Balcony', 'Modular Kitchen']",0,0.0,2004.75,2004.75,High
"Land For Sale In Birgunj, Parsa","Birganj Inner Bypass Rd, Birgunj, Parsa",Parsa,1550000,0,0,0.0,0,North,2074.0,852,45 Dhur,66 Feet / Blacktopped,66 Feet , Blacktopped,N/A Sq. Meter,7 months ago,[],1,66.0,8201.25,,Medium
"One Floor Home : House For Sale In Tarakeshwar, Kathmandu","Kavresthali, Tarakeshwar, Kathmandu",Kathmandu,12000000,1,1,1.0,1,North West,2076.0,490,0-2-2-3 Aana,10 Feet / Gravelled,10 Feet , Gravelled,0-2-2-3 Aana,7 months ago,"['Garage', 'Fencing', 'Frontyard', 'Wifi', 'Water Supply', 'Water Tank', 'Internet', 'Parking']",0,10.0,919.796875,919.796875,High
"House For Sale In Newroad, Kathmandu","New Road, Newroad, Kathmandu",Kathmandu,122500000,23,10,3.0,0,West,2074.0,430,0-2-2-0 Aana,15 Feet / Blacktopped,15 Feet , Blacktopped,N/A Sq. Feet,7 months ago,[],1,15.0,855.625,,Premium
"House For Rent In Boudha, Kathmandu","Boudha - Jorpati Road, Boudha, Kathmandu",Kathmandu,55000,4,4,3.0,0,West,2074.0,788,2100 Sq. Feet,15 Feet / Gravelled,15 Feet , Gravelled,N/A Sq. Feet,7 months ago,[],1,15.0,2100.0,,Low
"Land For Sale In Thali, Kathmandu","Thali, Thali, Kathmandu",Kathmandu,1500000,0,0,3.0,0,North,2074.0,239,0-3-2-0 Aana,12 Feet / Gravelled,12 Feet , Gravelled,N/A Sq. Feet,7 months ago,[],1,12.0,1197.875,,Medium
"Land For Sale In Thali, Kathmandu","Thali, Thali, Kathmandu",Kathmandu,1300000,0,0,3.0,0,West,2074.0,314,4 Aana,4 Feet / Soil Stabilized,4 Feet , Soil Stabilized,N/A Sq. Feet,7 months ago,[],1,4.0,1369.0,,Low
"Land For SALE In Banepa : Land For Sale In Banepa, Kavre","Karuna Marg, Banepa, Kavre",Kavre,815000,0,0,3.0,0,North,2074.0,230,10.3 Aana,20 Feet / Gravelled,20 Feet , Gravelled,N/A Aana,7 months ago,[],1,20.0,3525.175,,Low
"Land For Sale In Thali, Kathmandu","Thali, Thali, Kathmandu",Kathmandu,1350000,0,0,3.0,0,North,2074.0,251,6 Aana,12 Feet / Gravelled,12 Feet , Gravelled,N/A Sq. Feet,7 months ago,[],1,12.0,2053.5,,Medium
"House For Rent In Minbhawan, Kathmandu","New Baneshwor, Minbhawan, Kathmandu",Kathmandu,80000,6,2,3.0,0,South,2062.0,298,0-5-3-0 Ropani,20 Feet / Blacktopped,20 Feet , Blacktopped,2500 Ropani,7 months ago,[],0,20.0,1967.9375,13690000.0,Low
"House For Sale In Jorpati, Kathmandu","Shiva Chowk, Dashindhoka Jorpati, Jorpati, Kathmandu",Kathmandu,20000000,0,0,3.0,0,South,2074.0,398,4 Aana,15 Feet,15 Feet,Unknown,N/A Sq. Feet,7 months ago,[],1,15.0,1369.0,,High
"House For Sale In Tikathali, Lalitpur","Tikathali-1, Tikathali, Lalitpur",Lalitpur,17000000,8,3,3.0,0,South,2074.0,860,0-3-0-0 Aana,13 Feet / Blacktopped,13 Feet , Blacktopped,N/A Sq. Feet,7 months ago,[],1,13.0,1026.75,,High
"House For Sale In Tarkeshwor, Kathmandu","lolang hariyali basti, Tarkeshwor, Kathmandu",Kathmandu,17000000,0,0,3.0,0,East,2074.0,157,0-3-0-0 Aana,10 Feet / Gravelled,10 Feet , Gravelled,N/A Sq. Feet,7 months ago,[],1,10.0,1026.75,,High
"House For Sale In Tarkeshwor, Kathmandu","Lolang, Tarkeshwor, Kathmandu",Kathmandu,8500000,4,0,3.0,0,South,2074.0,343,2.5 Aana,10 Feet,10 Feet,Unknown,N/A Sq. Feet,7 months ago,[],1,10.0,855.625,,High
"Land For Sale In Godawari, Lalitpur","Badikhel, Godawari, Lalitpur",Lalitpur,1100000,0,0,3.0,0,South,2074.0,407,5 Aana,20 Feet / Gravelled,20 Feet , Gravelled,N/A Sq. Feet,7 months ago,[],1,20.0,1711.25,,Low
"House For Sale In Harisiddhi, Lalitpur","Harisiddhi, Harisiddhi, Lalitpur",Lalitpur,15500000,8,0,3.0,0,North,2074.0,449,3 Aana,20 Feet / Gravelled,20 Feet , Gravelled,N/A Sq. Feet,7 months ago,[],1,20.0,1026.75,,High
"Land For Sale In Naikap, Kathmandu","Naikap Naya Bhanjyang, Naikap, Kathmandu",Kathmandu,2600000,0,0,3.0,0,East,2074.0,848,0-7-0-0 Aana,20 Feet / Blacktopped,20 Feet , Blacktopped,N/A Aana,7 months ago,[],1,20.0,2395.75,,Medium
"3 Ropani Land For Sale At Pumdikot Pokhara : Land For Sale In Pokhara, Pokhara","Pumdikot, Pokhara, Pokhara",Pokhara,60000000,0,0,3.0,0,East,2074.0,374,3-0-0-03 Aana,20 Feet / Blacktopped,20 Feet , Blacktopped,N/A Aana,7 months ago,[],1,20.0,16492.171875,,Premium
"Shutters For Rent : Office Space For Rent In Koteshwor, Kathmandu","338/6, Koteshwor, Kathmandu",Kathmandu,24000,0,3,2.0,1,West,2052.0,719,13 Aana,0 Meter / Paved,0 Meter , Paved,6 Aana,7 months ago,"['Garage', 'Balcony', 'Water Well', 'Wifi', 'CCTV', 'Water Supply', 'TV Cable']",0,0.0,4449.25,2053.5,Low
"Land For Sale In Birtamod Road, Itahari","Rajbiraj saptari, Birtamod Road, Itahari",Itahari,230000,0,0,3.0,0,East,2074.0,175,16 Dhur,0 Feet,0 Feet,Unknown,N/A Aana,7 months ago,[],1,0.0,2916.0,,Low
"Land For Sale In Suryabinayak, Bhaktapur","sanga fun park, Suryabinayak, Bhaktapur",Bhaktapur,1200000,0,0,0.0,0,South West,2074.0,182,39 Aana,20 Feet / Soil Stabilized,20 Feet , Soil Stabilized,N/A Sq. Feet,7 months ago,[],1,20.0,13347.75,,Low
"Tinkune Prime Location Land On Sale : Land For Sale In Tinkune, Kathmandu","Gairigaon, Tinkune, Kathmandu",Kathmandu,5600000,0,0,3.0,0,East,2074.0,198,5 Aana,15 Feet / Blacktopped,15 Feet , Blacktopped,2 Paisa,7 months ago,[],1,15.0,1711.25,,Medium
"SAMAKHUSI HOME : House For Sale In Samakhusi, Kathmandu","Samakhusi, Samakhusi, Kathmandu",Kathmandu,44000000,5,6,3.0,1,East,2076.0,390,4 Aana,15 Feet / Blacktopped,15 Feet , Blacktopped,N/A Aana,7 months ago,"['Water Tank', 'Water Supply', 'Solar Water', 'Drainage', 'Wifi', 'TV Cable']",0,15.0,1369.0,,Premium
"BUDHANILKANTHA 20 ANA VILLA : House For Sale In Budhanilkantha, Kathmandu","Near by Deubaniwas, Budhanilkantha, Kathmandu",Kathmandu,100000000,6,6,3.0,10,North West,2071.0,895,20 Aana,20 Feet / Blacktopped,20 Feet , Blacktopped,N/A Aana,7 months ago,"['Fencing', 'Frontyard', 'Garden', 'Backyard', 'Air Condition', 'Garage', 'Microwave', 'Modular Kitchen', 'Washing Machine', 'Wifi', 'Drainage', 'Water Supply', 'Solar Water', 'Water Tank', 'Water Well']",0,20.0,6845.0,,Premium
"BUDANILKANTHA VILLA : House For Sale In Budhanilkantha, Kathmandu","Near by Deubaniwas, Budhanilkantha, Kathmandu",Kathmandu,96000000,5,7,3.0,0,South East,2074.0,436,18 Aana,20 Feet / Blacktopped,20 Feet , Blacktopped,N/A Aana,7 months ago,"['Garden', 'Frontyard', 'Air Condition', 'Garage', 'Backyard', 'Deck', 'Fencing', 'Lawn', 'Balcony', 'Microwave', 'Modular Kitchen', 'Wifi', 'Drainage', 'Water Supply', 'Solar Water', 'Washing Machine', 'Water Well', 'Water Tank']",0,20.0,6160.5,,Premium
"BHANGAL HEIGHT NEW HOME : House For Sale In Bhangal, Kathmandu","Bhangal, Bhangal, Kathmandu",Kathmandu,28500000,6,6,3.0,2,East,2076.0,428,4.5 Aana,20 Feet / Blacktopped,20 Feet , Blacktopped,N/A Aana,7 months ago,"['Garage', 'Water Tank', 'Solar Water', 'Water Supply', 'Drainage', 'Wifi']",0,20.0,1540.125,,Premium
"House For Sale In Kadaghari, Kathmandu","Birendra Chowk, Kadaghari, Kathmandu",Kathmandu,22500000,0,0,3.0,0,North,2074.0,432,4 Aana,16 Feet / Blacktopped,16 Feet , Blacktopped,N/A Sq. Feet,7 months ago,[],1,16.0,1369.0,,High
"Swayambhu Buddhachok 4 Floors Home : House For Sale In Swayambhu, Kathmandu","Swayambhu, Swayambhu, Kathmandu",Kathmandu,41000000,17,10,3.0,2,East,2074.0,407,8.1 Aana,15 Feet / Blacktopped,15 Feet , Blacktopped,N/A Aana,7 months ago,"['Frontyard', 'Garage', 'Wifi', 'Washing Machine', 'Water Tank', 'Drainage', 'Water Supply', 'Solar Water']",1,15.0,2772.225,,Premium
"House For Sale In Samakhusi, Kathmandu","Near Ranibari, Samakhusi, Kathmandu",Kathmandu,30000000,11,0,4.0,2,North,2001.0,252,5 ana Aana,13 Feet / Blacktopped,13 Feet , Blacktopped,4ana Aana,7 months ago,"['Lawn', 'Garage', 'Balcony', 'TV Cable', 'Wifi', 'Drainage', 'Water Supply']",0,13.0,1711.25,1369.0,Premium
"5 Ana Land On Sale In Vibor Planning, Chunikhel Bhaiseapti : Land For Sale In Bhaisepati, Lalitpur","Chunikhel, Bhaisepati, Lalitpur",Lalitpur,2500000,0,0,3.0,0,East,2074.0,668,0-5-0-0 Aana,0 Feet,0 Feet,Unknown,N/A Aana,7 months ago,[],1,0.0,1711.25,,Medium
"Office Space For Sale In Jamal, Kathmandu","Kanti Path, Jamal, Kathmandu",Kathmandu,1200000,0,0,3.0,0,North,2074.0,272,1850 Sq. Feet,40 Feet / Blacktopped,40 Feet , Blacktopped,N/A Sq. Feet,7 months ago,[],1,40.0,1850.0,,Low
"Apartment For Rent In Naxal, Kathmandu","Bhatbhateni Apartments, Naxal, Kathmandu",Kathmandu,170000,3,4,7.0,2,East,2074.0,6.5K,2100 Sq. Feet,20 Feet / Blacktopped,20 Feet , Blacktopped,N/A Sq. Feet,7 months ago,"['Balcony', 'Garden', 'Gym', 'Modular Kitchen', 'Swimming Pool', 'TV Cable', 'Wifi', 'Drainage', 'Water Supply', 'Solar Water', 'Water Well', 'CCTV', 'Electricity Backup', 'Internet', 'Lift', 'Parking', 'Security Staff']",1,20.0,2100.0,,Low
"Modern Bungalow : House For Sale In Maharajgunj, Kathmandu","Maharajgunj, Maharajgunj, Kathmandu",Kathmandu,65000000,5,6,3.0,3,East,2076.0,732,6.5 Aana,15 Feet / Blacktopped,15 Feet , Blacktopped,N/A Aana,7 months ago,"['Frontyard', 'Garden', 'Microwave', 'Modular Kitchen', 'TV Cable', 'Wifi', 'Drainage', 'Water Tank', 'Water Well', 'CCTV']",0,15.0,2224.625,,Premium
"2 Floors Flats Available For Office Rent In Kupondole : Flat For Rent In Kupondole, Lalitpur","84/10 Kupondole, Kupondole, Lalitpur",Lalitpur,95000,4,2,4.0,4,South East,2074.0,339,8 Aana,0 Feet / Paved,0 Feet , Paved,N/A Aana,7 months ago,"['Garage', 'Air Condition', 'Modular Kitchen', 'Water Supply', 'Solar Water', 'Water Tank', 'Cafeteria', 'Electricity Backup']",1,0.0,2738.0,,Low
"3 - 4 Ana Land On Sale In Khadka Gau , Kalanki 1.5 Km From LRI School : Land For Sale In Kalanki, Kathmandu","Khadka Gau , 1.5 km from LRI, Kalanki, Kathmandu",Kathmandu,2300000,0,0,3.0,0,South East,2074.0,385,3 -4 Pieces Aana,13 Feet / Blacktopped,13 Feet , Blacktopped,N/A Aana,7 months ago,[],1,13.0,16428.0,,Medium
"Flat For Rent In Balkot, Bhaktapur","Sirutar, Balkot, Bhaktapur",Bhaktapur,12000,2,1,3.0,0,West,2074.0,617,900 Sq. Feet,15 Feet / Blacktopped,15 Feet , Blacktopped,N/A Sq. Feet,7 months ago,[],1,15.0,900.0,,Low
"PRIVATE HOME URGENTLY SELLING : House For Sale In Basbari, Kathmandu","Basnsbari Road, Basbari, Kathmandu",Kathmandu,115000000,4,4,3.0,4,North East,2009.0,650,18 Aana,13 Feet / Paved,13 Feet , Paved,12 Aana,7 months ago,"['Lawn', 'Garage', 'Air Condition', 'Backyard', 'Balcony', 'Deck', 'Frontyard', 'Garden', 'Modular Kitchen', 'TV Cable', 'Washing Machine', 'Microwave', 'Wifi', 'Drainage', 'Water Supply', 'Solar Water', 'Water Well', 'Water Tank', 'CCTV', 'Electricity Backup', 'Internet', 'Security Staff']",0,13.0,6160.5,4107.0,Premium
"5 Ana Land On Sale In Pepsicola, Kathmandu !! : Land For Sale In Pepsicola, Kathmandu","Pepsicola , Near Sunrise Bank, Pepsicola, Kathmandu",Kathmandu,4000000,0,0,3.0,0,South East,2074.0,280,0-5-0-0 Aana,0 Feet,0 Feet,Unknown,N/A Aana,7 months ago,[],1,0.0,1711.25,,Medium
"4 Ana Land On Sale In Dharmasthali, Tarakheshwor Kathamandu : Land For Sale In Tarakeshwar, Kathmandu","Dharmasthali, Tarakeshwar, Kathmandu",Kathmandu,1400000,0,0,3.0,0,South West,2074.0,710,0-4-0-0 Aana,0 Feet,0 Feet,Unknown,N/A Aana,7 months ago,[],1,0.0,1369.0,,Medium
"LAND FOR SALE : Land For Sale In Khairahani, Chitwan","Khairahani Nagarpalika, Ward No 6, Chitwan, Khairahani, Chitwan",Chitwan,2500000,0,0,3.0,0,North,2074.0,197,13 Kattha,6 Meter / Gravelled,6 Meter , Gravelled,N/A Aana,7 months ago,[],1,19.68504,47385.0,,Medium
"Immediate Sale Of 4 Ana Land In Vip Area Of Bhaisepati : Land For Sale In Bhaisepati, Lalitpur","Gokul Awash Bhaisepati, Bhaisepati, Lalitpur",Lalitpur,3500000,0,0,3.0,0,South West,2074.0,617,0-4-0-0 Aana,20 Feet / Blacktopped,20 Feet , Blacktopped,N/A Aana,7 months ago,[],1,20.0,1369.0,,Medium
"1 Ropani Land On Sale In Macchegau, Kritipur - Can Be Plotted Into 3 Pieces : Land For Sale In Naya Bazar, Kathmandu","machchhegaun, Naya Bazar, Kathmandu",Kathmandu,1000000,0,0,3.0,0,North East,2074.0,369,1-0-0-0 Ropani,32 Feet / Blacktopped,32 Feet , Blacktopped,N/A Aana,7 months ago,[],1,32.0,5476.0,,Low
"5 Ana Land On Sale In Hattiban , Saatdobato : Land For Sale In Hattiban, Lalitpur","Hattiban, Hattiban, Lalitpur",Lalitpur,2300000,0,0,3.0,0,South West,2074.0,289,0-5-0-0 Aana,13 Feet / Paved,13 Feet , Paved,N/A Aana,7 months ago,[],1,13.0,1711.25,,Medium
"House For Rent In Lekhnath, Pokhara","Lake Side, Lekhnath, Pokhara",Pokhara,230000,0,0,3.0,1,South East,2074.0,3.6K,0-8-0-0 Aana,32 Feet / Blacktopped,32 Feet , Blacktopped,N/A Aana,7 months ago,[],1,32.0,2738.0,,Low
"4 Ana Land On Sale In BhatekekoPati , Kritipur : Land For Sale In Kirtipur, Kathmandu","Bhatkepati, Kirtipur, Kathmandu",Kathmandu,2100000,0,0,3.0,0,South East,2074.0,472,0-4-0-0 Aana,16 Feet / Gravelled,16 Feet , Gravelled,N/A Aana,7 months ago,[],1,16.0,1369.0,,Medium
"House For Sale In Dhapasi, Kathmandu","Bhagawati Temple, Dhapasi, Kathmandu",Kathmandu,35000000,6,4,3.0,8,West,2074.0,304,0-6-2-0 Aana,32 Feet / Blacktopped,32 Feet , Blacktopped,N/A Aana,7 months ago,"['Balcony', 'TV Cable', 'Drainage', 'Water Well', 'Intercom', 'Internet', 'Parking']",1,32.0,2224.625,,Premium
"Bunglow On Sale At Dhungedhara Near Nursery Chowk : House For Sale In Dhungedhara, Kathmandu","Nursery Chowk, Dhungedhara, Kathmandu",Kathmandu,140000000,7,4,3.0,3,East,2074.0,1K,1-7-0-0 Aana,26 Feet / Blacktopped,26 Feet , Blacktopped,N/A Aana,7 months ago,"['Garden', 'Water Supply']",1,26.0,7871.75,,Premium
"House For Sale In Duwakot, Bhaktapur","Duwakot, Duwakot, Bhaktapur",Bhaktapur,7500000,0,0,3.0,0,South,2074.0,1.1K,0-3-0-0 Aana,13 Feet / Gravelled,13 Feet , Gravelled,N/A Sq. Feet,7 months ago,[],1,13.0,1026.75,,Medium
"House For Sale In Naikap, Kathmandu","Purano Naikap, Naikap, Kathmandu",Kathmandu,9500000,0,0,3.0,0,East,2074.0,444,0-2-3-0 Aana,10 Feet / Blacktopped,10 Feet , Blacktopped,N/A Sq. Feet,7 months ago,[],1,10.0,941.1875,,High
"House For Sale In Bhangal, Kathmandu","Bhangal, Bhangal, Kathmandu",Kathmandu,20000000,0,0,3.0,0,South East,2074.0,389,0-3-1-0 Aana,13 Feet / Blacktopped,13 Feet , Blacktopped,N/A Sq. Feet,8 months ago,[],1,13.0,1112.3125,,High
"House For Sale In Hattigauda, Kathmandu","Hattigauda, Hattigauda, Kathmandu",Kathmandu,18000000,0,0,3.0,0,South,2074.0,304,3 Aana,16 Feet / Blacktopped,16 Feet , Blacktopped,N/A Sq. Feet,8 months ago,[],1,16.0,1026.75,,High
"House For Sale In Lekhnath, Pokhara","Pokhara Gumba Fade, Lekhnath, Pokhara",Pokhara,12000000,0,0,3.0,0,South,2074.0,266,17*45 Haat,30 Feet / Gravelled,30 Feet , Gravelled,N/A Sq. Feet,8 months ago,[],1,30.0,1721.25,,High
"Office Space For Rent In Newroad, Kathmandu","Khichapokhari, Newroad, Kathmandu",Kathmandu,160000,0,4,6.0,0,East,2011.0,252,2400 Sq. Feet,0 Feet,0 Feet,Unknown,N/A Aana,8 months ago,"['Balcony', 'Water Supply', 'Electricity Backup', 'Lift']",0,0.0,2400.0,,Low
"House For Sale In Hattigauda, Kathmandu","Hattigauda, Hattigauda, Kathmandu",Kathmandu,35000000,0,0,3.0,0,North,2074.0,224,7 Aana,15 Feet / Gravelled,15 Feet , Gravelled,N/A Sq. Feet,8 months ago,[],1,15.0,2395.75,,Premium
"House For Rent In Dharan, Dharan","British Gurkha Memorial camp, Dharan, Dharan",Dharan,25000,0,0,3.0,0,East,2074.0,813,2200 Sq. Feet,13 Feet / Blacktopped,13 Feet , Blacktopped,N/A Sq. Feet,8 months ago,[],1,13.0,2200.0,,Low
"Land For Sale In Dakshinkali, Kathmandu","Pharping Bhimsensthan, Dakshinkali, Kathmandu",Kathmandu,150000,0,0,3.0,0,South,2074.0,309,15-10-0-0 Ropani,20 Feet / Gravelled,20 Feet , Gravelled,N/A Aana,8 months ago,[],1,20.0,85562.5,,Low
"Commercial Building For Rent : Business For Rent In Budhanilkantha, Kathmandu","Budhanilkantha, Narayanthan, Budhanilkantha, Kathmandu",Kathmandu,15000,0,0,3.0,0,North West,2018.0,358,8 Aana,24 Feet / Blacktopped,24 Feet , Blacktopped,2000 Sq. Feet,8 months ago,[],0,24.0,2738.0,2000.0,Low
"Fully Furnished : Flat For Rent In Banasthali, Kathmandu","Bhrikuti Tole, Banasthali, Kathmandu",Kathmandu,25000,1,1,3.0,2,North,2013.0,1K,0-6-0-0 Aana,16 Feet / Blacktopped,16 Feet , Blacktopped,0-4-0-0 Aana,8 months ago,"['Balcony', 'Fencing', 'Garden', 'Microwave', 'Modular Kitchen', 'TV Cable', 'Washing Machine', 'Wifi', 'Drainage', 'Water Supply', 'Water Tank', 'Water Well', 'Electricity Backup', 'Internet', 'Kids Playground']",0,16.0,2053.5,1369.0,Low
"Office Space For Rent In Lazimpat, Kathmandu","lazimpath marg, Lazimpat, Kathmandu",Kathmandu,35000,0,2,3.0,1,North,2074.0,327,3 Aana,0 Feet,0 Feet,Unknown,2 Aana,8 months ago,"['Balcony', 'Frontyard', 'Water Supply', 'Drainage']",1,0.0,1026.75,684.5,Low
"Land For Sale In Pepsicola, Kathmandu","Pepsicola, Sairam Chowk, Pepsicola, Kathmandu",Kathmandu,5500000,0,0,3.0,0,East,2074.0,150,4.5 Aana,16 Feet / Blacktopped,16 Feet , Blacktopped,4.5 Aana,8 months ago,['Water Supply'],1,16.0,1540.125,1540.125,Medium
"House At Shankhamul For Sale : House For Sale In Patan, Lalitpur","Shankhamul, Patan, Lalitpur",Lalitpur,17600000,2,2,3.0,1,North,2074.0,414,0-2-3-1 Aana,13 Feet,13 Feet,Unknown,962 Sq. Feet,8 months ago,"['Garage', 'Balcony', 'Fencing', 'Drainage', 'Water Supply', 'Water Well', 'Water Tank']",1,13.0,962.578125,962.0,High
"House For Sale In Kapan, Kathmandu","Ram Mandir, Kapan, Kathmandu",Kathmandu,18500000,0,0,3.0,0,North,2074.0,323,0-3-2-0 Aana,13 Feet / Gravelled,13 Feet , Gravelled,N/A Sq. Feet,8 months ago,[],1,13.0,1197.875,,High
"House For Sale In Bhaisepati, Lalitpur","Wai-Wai Noodles Factory, Bhaisepati, Lalitpur",Lalitpur,25000000,0,0,3.0,0,South East,2074.0,3.7K,0-5-2-0 Aana,12 Feet / Gravelled,12 Feet , Gravelled,N/A Aana,8 months ago,"['Balcony', 'Garden', 'Modular Kitchen', 'TV Cable', 'Wifi', 'Drainage', 'Water Supply', 'Water Tank', 'Parking']",1,12.0,1882.375,,High
"House For Sale In Anamnagar, Kathmandu","manakamana colony, Anamnagar, Kathmandu",Kathmandu,33000000,5,4,4.0,1,East,2068.0,415,5 Aana,12 Feet / Blacktopped,12 Feet , Blacktopped,5 Aana,8 months ago,"['Balcony', 'Water Supply', 'Store Room', 'Backyard', 'Water Tank']",0,12.0,1711.25,1711.25,Premium
"Land For Sale In Pokhara, Pokhara","Miyapatan, Pokhara, Pokhara",Pokhara,8000000,0,0,3.0,0,West,2074.0,398,18*35 Haat,12 Feet / Gravelled,12 Feet , Gravelled,N/A Sq. Feet,8 months ago,[],1,12.0,1417.5,,Medium
"Flat For Rent In Balkhu, Kathmandu","Balkhu, Balkhu, Kathmandu",Kathmandu,22000,2,2,3.0,1,South West,2074.0,550,6 Aana,13 Feet / Blacktopped,13 Feet , Blacktopped,4 Aana,8 months ago,"['Backyard', 'Balcony']",1,13.0,2053.5,1369.0,Low
"House For Sale In Samakhusi, Kathmandu","Samakhusi Kharibot, Samakhusi, Kathmandu",Kathmandu,22500000,9,4,3.0,3,South,2074.0,8.6K,3 Aana,13 Feet / Blacktopped,13 Feet , Blacktopped,N/A Aana,8 months ago,"['Balcony', 'Modular Kitchen', 'Wifi', 'Drainage', 'Water Tank', 'Parking']",1,13.0,1026.75,,High
"House For Sale In Samakhusi, Kathmandu","Samakhusi kharibot, Samakhusi, Kathmandu",Kathmandu,27500000,6,3,3.0,3,West,2074.0,10K,4 Aana,13 Feet / Blacktopped,13 Feet , Blacktopped,N/A Aana,8 months ago,"['Balcony', 'Modular Kitchen', 'TV Cable', 'Wifi', 'Drainage', 'Water Supply', 'Water Tank', 'Water Well', 'Parking']",1,13.0,1369.0,,Premium
"House Sell On Imadol : House For Sale In Imadol, Lalitpur","kozy home, Imadol, Lalitpur",Lalitpur,23800000,6,3,3.0,1,South East,2016.0,386,4 Aana,13 Feet / Gravelled,13 Feet , Gravelled,3 Aana,8 months ago,"['Balcony', 'Water Tank', 'Water Well', 'Wifi', 'Solar Water', 'Garage']",0,13.0,1369.0,1026.75,High
"House For Sale In Naikap, Kathmandu","Naikap, Naikap, Kathmandu",Kathmandu,18500000,8,0,3.0,0,West,2074.0,4.6K,0-3-2-0 Aana,12 Feet,12 Feet,Unknown,N/A Aana,8 months ago,[],1,12.0,1197.875,,High
"House For Sale In Kirtipur, Kathmandu","Tyanglaphat, Kirtipur, Kathmandu",Kathmandu,33000000,12,0,3.0,0,North,2074.0,2.1K,0-5-5-0 Aana,12 Feet / Gravelled,12 Feet , Gravelled,N/A Aana,8 months ago,[],1,12.0,2139.0625,,Premium
"House For Sale In Swayambhu, Kathmandu","Sano Bharyang, Swayambhu, Kathmandu",Kathmandu,23000000,10,0,3.0,0,South,2074.0,4.3K,4 Aana,12 Feet / Blacktopped,12 Feet , Blacktopped,N/A Aana,8 months ago,"['Balcony', 'Modular Kitchen', 'TV Cable', 'Wifi', 'Drainage', 'Water Supply', 'Internet', 'Parking']",1,12.0,1369.0,,High
"House For Sale In Balambu, Kathmandu","Balambu Hariyali, Balambu, Kathmandu",Kathmandu,15500000,7,0,3.0,0,South,2074.0,1.4K,3 Aana,12 Feet / Gravelled,12 Feet , Gravelled,N/A Aana,8 months ago,[],1,12.0,1026.75,,High
"House For Sale In Madhyapur Thimi, Bhaktapur","Nikoshera, Madhyapur Thimi, Bhaktapur",Bhaktapur,8500000,0,0,3.0,0,East,2074.0,389,0-2-2-2 Aana,8 Meter / Soil Stabilized,8 Meter , Soil Stabilized,N/A Sq. Feet,8 months ago,[],1,26.24672,898.40625,,High
"Plotted Land For Sale : Land For Sale In Budhanilkantha, Kathmandu","Taulung, Budhanilkantha, Kathmandu",Kathmandu,2000000,0,0,3.0,0,South East,2074.0,500,"4,5,6,7,8 aana Aana",20 Feet / Gravelled,20 Feet , Gravelled,N/A Aana,8 months ago,[],1,20.0,2053.5,,Medium
"Land For Sale In Budhanilkantha, Kathmandu","Budhanilkantha, Budhanilkantha, Kathmandu",Kathmandu,2225000,0,0,3.0,0,North,2074.0,291,0-9-2-2 Aana,15 Feet / Gravelled,15 Feet , Gravelled,N/A Sq. Feet,8 months ago,[],1,15.0,3294.15625,,Medium
"House For Sale In Dhumbarahi, Kathmandu","Dhumbarahi Temple, Dhumbarahi, Kathmandu",Kathmandu,19000000,0,0,3.0,0,East,2074.0,555,0-2-3-0 Aana,10 Feet / Blacktopped,10 Feet , Blacktopped,N/A Sq. Feet,8 months ago,[],1,10.0,941.1875,,High
"House For Sale In Basundhara, Kathmandu","Basundhara - Wedding Hall, Basundhara, Kathmandu",Kathmandu,29800000,0,0,3.0,0,West,2074.0,1.3K,0-5-2-0 Aana,15 Feet / Blacktopped,15 Feet , Blacktopped,N/A Sq. Feet,8 months ago,[],1,15.0,1882.375,,Premium
"Land For Sale In Kalanki, Kathmandu","Maitrinagar, Kalanki, Kathmandu",Kathmandu,3500000,0,0,3.0,0,North,2074.0,2.3K,5 Aana,14 Feet / Gravelled,14 Feet , Gravelled,N/A Aana,8 months ago,['Water Well'],1,14.0,1711.25,,Medium
"House For Rent In Gokarneshwor, Kathmandu","Near Gokarna Mahadev Temple, Gokarneshwor, Kathmandu",Kathmandu,17000,3,3,3.0,2,West,2019.0,371,0-4-0-0 Aana,17 Feet / Soil Stabilized,17 Feet , Soil Stabilized,0-4-0-0 Aana,8 months ago,"['Lawn', 'Garage', 'Balcony']",0,17.0,1369.0,1369.0,Low
"Business For Rent In Jawalakhel, Lalitpur","Vianet Communications Pvt. Ltd., Jawalakhel, Lalitpur",Lalitpur,200000,0,0,3.0,0,North,2074.0,1.2K,615 Sq. Feet,35 Feet / Blacktopped,35 Feet , Blacktopped,N/A Sq. Feet,8 months ago,[],1,35.0,615.0,,Low
"Land For Sale In Banepa, Kavre","Near Dhulikhel Aantuk Resort, Banepa, Kavre",Kavre,1000000,0,0,3.0,0,South East,2074.0,239,50 Ropani,0 Feet,0 Feet,Unknown,N/A Sq. Feet,8 months ago,[],1,0.0,273800.0,,Low
"House For Sale In Budhanilkantha, Kathmandu","Bhangal, Budhanilkantha, Kathmandu",Kathmandu,26200000,13,0,3.0,0,West,2074.0,304,0-5-5-0 Aana,13 Feet / Blacktopped,13 Feet , Blacktopped,N/A Sq. Feet,8 months ago,[],1,13.0,2139.0625,,High
"House For Sale In Tathali, Kathmandu","Tathali, Tathali, Kathmandu",Kathmandu,4600000,0,0,1.0,0,North,2074.0,402,3 Aana,13 Feet / Soil Stabilized,13 Feet , Soil Stabilized,N/A Sq. Feet,8 months ago,[],1,13.0,1026.75,,Medium
"Land For Sale In Lubhu, Lalitpur","Lubhu, Lubhu, Lalitpur",Lalitpur,1000000,0,0,3.0,0,North,2074.0,424,5 Aana,17 Feet / Gravelled,17 Feet , Gravelled,N/A Aana,8 months ago,[],1,17.0,1711.25,,Low
"House For Sale : House For Sale In Nakkhu, Lalitpur","Naakhu, Nakkhu, Lalitpur",Lalitpur,26500000,4,4,3.0,1,South West,2075.0,238,0-4-0-0 Sq. Feet,16 Feet / Gravelled,16 Feet , Gravelled,752 Sq. Feet,8 months ago,"['TV Cable', 'Water Well', 'Drainage', 'Modular Kitchen', 'Internet', 'Backyard', 'Garden', 'Store Room', 'Water Tank', 'Electricity Backup', 'Water Supply', 'Balcony', 'Parking']",0,16.0,1369.0,752.0,High
"House For Rent In Budhanilkantha, Kathmandu","Muhanpokhari Marga, Budhanilkantha, Kathmandu",Kathmandu,200000,5,4,3.0,4,East,2059.0,1.5K,2 ropani Ropani,20 Feet,20 Feet,Unknown,N/A Aana,8 months ago,[],0,20.0,10952.0,,Low
"Urgent Sale 8 Aana Land At Gaushala : Land For Sale In Gaushala, Kathmandu","Gaushala, Gaushala, Kathmandu",Kathmandu,8500000,0,0,3.0,0,South,2074.0,681,0-8-0-1 Aana,13 Feet / Blacktopped,13 Feet , Blacktopped,N/A Aana,8 months ago,[],1,13.0,2759.390625,,High
"Flat For Rent In Nagarjun, Kathmandu","Ramkot, Nagarjun, Kathmandu",Kathmandu,40000,0,2,3.0,0,South,2074.0,161,1400 Sq. Feet,11 Meter / Gravelled,11 Meter , Gravelled,1400 Sq. Feet,8 months ago,[],1,36.08924,1400.0,1400.0,Low
"Damak Houses(Phase II) : House For Sale In Damak, Jhapa","Dhaneswor, Damak, Jhapa",Jhapa,5500000,0,0,3.0,0,East,2019.0,371,3 Kattha,1 Feet,1 Feet,Unknown,N/A Aana,8 months ago,"['Garage', 'Water Tank', 'Water Well']",0,1.0,10935.0,,Medium
"House For Sale Siddhartha Colony : House For Sale In Budhanilkantha, Kathmandu","Siddhartha Colony, Budhanilkantha, Kathmandu",Kathmandu,41000000,5,4,2.0,2,East,2073.0,2.2K,0-8-1-0 Aana,13 Feet / Blacktopped,13 Feet , Blacktopped,2500 Sq. Feet,8 months ago,[],0,13.0,2823.5625,2500.0,Premium
"Land For Sale In Mulpani, Kathmandu","Mulpani Kathamandu enginnering College, Mulpani, Kathmandu",Kathmandu,550000,0,0,3.0,0,South East,2074.0,626,3-8-0-0 Ropani,20 Feet / Soil Stabilized,20 Feet , Soil Stabilized,N/A Sq. Feet,8 months ago,[],1,20.0,19166.0,,Low
"House For Rent In Dhobighat, Lalitpur","Dhobighat Thadodhunga, Dhobighat, Lalitpur",Lalitpur,175000,0,0,3.0,0,West,2074.0,272,2200 Sq. Feet,15 Feet / Blacktopped,15 Feet , Blacktopped,N/A Sq. Feet,8 months ago,[],1,15.0,2200.0,,Low
"House For Sale In Basundhara, Kathmandu","Basundhara, Basundhara, Kathmandu",Kathmandu,42000000,11,0,3.0,0,West,2074.0,251,7 Aana,15 Feet / Blacktopped,15 Feet , Blacktopped,N/A Sq. Feet,8 months ago,[],1,15.0,2395.75,,Premium
"Land For Sale In Rupakot, Kaski","kaski , rupakot, Rupakot, Kaski",Kaski,800000,0,0,3.0,0,East,2074.0,451,30 Ropani,20 Feet / Soil Stabilized,20 Feet , Soil Stabilized,N/A Ropani,8 months ago,[],1,20.0,164280.0,,Low
"House For Sale In Surkhet Bazar, Surkhet","Surkhet, Surkhet Bazar, Surkhet",Surkhet,20000000,0,0,3.0,0,North,2074.0,420,162 Sq. Feet,20 Feet / Blacktopped,20 Feet , Blacktopped,N/A Sq. Feet,8 months ago,"['Balcony', 'TV Cable', 'Water Well', 'Parking']",1,20.0,162.0,,High
"Land For Sale In Kageshwari-Manohara, Kathmandu","Aalapot, Kageshwari-Manohara, Kathmandu",Kathmandu,2800000,0,0,3.0,0,North,2074.0,218,5 Aana,10 Feet / Soil Stabilized,10 Feet , Soil Stabilized,N/A Sq. Feet,8 months ago,[],1,10.0,1711.25,,Medium
"Land For Sale In Duwakot, Bhaktapur","KMC, Duwakot, Bhaktapur",Bhaktapur,1800000,0,0,3.0,0,North,2074.0,241,30 Aana,20 Feet / Blacktopped,20 Feet , Blacktopped,N/A Sq. Feet,8 months ago,[],1,20.0,10267.5,,Medium
"Land For Sale In Saraswatikhel, Bhaktapur","Saraswotikhel Bus Stop, Saraswatikhel, Bhaktapur",Bhaktapur,1300000,0,0,3.0,0,West,2074.0,309,10 Aana,13 Feet / Gravelled,13 Feet , Gravelled,N/A Sq. Feet,8 months ago,[],1,13.0,3422.5,,Low
"House For Sale In Kapan, Kathmandu","Bhangal, Kapan, Kathmandu",Kathmandu,21500000,0,0,3.0,0,North East,2074.0,195,0-3-1-0 Sq. Feet,16 Feet / Blacktopped,16 Feet , Blacktopped,N/A Sq. Feet,8 months ago,[],1,16.0,1112.3125,,High
"Land For Sale In Chhauni, Kathmandu","Chhauni Military Barrack, Chhauni, Kathmandu",Kathmandu,2500000,0,0,3.0,0,East,2074.0,298,0-3-3-0 Aana,10 Feet / Soil Stabilized,10 Feet , Soil Stabilized,N/A Aana,8 months ago,[],1,10.0,1283.4375,,Medium
"House For Sale In Budhanilkantha, Kathmandu","Jyoti Nagar, Budhanilkantha, Kathmandu",Kathmandu,25500000,6,4,3.0,2,East,2074.0,288,4.5 Aana,13 Feet / Blacktopped,13 Feet , Blacktopped,4 Aana,8 months ago,['Garden'],1,13.0,1540.125,1369.0,High
"House For Sale In Kapan, Kathmandu","Kharibot Chowk Bus Stop, Kapan, Kathmandu",Kathmandu,15000000,0,0,3.0,0,East,2073.0,414,3 Aana,10 Feet / Blacktopped,10 Feet , Blacktopped,N/A Aana,8 months ago,[],0,10.0,1026.75,,High
"KAPURDHARA NEW HOME : House For Sale In Kapurdhara, Kathmandu","Kapurdhara, Kapurdhara, Kathmandu",Kathmandu,32000000,5,5,3.0,2,East,2074.0,489,4 Aana,13 Feet / Blacktopped,13 Feet , Blacktopped,N/A Aana,8 months ago,"['Modular Kitchen', 'Water Supply', 'Solar Water', 'TV Cable', 'Drainage', 'Balcony']",1,13.0,1369.0,,Premium
"House For Sale In Bharatpur, Chitwan","Bharatpur lanku -trichok, Bharatpur, Chitwan",Chitwan,5000000,0,0,3.0,0,North,2074.0,378,6 Dhur,6 Meter / Gravelled,6 Meter , Gravelled,N/A Sq. Feet,8 months ago,[],1,19.68504,1093.5,,Medium
"Stay In The Green : Land For Sale In Baghdol, Lalitpur","Awas, Magar Ghau, Shital Colony, Baghdol, Lalitpur",Lalitpur,2900000,0,0,0.0,0,South East,2074.0,251,4 Aana,22 Feet / Concrete,22 Feet , Concrete,N/A Sq. Feet,8 months ago,[],1,22.0,1369.0,,Medium
"Land For Sale In Imadol, Lalitpur","Boje Pokhari, Imadol, Lalitpur",Lalitpur,2700000,0,0,3.0,0,South,2074.0,290,0-3-1-0 Aana,10 Feet / Soil Stabilized,10 Feet , Soil Stabilized,N/A Sq. Feet,8 months ago,[],1,10.0,1112.3125,,Medium
"House For Sale In Pepsicola, Kathmandu","House no 22 Khare Chowk, Pepsicola, Kathmandu",Kathmandu,32000000,6,3,3.0,2,South,2074.0,260,0-4-1-0 Sq. Feet,30 Feet / Soil Stabilized,30 Feet , Soil Stabilized,0-4-1-0 Sq. Feet,8 months ago,"['Balcony', 'Garden', 'TV Cable', 'Wifi', 'Water Supply', 'Internet', 'Parking']",0,30.0,1454.5625,1454.5625,Premium
"Flat For Rent In Kirtipur, Kirtipur","Kirtipur Sasa Newa The Restro, Kirtipur, Kathmandu",Kathmandu,15000,0,0,3.0,0,West,2074.0,307,900 Sq. Feet,15 Feet / Gravelled,15 Feet , Gravelled,N/A Sq. Feet,8 months ago,[],1,15.0,900.0,,Low
"House For Sale In Dadikot, Bhaktapur","Dadhikot, Dadikot, Bhaktapur",Bhaktapur,11500000,0,0,3.0,0,North,2074.0,587,0-3-0-3 Aana,12 Feet / Gravelled,12 Feet , Gravelled,N/A Sq. Feet,8 months ago,[],1,12.0,1090.921875,,High
"Land For Sale In Goldhunga, Kathmandu","Goldhunga, Goldhunga, Kathmandu",Kathmandu,1500000,0,0,3.0,0,South,2074.0,280,0-3-3-0 Aana,13 Feet / Gravelled,13 Feet , Gravelled,N/A Sq. Feet,8 months ago,[],1,13.0,1283.4375,,Medium
"Land For Sale In Chabahil, Kathmandu","Bhadrabas, Chabahil, Kathmandu",Kathmandu,1200000,0,0,3.0,0,North,2074.0,455,0-4-2-3 Aana,20 Feet / Soil Stabilized,20 Feet , Soil Stabilized,N/A Sq. Feet,8 months ago,[],1,20.0,1604.296875,,Low
"Hotel On Sale : Business For Sale In Devkota Chowk, Bhairahawa","Nearby Gallamandi Road, Devkota Chowk, Bhairahawa",Bhairahawa,125000000,16,20,3.0,1,North,2074.0,637,32 Aana,55 Feet,55 Feet,Unknown,10000 Aana,8 months ago,"['Lawn', 'Air Condition', 'Microwave', 'TV Cable', 'Washing Machine', 'Wifi', 'Drainage', 'Water Supply', 'Water Tank', 'CCTV', 'Cafeteria', 'Electricity Backup', 'Internet', 'Maintenance']",1,55.0,10952.0,3422500.0,Premium
"Land For Sale In Boudha, Kathmandu","Boudha Road Town planning, Boudha, Kathmandu",Kathmandu,5400000,0,0,3.0,0,South,2074.0,256,4 Aana,6 Meter / Blacktopped,6 Meter , Blacktopped,N/A Sq. Feet,8 months ago,[],1,19.68504,1369.0,,Medium
"House For Sale In Gothatar, Kathmandu","Mantar Chowk, Gothatar, Kathmandu",Kathmandu,14000000,8,0,3.0,0,West,2074.0,911,0-2-2-0 Aana,13 Feet / Gravelled,13 Feet , Gravelled,N/A Sq. Feet,8 months ago,[],1,13.0,855.625,,High
"Office Space For Rent In Gyaneshwor, Kathmandu","Gyaneshwor, Gyaneshwor, Kathmandu",Kathmandu,250000,0,0,4.0,0,West,2074.0,1.5K,3000 Sq. Feet,20 Meter / Blacktopped,20 Meter , Blacktopped,N/A Sq. Feet,8 months ago,[],1,65.6168,3000.0,,Low
"House For Sale In Bharatpur, Chitwan","Tri Chowk bharatpur, Bharatpur, Chitwan",Chitwan,5000000,2,1,1.0,0,South,2074.0,278,6 Dhur,6 Meter / Blacktopped,6 Meter , Blacktopped,N/A Dhur,8 months ago,[],1,19.68504,1093.5,,Medium
"House For Sale In Hattiban, Lalitpur","Little Angels School, Hattiban, Lalitpur",Lalitpur,49500000,0,0,3.0,0,East,2074.0,11.9K,9 Aana,16 Feet / Blacktopped,16 Feet , Blacktopped,N/A Aana,8 months ago,[],1,16.0,3080.25,,Premium
"13 Anna Land On Sale At Balambu : Land For Sale In Balambu, Kathmandu","gurjhudhara, Balambu, Kathmandu",Kathmandu,1700000,0,0,3.0,0,East,2074.0,233,13 Aana,16 Feet,16 Feet,Unknown,N/A Aana,8 months ago,[],1,16.0,4449.25,,Medium
"0-4-2-3 Anna Land On Sale At Baad Bhanjyang : Land For Sale In Chandragiri, Kathmandu","baad bhanjyang, Chandragiri, Kathmandu",Kathmandu,1100000,0,0,3.0,0,North East,2074.0,301,0-4-2-3 Aana,13 Feet,13 Feet,Unknown,N/A Aana,8 months ago,[],1,13.0,1604.296875,,Low
"Land On Sale At Gairidhara Kathmandu : Land For Sale In Gairidhara, Kathmandu","Gairidhara Road, Gairidhara, Kathmandu",Kathmandu,10000000,0,0,3.0,0,East,2074.0,317,0-4-0-0 Aana,13 Feet / Blacktopped,13 Feet , Blacktopped,N/A Aana,8 months ago,[],1,13.0,1369.0,,High
"Land For Sale In Pathari, Morang","patharisanischare 7, Pathari, Morang",Morang,100000,0,0,0.0,0,North,2074.0,214,1 Kattha,20 Feet / Blacktopped,20 Feet , Blacktopped,N/A Sq. Feet,8 months ago,[],1,20.0,3645.0,,Low
"Land On Sale At Manbhawan Lalitpur : Land For Sale In Jawalakhel, Lalitpur","Lokeshwor Tole, Jawalakhel, Lalitpur",Lalitpur,8500000,0,0,3.0,0,North West,2074.0,248,1-0-0-0 Aana,13 Feet / Blacktopped,13 Feet , Blacktopped,N/A Aana,8 months ago,[],1,13.0,5476.0,,High
"House For Sale In Goldhunga, Kathmandu","Goldhunga, Goldhunga, Kathmandu",Kathmandu,25000000,0,0,3.0,0,North,2074.0,211,10 Sq. Feet,15 Feet,15 Feet,Unknown,N/A Sq. Feet,8 months ago,[],1,15.0,10.0,,High
"House For Sale In Dhading, Dhading","Dhading Mankamana tol, Dhading, Dhading",Dhading,9500000,0,0,2.0,0,North,2074.0,157,5 Aana,15 Feet / Soil Stabilized,15 Feet , Soil Stabilized,N/A Sq. Feet,8 months ago,[],1,15.0,1711.25,,High
"House On Sale At Dhobighat : House For Sale In Dhobighat, Lalitpur","Naya Bato, Dhobighat, Lalitpur",Lalitpur,80000000,5,5,3.0,4,East,2069.0,544,0-9-0-0 Aana,20 Feet / Blacktopped,20 Feet , Blacktopped,N/A Aana,8 months ago,[],0,20.0,3080.25,,Premium
"House For Sale In Kadaghari, Kathmandu","HarHar Mahadev Chowk, Kadaghari, Kathmandu",Kathmandu,17000000,5,2,3.0,1,East,2076.0,531,3 Aana,12 Feet / Blacktopped,12 Feet , Blacktopped,N/A Aana,8 months ago,"['Garage', 'Fencing', 'Water Tank']",0,12.0,1026.75,,High
"Flat For Rent In Lokanthali, Bhaktapur","Lokanthali, Lokanthali, Bhaktapur",Bhaktapur,18000,2,1,3.0,0,North,2074.0,376,900 Sq. Feet,15 Feet / Gravelled,15 Feet , Gravelled,N/A Sq. Feet,8 months ago,[],1,15.0,900.0,,Low
"Business For Rent In Pepsicola, Kathmandu","Pepsicola, Pepsicola, Kathmandu",Kathmandu,40000,0,0,3.0,0,West,2074.0,301,800 Sq. Feet,15 Feet / Blacktopped,15 Feet , Blacktopped,N/A Sq. Feet,8 months ago,[],1,15.0,800.0,,Low
"Flat For Rent In Pepsicola, Kathmandu","Pepsicola, Pepsicola, Kathmandu",Kathmandu,15000,1,1,3.0,0,West,2074.0,583,700 Sq. Feet,15 Feet / Gravelled,15 Feet , Gravelled,N/A Sq. Feet,8 months ago,[],1,15.0,700.0,,Low
"House For Sale In Imadol, Lalitpur","bhadrakali imadol, Imadol, Lalitpur",Lalitpur,10000000,2,2,1.0,1,North East,2074.0,3.1K,3 Aana,13 Feet / Blacktopped,13 Feet , Blacktopped,N/A Aana,8 months ago,"['TV Cable', 'Drainage', 'Water Supply', 'Water Well', 'Internet', 'Parking']",1,13.0,1026.75,,High
"House For Sale In Imadol, Lalitpur","Imadol, way to tikathali, Imadol, Lalitpur",Lalitpur,30000000,9,5,4.0,3,North West,2076.0,919,0-3-2-0 Aana,33 Feet / Blacktopped,33 Feet , Blacktopped,0-3-0-0 Aana,8 months ago,"['Garage', 'Balcony', 'Store Room', 'Parking', 'Water Well', 'Water Tank']",0,33.0,1197.875,1026.75,Premium
"Land For Sale In Bhaisepati, Lalitpur","Bhaisepati, Bhaisepati, Lalitpur",Lalitpur,4500000,0,0,3.0,0,West,2074.0,239,8 Aana,15 Feet / Gravelled,15 Feet , Gravelled,N/A Sq. Feet,8 months ago,[],1,15.0,2738.0,,Medium
"Land For Sale In Sitapaila, Kathmandu","Nagarjun Municipality Office, Sitapaila, Kathmandu",Kathmandu,1200000,0,0,3.0,0,South,2074.0,433,0-4-2-0 Aana,12 Feet / Gravelled,12 Feet , Gravelled,N/A Sq. Feet,8 months ago,[],1,12.0,1540.125,,Low
"Land For Sale In Naikap, Kathmandu","Purano Naikap, Naikap, Kathmandu",Kathmandu,1300000,0,0,3.0,0,West,2074.0,1.4K,10 Aana,10 Feet / Soil Stabilized,10 Feet , Soil Stabilized,N/A Aana,8 months ago,[],1,10.0,3422.5,,Low
"Land For Sale In Naikap, Kathmandu","Purano Naikap, Naikap, Kathmandu",Kathmandu,1700000,0,0,3.0,0,South,2074.0,3.4K,4 Aana,10 Feet / Soil Stabilized,10 Feet , Soil Stabilized,N/A Aana,8 months ago,[],1,10.0,1369.0,,Medium
"Sukedhara, Jyotinagar House For Sell : House For Sale In Budhanilkantha, Kathmandu","Sukedhara, Jyoti Nagar, Budhanilkantha, Kathmandu",Kathmandu,22500000,0,3,3.0,2,East,2074.0,344,3.5 Aana,13 Feet / Paved,13 Feet , Paved,3 Aana,8 months ago,['Balcony'],1,13.0,1197.875,1026.75,High
"Land For Sale In Sanepa, Lalitpur","Everest Engineering College, Sanepa, Lalitpur",Lalitpur,5500000,0,0,3.0,0,West,2074.0,690,8 Aana,15 Feet / Concrete,15 Feet , Concrete,N/A Aana,8 months ago,[],1,15.0,2738.0,,Medium
"Land For Sale In Sanepa, Lalitpur","Chaudhary Group, Sanepa, Lalitpur",Lalitpur,7000000,0,0,3.0,0,West,2074.0,688,11 Aana,15 Feet / Blacktopped,15 Feet , Blacktopped,N/A Aana,8 months ago,[],1,15.0,3764.75,,Medium
"Land For Sale In Sanepa, Lalitpur","Sanepa Heights Road, Sanepa, Lalitpur",Lalitpur,5500000,0,0,3.0,0,West,2074.0,517,12 Aana,13 Feet / Concrete,13 Feet , Concrete,N/A Aana,8 months ago,[],1,13.0,4107.0,,Medium
"House For Sale In Kadaghari, Kathmandu","Hattidada Gothatar 9, Kadaghari, Kathmandu",Kathmandu,22000000,11,0,2.0,0,West,2074.0,351,5 Aana,15 Feet / Gravelled,15 Feet , Gravelled,N/A Sq. Feet,8 months ago,[],1,15.0,1711.25,,High
"Shivam Guest House : Land For Sale In Buddha Bhumi Nagarpalika, Kapilvastu","Near Shree Laxmi Narayan Rd, Krishnanagar, Buddha Bhumi Nagarpalika, Kapilvastu",Kapilvastu,37000000,0,0,0.0,0,East,2074.0,151,8520 Sq. Feet,0 Feet / Paved,0 Feet , Paved,N/A Sq. Feet,8 months ago,[],1,0.0,8520.0,,Premium
"House For Sale In Gothatar, Kathmandu","Gothatar, Gothatar, Kathmandu",Kathmandu,36000000,0,0,3.0,0,South,2074.0,255,0-6-3-0 Aana,20 Feet / Gravelled,20 Feet , Gravelled,N/A Aana,8 months ago,[],1,20.0,2310.1875,,Premium
"House For Sale In Kadaghari, Kathmandu","Gandhi Adarsha H. S. School/College, Kadaghari, Kathmandu",Kathmandu,13200000,7,0,2.0,0,North,2074.0,414,0-2-2-0 Aana,13 Feet / Gravelled,13 Feet , Gravelled,N/A Sq. Feet,8 months ago,[],1,13.0,855.625,,High
"House For Sale In Kapan, Kathmandu","Ramhity Pragati Chowk, Kapan, Kathmandu",Kathmandu,29000000,18,0,4.0,0,North,2074.0,279,0-4-1-0 Aana,32 Feet / Gravelled,32 Feet , Gravelled,N/A Sq. Feet,8 months ago,[],1,32.0,1454.5625,,Premium
"House For Rent In Bhaktapur, Bhaktapur","Bhaktapur, Bhaktapur, Bhaktapur",Bhaktapur,80000,5,4,3.0,0,South,2074.0,502,2200 Sq. Feet,15 Feet / Blacktopped,15 Feet , Blacktopped,N/A Sq. Feet,8 months ago,[],1,15.0,2200.0,,Low
"House For Sale In Sitapaila, Kathmandu","Padma colony, Sitapaila, Kathmandu",Kathmandu,20500000,0,0,3.0,0,West,2074.0,481,5 Aana,20 Feet / Blacktopped,20 Feet , Blacktopped,N/A Sq. Feet,8 months ago,[],1,20.0,1711.25,,High
"House For Sale In Tahachal, Kathmandu","Tahachal, Tahachal, Kathmandu",Kathmandu,27000000,3,4,3.0,1,North,2018.0,452,3.5 Aana,0 Feet,0 Feet,Unknown,3 Aana,8 months ago,[],0,0.0,1197.875,1026.75,Premium
"Land For Sale In Sanepa, Lalitpur","Jhamsikhel, Sanepa, Lalitpur",Lalitpur,8000000,0,0,3.0,0,West,2074.0,310,6 Aana,0 Feet,0 Feet,Unknown,N/A Aana,8 months ago,[],1,0.0,2053.5,,Medium
"House For Sale In Balaju, Kathmandu","Balaju, Balaju, Kathmandu",Kathmandu,12000000,0,0,3.0,0,West,2074.0,672,0-3-5-0 Aana,26 Feet / Blacktopped,26 Feet , Blacktopped,N/A Sq. Feet,8 months ago,[],1,26.0,1454.5625,,High
"House For Sale In Imadol, Lalitpur","Imadol, Imadol, Lalitpur",Lalitpur,19500000,5,3,3.0,0,North,2076.0,1.4K,0-3-2-0 Aana,13 Feet / Gravelled,13 Feet , Gravelled,N/A Aana,8 months ago,[],0,13.0,1197.875,,High
"Flat For Rent In Biratnagar, Morang","Biratnagar, Biratnagar, Morang",Morang,15000,3,1,3.0,0,North,2074.0,265,1300 Sq. Feet,13 Feet / Gravelled,13 Feet , Gravelled,N/A Sq. Feet,8 months ago,[],1,13.0,1300.0,,Low
"Office Space For Rent In Tinkune, Kathmandu","Tinkune Park, Tinkune, Kathmandu",Kathmandu,25000,0,0,3.0,0,North,2074.0,384,1000 Sq. Feet,0 Feet,0 Feet,Unknown,N/A Sq. Feet,8 months ago,[],1,0.0,1000.0,,Low
"House For Sale In Basundhara, Kathmandu","HERALD INT'L COLLEGE & H.S.S., Basundhara, Kathmandu",Kathmandu,19500000,0,0,3.0,0,North,2074.0,524,0-3-5-0 Aana,13 Feet / Blacktopped,13 Feet , Blacktopped,N/A Sq. Feet,8 months ago,[],1,13.0,1454.5625,,High
"Land For Sale In Dhobighat, Lalitpur","Sunrise Towers, Dhobighat, Lalitpur",Lalitpur,3700000,0,0,3.0,0,East,2074.0,530,4 Aana,5 Feet / Blacktopped,5 Feet , Blacktopped,N/A Aana,8 months ago,[],1,5.0,1369.0,,Medium
"Land For Sale In Sankhu, Kathmandu","Sankhu Road, Sankhu, Kathmandu",Kathmandu,1350000,0,0,3.0,0,North,2074.0,179,10 Aana,13 Feet / Soil Stabilized,13 Feet , Soil Stabilized,N/A Sq. Feet,8 months ago,[],1,13.0,3422.5,,Medium
"Land For Sale In Boudha, Kathmandu","Townplanning, Boudha, Kathmandu",Kathmandu,3700000,0,0,3.0,0,West,2074.0,251,4 Aana,12 Feet / Gravelled,12 Feet , Gravelled,N/A Sq. Feet,8 months ago,[],1,12.0,1369.0,,Medium
"Land For Sale : Land For Sale In Chandragiri, Kathmandu","chekpost ,thankot ,chandragiri, Chandragiri, Kathmandu",Kathmandu,1500000,0,0,3.0,0,West,2074.0,493,0-4-0-0 Aana,20 Feet / Blacktopped,20 Feet , Blacktopped,N/A Aana,8 months ago,[],1,20.0,1369.0,,Medium
"Land For Sale : Land For Sale In Chandragiri, Kathmandu","cable car bottom station, Chandragiri, Kathmandu",Kathmandu,1600000,0,0,3.0,0,East,2074.0,449,0-5-0-1 Aana,13 Feet / Blacktopped,13 Feet , Blacktopped,N/A Aana,8 months ago,[],1,13.0,1732.640625,,Medium
"Land For Sale In Patan, Lalitpur","Chyasal gate, Patan, Lalitpur",Lalitpur,4000000,0,0,3.0,0,North,2074.0,267,3 Ropani,20 Feet / Blacktopped,20 Feet , Blacktopped,N/A Ropani,8 months ago,[],1,20.0,16428.0,,Medium
"Land For Sale In Koteshwor, Kathmandu","Koteshwor, Koteshwor, Kathmandu",Kathmandu,5000000,0,0,3.0,0,South,2074.0,210,1 Ropani,20 Feet / Blacktopped,20 Feet , Blacktopped,N/A Ropani,8 months ago,[],1,20.0,5476.0,,Medium
"House For Sale In Kapan, Kathmandu","Jyoti Nagar Road, Kapan, Kathmandu",Kathmandu,26500000,11,5,3.0,0,East,2074.0,253,4 Aana,13 Feet / Blacktopped,13 Feet , Blacktopped,N/A Sq. Feet,8 months ago,[],1,13.0,1369.0,,High
"House For Sale In Kapan, Kathmandu","Valley Public H.S. School, Kapan, Kathmandu",Kathmandu,25500000,11,0,3.0,0,North,2074.0,2.2K,0-4-0-0 Aana,13 Feet / Blacktopped,13 Feet , Blacktopped,N/A Sq. Feet,8 months ago,[],1,13.0,1369.0,,High
"House For Sale In Naikap, Kathmandu","Naikap Naya Bhanjyang, Naikap, Kathmandu",Kathmandu,29500000,5,2,3.0,1,South,2067.0,1.9K,0-6-3-3 Aana,15 Feet / Blacktopped,15 Feet , Blacktopped,N/A Aana,8 months ago,"['Balcony', 'Garden', 'TV Cable', 'Drainage', 'Water Supply', 'Solar Water', 'Water Tank', 'Water Well', 'Internet', 'Parking', 'Store Room']",0,15.0,2374.359375,,Premium
"House For Sale In Sukedhara Ektabasti : House For Sale In Budhanilkantha, Kathmandu","Sukedhara, Budhanilkantha, Kathmandu",Kathmandu,23500000,0,3,3.0,2,East,2018.0,530,4.1 Aana,13 Feet / Blacktopped,13 Feet , Blacktopped,3.5 Aana,8 months ago,['Balcony'],0,13.0,1403.225,1197.875,High
"House For Sale In Imadol, Lalitpur","Nayabasti, Imadol, Lalitpur",Lalitpur,15000000,4,3,3.0,0,South,2074.0,998,0-2-2-0 Aana,13 Feet / Gravelled,13 Feet , Gravelled,N/A Sq. Feet,8 months ago,[],1,13.0,855.625,,High
"House For Sale In Imadol, Lalitpur","Krishna Temple, Imadol, Lalitpur",Lalitpur,19000000,4,3,3.0,0,South East,2074.0,587,0-3-0-3 Aana,10 Feet / Gravelled,10 Feet , Gravelled,N/A Sq. Feet,8 months ago,[],1,10.0,1090.921875,,High
"House For Sale In Imadol, Lalitpur","Nayabasti, Imadol, Lalitpur",Lalitpur,15000000,4,3,3.0,0,South,2074.0,1K,0-2-2-0 Aana,13 Feet / Gravelled,13 Feet , Gravelled,N/A Aana,8 months ago,[],1,13.0,855.625,,High
"Business For Sale In Basantapur, Kathmandu","Basantapur Durbar Square, Basantapur, Kathmandu",Kathmandu,1700000,0,0,3.0,0,South East,2074.0,1.9K,200 Sq. Feet,30 Feet / Blacktopped,30 Feet , Blacktopped,N/A Sq. Feet,8 months ago,[],1,30.0,200.0,,Medium
"House For Sale In Imadol, Lalitpur","Imadol Swimming Pool, Imadol, Lalitpur",Lalitpur,23500000,4,3,3.0,0,South,2074.0,300,0-3-3-0 Aana,20 Feet / Gravelled,20 Feet , Gravelled,N/A Sq. Feet,8 months ago,"['Balcony', 'Modular Kitchen', 'Wifi', 'Drainage', 'Water Tank', 'Parking']",1,20.0,1283.4375,,High
"House For Sale In Imadol, Lalitpur","Nayabasti, Imadol, Lalitpur",Lalitpur,18000000,5,4,3.0,0,North West,2074.0,4.1K,3 Aana,11 Feet / Gravelled,11 Feet , Gravelled,N/A Sq. Feet,8 months ago,"['Balcony', 'Modular Kitchen', 'Wifi', 'Drainage', 'Water Tank', 'Water Well', 'Parking']",1,11.0,1026.75,,High
"House For Sale In Imadol, Lalitpur","Korean Church, Imadol, Lalitpur",Lalitpur,18500000,3,3,3.0,2,South,2076.0,2K,0-3-1-0 Aana,13 Feet / Gravelled,13 Feet , Gravelled,N/A Aana,8 months ago,"['Balcony', 'Modular Kitchen', 'TV Cable', 'Wifi', 'Drainage', 'Water Tank', 'Water Well', 'Internet', 'Parking']",0,13.0,1112.3125,,High
"House For Sale In Itahari, Sunsari","Itahari, Itahari, Sunsari",Sunsari,15000000,0,0,3.0,0,North,2074.0,312,9 Dhur,20 Feet / Blacktopped,20 Feet , Blacktopped,N/A Sq. Feet,8 months ago,[],1,20.0,1640.25,,High
"House For Sale In Tokha, Kathmandu","Panchetar, Tokha, Kathmandu",Kathmandu,24500000,7,3,3.0,0,South East,2074.0,301,0-4-2-0 Aana,10 Feet / Gravelled,10 Feet , Gravelled,N/A Sq. Feet,8 months ago,[],1,10.0,1540.125,,High
"House For Sale In Baneshwor, Kathmandu","Buddhanagar, Baneshwor, Kathmandu",Kathmandu,33000000,0,0,3.0,3,South,2074.0,4.3K,0-4-2-0 Aana,8 Feet / Gravelled,8 Feet , Gravelled,N/A Sq. Feet,8 months ago,[],1,8.0,1540.125,,Premium
"6 Aana Land Sale At Minbhawan : Land For Sale In Minbhawan, Kathmandu","Aloknagar, Minbhawan, Kathmandu",Kathmandu,6500000,0,0,3.0,0,South East,2074.0,268,0-6-0-0 Aana,20 Feet,20 Feet,Unknown,N/A Aana,8 months ago,[],1,20.0,2053.5,,Medium
"Shankhamul 12 Aana Land Sale : Land For Sale In Baneshwor, Kathmandu","Shankhamul, Baneshwor, Kathmandu",Kathmandu,6500000,0,0,3.0,0,East,2074.0,324,0-12-0-0 Aana,20 Feet,20 Feet,Unknown,N/A Aana,8 months ago,[],1,20.0,4107.0,,Medium
"12 Aana Land Dhobighat : Land For Sale In Dhobighat, Lalitpur","Thadodhunga, Dhobighat, Lalitpur",Lalitpur,6500000,0,0,3.0,0,North,2074.0,312,0-12-0-0 Aana,20 Feet,20 Feet,Unknown,N/A Aana,8 months ago,[],1,20.0,4107.0,,Medium
"Land For Sale In Sanepa, Lalitpur","Sanepa, Sanepa, Lalitpur",Lalitpur,5500000,0,0,3.0,0,South East,2074.0,248,1-0-0-0 Aana,13 Feet,13 Feet,Unknown,N/A Aana,8 months ago,[],1,13.0,5476.0,,Medium
"House For Sale In Damak, Jhapa","Damak, Damak, Jhapa",Jhapa,19000000,0,0,2.0,0,East,2074.0,300,21 Dhur,15 Feet / Gravelled,15 Feet , Gravelled,N/A Dhur,8 months ago,[],1,15.0,3827.25,,High
"48lak House Cheap : House For Sale In Sanepa, Lalitpur","sanepa, Sanepa, Lalitpur",Lalitpur,4800000,2,1,1.0,1,West,2018.0,859,3 Aana,13 Feet / Gravelled,13 Feet , Gravelled,540 Sq. Feet,8 months ago,"['Garden', 'Modular Kitchen', 'Wifi', 'Water Tank', 'Water Well', 'Water Supply', 'Electricity Backup', 'Internet', 'Kids Playground']",0,13.0,1026.75,540.0,Medium
"Business For Sale In Hattigauda, Kathmandu","Hattigauda, Hattigauda, Kathmandu",Kathmandu,900000,0,0,3.0,0,East,2074.0,207,400 Sq. Feet,15 Feet / Blacktopped,15 Feet , Blacktopped,N/A Sq. Feet,8 months ago,[],1,15.0,400.0,,Low
"House For Sale In Changunarayan, Bhaktapur","Jhaukhel, Changunarayan, Bhaktapur",Bhaktapur,21500000,0,0,3.5,0,West,2074.0,165,7 Aana,15 Feet / Gravelled,15 Feet , Gravelled,N/A Sq. Feet,8 months ago,[],1,15.0,2395.75,,High
"House For Sale In Dhapakhel, Lalitpur","Dhapakhel, Dhapakhel, Lalitpur",Lalitpur,26000000,0,0,3.0,0,South,2074.0,205,0-4-5-0 Aana,12 Feet / Blacktopped,12 Feet , Blacktopped,N/A Sq. Feet,8 months ago,[],1,12.0,1796.8125,,High
"House For Sale In Pokhara, Pokhara","Pokhara, Pokhara, Pokhara",Pokhara,26000000,13,0,3.0,0,East,2074.0,7.4K,16*34 Haat,20 Feet / Blacktopped,20 Feet , Blacktopped,N/A Haat,8 months ago,[],1,20.0,1224.0,,High
"13 Ropani Land For Sale @ Budhanilkantha : Land For Sale In Budhanilkantha, Kathmandu","Budhanilkantha, Budhanilkantha, Kathmandu",Kathmandu,1300000,0,0,3.0,0,South,2074.0,327,13-5-0-0 Ropani,20 Feet / Alley,20 Feet , Alley,N/A Aana,8 months ago,[],1,20.0,72899.25,,Low
"Land For Sale In Tikathali, Lalitpur","Tikathali, Tikathali, Lalitpur",Lalitpur,2300000,0,0,3.0,0,South,2074.0,370,0-3-1-0 Aana,13 Feet / Soil Stabilized,13 Feet , Soil Stabilized,N/A Sq. Feet,8 months ago,[],1,13.0,1112.3125,,Medium
"House For Sale In Damak, Jhapa","Damak, Damak, Jhapa",Jhapa,20000000,4,1,2.0,3,South,2074.0,773,10 Aana,20 Feet / Blacktopped,20 Feet , Blacktopped,N/A Sq. Feet,8 months ago,[],1,20.0,3422.5,,High
"House On Sale At Imadol : House For Sale In Baghdol, Lalitpur","Test address, Baghdol, Lalitpur",Lalitpur,19500000,4,4,2.0,1,West,2076.0,470,0-3-2-3 Sq. Feet,20 Feet / Gravelled,20 Feet , Gravelled,710 Sq. Feet,8 months ago,"['Parking', 'Store Room', 'Frontyard', 'Parking', 'Balcony', 'Water Well', 'Water Tank', 'Store Room', 'Garden', 'Water Tank', 'Drainage', 'Garage', 'Frontyard', 'Modular Kitchen', 'Garden', 'Backyard', 'Water Well']",0,20.0,1262.046875,710.0,High
"Modern House For Sale At Budhanilkantha : House For Sale In Budhanilkantha, Kathmandu","Taulung road, Budhanilkantha, Kathmandu",Kathmandu,51000000,5,5,2.0,0,East,2011.0,240,14 Aana,14 Feet / Blacktopped,14 Feet , Blacktopped,N/A Aana,8 months ago,"['Lawn', 'Balcony', 'Fencing', 'Garden', 'Modular Kitchen', 'TV Cable', 'Drainage', 'Water Supply', 'Solar Water', 'Water Tank', 'Parking', 'Store Room', 'Garage']",0,14.0,4791.5,,Premium
"House On Sale At Nakkhu : House For Sale In Nakkhu, Lalitpur","Nakkhu, Nakkhu, Lalitpur",Lalitpur,26500000,4,4,2.0,1,East,2075.0,227,0-4-0-0 Aana,16 Feet / Gravelled,16 Feet , Gravelled,820 Sq. Feet,8 months ago,"['Garage', 'Drainage', 'TV Cable', 'Balcony', 'Store Room', 'Water Well', 'Frontyard', 'Parking', 'Internet', 'Water Tank', 'Garden', 'Modular Kitchen']",0,16.0,1369.0,820.0,High
"2.5 Stories Beautiful House In Dhobhighat : House For Sale In Dhobighat, Lalitpur","Dhobighat, Dhobighat, Lalitpur",Lalitpur,29500000,5,3,3.0,4,East,2074.0,315,4 Aana,0 Feet,0 Feet,Unknown,N/A Aana,8 months ago,"['Balcony', 'Fencing', 'Garden', 'TV Cable', 'Wifi', 'Water Supply', 'Water Tank', 'Water Well', 'Internet', 'Kids Playground']",1,0.0,1369.0,,Premium
"Land For Sale In Suryabinayak, Bhaktapur","Nangkhel, Suryabinayak, Bhaktapur",Bhaktapur,1550000,0,0,0.0,0,North,2074.0,372,0-4-3-2 Sq. Feet,26 Feet / Soil Stabilized,26 Feet , Soil Stabilized,N/A Sq. Feet,8 months ago,[],1,26.0,1668.46875,,Medium
"Residential Land : Land For Sale In Hetauda, Makwanpur","Gauritaar, Hetauda, Makwanpur",Makwanpur,200000,0,0,3.0,0,East,2074.0,295,14 Dhur,8 Meter / Blacktopped,8 Meter , Blacktopped,N/A Dhur,8 months ago,[],1,26.24672,2551.5,,Low
"Commercial Land On Sale At Deep, Pokhara. : Land For Sale In Birendra Chowk, Pokhara","Tallo Deep, Birendra Chowk, Pokhara",Pokhara,15000000,0,0,3.0,0,South West,2074.0,220,1-5-0-0 Aana,30 Feet / Blacktopped,30 Feet , Blacktopped,N/A Aana,8 months ago,[],1,30.0,7187.25,,High
"Residential Land In Hetauda, Karra : Land For Sale In Hetauda, Makwanpur","Karra, Hetauda, Makwanpur",Makwanpur,650000,0,0,3.0,0,East,2074.0,226,10 Dhur,8 Meter / Paved,8 Meter , Paved,N/A Dhur,8 months ago,[],1,26.24672,1822.5,,Low
"Residential Land In Swayambhu : Land For Sale In Swayambhu, Kathmandu","Swayambhu, Swayambhu, Kathmandu",Kathmandu,1600000,0,0,3.0,0,East,2074.0,599,0-3-0-0 Aana,12 Feet / Gravelled,12 Feet , Gravelled,N/A Aana,8 months ago,[],1,12.0,1026.75,,Medium
"4 Aana, Mulpani, Residential Land, South Facing : Land For Sale In Mulpani, Kathmandu","Near Mulpani Chaur, Mulpani, Kathmandu",Kathmandu,1600000,0,0,3.0,0,South,2074.0,309,4 Aana,10 Feet / Gravelled,10 Feet , Gravelled,N/A Aana,8 months ago,[],1,10.0,1369.0,,Medium
"House For Sale In Budhanilkantha, Kathmandu","RudreshworChowk, Budhanilkantha, Kathmandu",Kathmandu,15000000,2,3,3.0,1,West,2012.0,409,3 Aana,12 Feet / Soil Stabilized,12 Feet , Soil Stabilized,2.6 Aana,8 months ago,"['Lawn', 'Backyard', 'Balcony', 'Garden', 'Fencing', 'Modular Kitchen', 'TV Cable', 'Drainage', 'Solar Water', 'Water Supply']",0,12.0,1026.75,889.85,High
"House For Sale InKhusibun, Naya Bazar, Kathmandu","Nabazar Khusibun, Naya Bazar, Kathmandu",Kathmandu,40000000,3,4,3.0,1,East,2075.0,267,0-3-0-0 Aana,20 Feet,20 Feet,Unknown,N/A Aana,8 months ago,[],0,20.0,1026.75,,Premium
"House On Sale @ Very Low Price : House For Sale In Mulpani, Kathmandu","Dumakhal, Mulpani, Kathmandu",Kathmandu,17500000,6,2,3.0,1,East,2007.0,433,11 Aana,20 Feet / Gravelled,20 Feet , Gravelled,4 Aana,8 months ago,"['Balcony', 'Backyard', 'TV Cable', 'Water Supply', 'Solar Water', 'Water Well']",0,20.0,3764.75,1369.0,High
"Budhanilkantha Hattigauda 20 Ana Bungalow : House For Sale In Hattigauda, Kathmandu","Hattigauda, Hattigauda, Kathmandu",Kathmandu,90000000,6,6,3.0,4,East,2069.0,812,20 Aana,15 Feet / Blacktopped,15 Feet , Blacktopped,N/A Aana,8 months ago,"['Garage', 'Balcony', 'Lawn', 'Backyard', 'Frontyard', 'Garden', 'TV Cable', 'Drainage', 'Water Supply', 'Solar Water', 'Modular Kitchen', 'Washing Machine', 'Microwave', 'Wifi']",0,15.0,6845.0,,Premium
"House For Sale In Manamaiju, Kathmandu","BASUKI NAG TOLE, Manamaiju, Kathmandu",Kathmandu,13500000,4,3,3.0,0,East,2075.0,388,2-2 Aana,10 Feet / Blacktopped,10 Feet , Blacktopped,2-1 Aana,8 months ago,[],0,10.0,11636.5,11294.25,High
"Business For Sale In Madhyapur Thimi, Bhaktapur","Muktinath Bank Building 1st floor, Madhyapur Thimi, Bhaktapur",Bhaktapur,2000000,0,0,3.0,0,North,2074.0,213,900 Sq. Feet,15 Feet / Blacktopped,15 Feet , Blacktopped,N/A Sq. Feet,8 months ago,[],1,15.0,900.0,,Medium
"Land For Sale In Shuklagandaki, Tanahu","Shuklagandaki Municipality, Shuklagandaki, Tanahu",Tanahu,15000000,0,0,3.0,0,South East,2074.0,181,2-3-0-0 Ropani,20 Feet / Soil Stabilized,20 Feet , Soil Stabilized,N/A Sq. Feet,8 months ago,[],1,20.0,11978.75,,High
"Business For Sale In Baneshwor, Kathmandu","Civil Bank, Baneshwor, Kathmandu",Kathmandu,1500000,0,0,3.0,0,North,2074.0,298,200 Sq. Feet,20 Feet / Blacktopped,20 Feet , Blacktopped,N/A Sq. Feet,8 months ago,[],1,20.0,200.0,,Medium
"Business For Sale In Baneshwor, Kathmandu","Columbus HSS & College, Baneshwor, Kathmandu",Kathmandu,1500000,0,0,3.0,0,East,2074.0,199,700 Sq. Feet,8 Meter / Blacktopped,8 Meter , Blacktopped,N/A Sq. Feet,8 months ago,[],1,26.24672,700.0,,Medium
"Business For Sale In Suryabinayak, Bhaktapur","Biruwa Chowk (Pipalbot), Suryabinayak, Bhaktapur",Bhaktapur,1800000,0,0,3.0,0,North,2074.0,197,300 Sq. Feet,15 Feet / Blacktopped,15 Feet , Blacktopped,N/A Sq. Feet,8 months ago,[],1,15.0,300.0,,Medium
"House For Sale In Imadol, Lalitpur","Pawan Prakriti English Secondary School, Imadol, Lalitpur",Lalitpur,11000000,3,1,1.0,0,North,2074.0,443,3 Aana,14 Feet / Gravelled,14 Feet , Gravelled,N/A Sq. Feet,8 months ago,[],1,14.0,1026.75,,High
"Land For Sale In Suryabinayak, Bhaktapur","Sirutar, Suryabinayak, Bhaktapur",Bhaktapur,1400000,0,0,3.0,0,West,2074.0,270,4 Aana,10 Feet / Soil Stabilized,10 Feet , Soil Stabilized,N/A Sq. Feet,8 months ago,[],1,10.0,1369.0,,Medium
"House For Sale In Maharajgunj, Kathmandu","Maharajgunj, Maharajgunj, Kathmandu",Kathmandu,70000000,5,5,3.0,0,North,2074.0,383,9 Aana,13 Feet / Blacktopped,13 Feet , Blacktopped,N/A Aana,8 months ago,[],1,13.0,3080.25,,Premium
"Business For Sale In Chabahil, Kathmandu","Gopi Krishna Movies, Chabahil, Kathmandu",Kathmandu,1400000,0,0,3.0,0,North,2074.0,163,300 Sq. Feet,15 Feet / Blacktopped,15 Feet , Blacktopped,N/A Sq. Feet,8 months ago,[],1,15.0,300.0,,Medium
"Land For Sale In Pokhara, Pokhara","Pokhara, Pokhara, Pokhara",Pokhara,4500000,0,0,3.0,0,West,2074.0,655,20*40 Haat,18 Feet / Blacktopped,18 Feet , Blacktopped,N/A Sq. Feet,8 months ago,[],1,18.0,1800.0,,Medium
"Beautiful Sweet Home Kapan Housing : House For Sale In Bhangal, Kathmandu","na, Bhangal, Kathmandu",Kathmandu,17900000,5,5,3.0,1,East,2076.0,641,3.5 Aana,14 Feet / Gravelled,14 Feet , Gravelled,N/A Aana,8 months ago,[],0,14.0,1197.875,,High
"7 Ana Bungalow Bhangal Kapan : House For Sale In Bhangal, Kathmandu","na, Bhangal, Kathmandu",Kathmandu,34500000,5,5,3.0,2,South West,2076.0,439,7 Aana,15 Feet / Blacktopped,15 Feet , Blacktopped,N/A Aana,8 months ago,"['Garden', 'Balcony', 'Microwave', 'Lawn']",0,15.0,2395.75,,Premium
"Flat For Rent In Lazimpat, Kathmandu","nil saraswati margh, Lazimpat, Kathmandu",Kathmandu,27000,0,0,3.0,0,North,2074.0,574,3 Aana,13 Feet,13 Feet,Unknown,700 Sq. Feet,8 months ago,[],1,13.0,1026.75,700.0,Low
"Beautiful (150m From Main Ringroad) Stunning, Magnificent Views, Prestigious Location : House For Sale In Basundhara, Kathmandu","Basundhara, Basundhara, Kathmandu",Kathmandu,41000000,7,6,3.0,3,East,2012.0,1.2K,7 Aana,20 Feet / Blacktopped,20 Feet , Blacktopped,N/A Aana,8 months ago,"['Backyard', 'Balcony', 'Frontyard', 'Garden', 'Drainage', 'Water Tank', 'Kids Playground', 'Parking', 'Security Staff', 'Store Room']",0,20.0,2395.75,,Premium
"4 Story House/Building On Ring Road : House For Sale In Koteshwor, Kathmandu","Balkumari Pul, Koteshwor, Kathmandu",Kathmandu,18500000,7,4,4.0,0,East,2014.0,299,1.5 Aana,26 Feet / Blacktopped,26 Feet , Blacktopped,1.5 Aana,8 months ago,"['Balcony', 'Drainage', 'Water Supply', 'Water Tank']",0,26.0,513.375,513.375,High
"Land : Land For Sale In Kalanki, Kathmandu","Dahachok Rd, Kalanki, Kathmandu",Kathmandu,1900000,0,0,0.0,0,South West,2074.0,404,1700 Sq. Feet,16 Feet / Blacktopped,16 Feet , Blacktopped,1700 Sq. Feet,8 months ago,[],1,16.0,1700.0,1700.0,Medium
"Urgent Restaurant On Sale : Business For Sale In Chabahil, Kathmandu","chabahil, Chabahil, Kathmandu",Kathmandu,1500000,0,0,3.0,0,East,2074.0,213,4 Aana,0 Feet,0 Feet,Unknown,4 Aana,8 months ago,[],1,0.0,1369.0,1369.0,Medium
"Property For Rent : House For Rent In Suryabinayak, Bhaktapur","darjeeling height, Suryabinayak, Bhaktapur",Bhaktapur,50000,0,0,3.0,1,East,2017.0,614,2.75 Aana,13 Feet / Blacktopped,13 Feet , Blacktopped,2.75 Aana,8 months ago,"['Garage', 'Balcony', 'Modular Kitchen', 'TV Cable', 'Drainage', 'Water Supply', 'Solar Water', 'Water Tank']",0,13.0,941.1875,941.1875,Low
"BUDHANILKANTHA 32 ANA LUXURY HOME : House For Sale In Budhanilkantha, Kathmandu","NA, Budhanilkantha, Kathmandu",Kathmandu,105000000,5,6,3.0,10,West,2074.0,833,32 Aana,20 Feet / Blacktopped,20 Feet , Blacktopped,N/A Aana,8 months ago,"['Garden', 'Frontyard', 'Garage', 'Fencing', 'Water Supply', 'Solar Water', 'TV Cable', 'Water Tank', 'Water Well', 'Washing Machine', 'Balcony', 'Backyard', 'Lawn', 'Microwave', 'Modular Kitchen']",0,20.0,10952.0,,Premium
"Land For Sale In Kausaltar, Bhaktapur","Sanothimi, Kausaltar, Bhaktapur",Bhaktapur,3000000,0,0,3.0,0,South,2074.0,284,3 Aana,10 Feet,10 Feet,Unknown,N/A Aana,8 months ago,[],1,10.0,1026.75,,Medium
"HATTIGAUDA 4.5 FLOOR HOME : House For Sale In Hattigauda, Kathmandu","NA, Hattigauda, Kathmandu",Kathmandu,36500000,9,10,5.0,2,South,2075.0,308,6 Aana,14 Feet / Blacktopped,14 Feet , Blacktopped,N/A Aana,8 months ago,"['Garden', 'Frontyard', 'Wifi', 'Water Tank', 'Solar Water', 'TV Cable']",0,14.0,2053.5,,Premium
"House For Sale In Kirtipur, Kirtipur","Maitrinagar, Kirtipur, Kathmandu",Kathmandu,15000000,0,0,3.0,0,South,2074.0,664,3 Aana,10 Feet / Blacktopped,10 Feet , Blacktopped,N/A Sq. Feet,8 months ago,[],1,10.0,1026.75,,High
"Chapali Vangal House In Sell : House For Sale In Bhangal, Kathmandu","Sundarbasti, Bhangal, Kathmandu",Kathmandu,21000000,5,4,2.0,2,West,2074.0,490,3.5 Aana,13 Feet / Gravelled,13 Feet , Gravelled,3 Aana,8 months ago,['Modular Kitchen'],1,13.0,1197.875,1026.75,High
"House For Sale In Chabahil, Kathmandu","Malpot Office, Chabahil, Kathmandu",Kathmandu,38000000,0,0,3.0,0,North,2074.0,405,8 Aana,14 Feet / Blacktopped,14 Feet , Blacktopped,N/A Sq. Feet,8 months ago,[],1,14.0,2738.0,,Premium
"Business For Sale In Jorpati, Kathmandu","Jorpati Narayantar, Jorpati, Kathmandu",Kathmandu,600000,0,0,3.0,0,North,2074.0,240,500 Sq. Feet,15 Feet / Blacktopped,15 Feet , Blacktopped,N/A Sq. Feet,8 months ago,[],1,15.0,500.0,,Low
"House At Sale At Panchakumai Marg, Kapan : House For Sale In Kapan, Kathmandu","Pancha Kumari Marg, Kapan, Kathmandu",Kathmandu,11000000,0,0,3.0,0,West,2074.0,273,2.5 Aana,12 Feet / Blacktopped,12 Feet , Blacktopped,2 Aana,8 months ago,[],1,12.0,855.625,684.5,High
"Flat For Rent In Samakhusi, Kathmandu","Samakhusi, Samakhusi, Kathmandu",Kathmandu,22000,4,0,3.0,0,West,2074.0,500,900 Sq. Feet,13 Feet,13 Feet,Unknown,N/A Sq. Feet,8 months ago,[],1,13.0,900.0,,Low
"House For Sale In Kapan, Kathmandu","Kapan, Kapan, Kathmandu",Kathmandu,7500000,2,1,1.0,0,North,2074.0,510,0-3-5-0 Aana,12 Feet / Gravelled,12 Feet , Gravelled,N/A Sq. Feet,8 months ago,[],1,12.0,1454.5625,,Medium
"2.5 Storey House On Sale At Ramkot : House For Sale In Ramkot, Kathmandu","Dadapauwa, Ramkot, Kathmandu",Kathmandu,17500000,7,3,3.0,0,East,2074.0,299,3.2 Aana,0 Feet,0 Feet,Unknown,N/A Aana,8 months ago,[],1,0.0,1095.2,,High
"Land For Sale In Goldhunga, Kathmandu","Goldhunga, Goldhunga, Kathmandu",Kathmandu,1350000,0,0,3.0,0,West,2074.0,292,4 Aana,10 Feet / Gravelled,10 Feet , Gravelled,N/A Sq. Feet,8 months ago,[],1,10.0,1369.0,,Medium
"Land For Sale In Pokhara, Pokhara","Malepatan, Pokhara, Pokhara",Pokhara,9000000,0,0,3.0,0,West,2074.0,439,32*80 Haat,16 Feet / Gravelled,16 Feet , Gravelled,N/A Sq. Feet,8 months ago,[],1,16.0,5760.0,,High
"Land Sale : Land For Sale In Mulpani, Kathmandu","Mulpani, Mulpani, Kathmandu",Kathmandu,1700000,0,0,3.0,0,South,2074.0,262,0-4-3-0 Aana,14 Feet / Gravelled,14 Feet , Gravelled,N/A Aana,8 months ago,[],1,14.0,1625.6875,,Medium
"Land For Sale In Lekhnath, Pokhara","Pokhara, Lekhnath, Pokhara",Pokhara,1400000,0,0,3.0,0,West,2074.0,288,19*64 Haat,20 Feet / Blacktopped,20 Feet , Blacktopped,N/A Sq. Feet,8 months ago,[],1,20.0,2736.0,,Medium
"Land On Sale : Land For Sale In Manamaiju, Kathmandu","Manamaiju opposite to manshing school, Manamaiju, Kathmandu",Kathmandu,5000000,0,0,3.0,0,West,2074.0,247,4 Aana,20 Feet / Blacktopped,20 Feet , Blacktopped,4 Aana,8 months ago,[],1,20.0,1369.0,1369.0,Medium
"Land For Sale In Goldhunga, Kathmandu","Goldhunga, Goldhunga, Kathmandu",Kathmandu,5200000,0,0,3.0,0,North,2074.0,279,3 Aana,24 Feet,24 Feet,Unknown,N/A Sq. Feet,8 months ago,[],1,24.0,1026.75,,Medium
"Flat For Rent In Kalanki, Kathmandu","Kalanki, Kalanki, Kathmandu",Kathmandu,20000,0,0,3.0,0,North,2074.0,390,900 Sq. Feet,12 Feet / Blacktopped,12 Feet , Blacktopped,N/A Sq. Feet,8 months ago,[],1,12.0,900.0,,Low
"Land For Sale In Lekhnath, Pokhara","Dhungepatan, Lekhnath, Pokhara",Pokhara,1800000,0,0,3.0,0,West,2074.0,232,60 Aana,20 Feet / Blacktopped,20 Feet , Blacktopped,N/A Sq. Feet,8 months ago,[],1,20.0,20535.0,,Medium
"2.5 Storey House On Sale At Pachdhara Gairigau, Swoyambhu : House For Sale In Swayambhu, Kathmandu","gairigaun, Swayambhu, Kathmandu",Kathmandu,27000000,0,0,3.0,0,East,2074.0,466,9 Aana,0 Feet,0 Feet,Unknown,N/A Aana,8 months ago,[],1,0.0,3080.25,,Premium
"House For Sale In Imadol, Lalitpur","Sitapakha, Imadol, Lalitpur",Lalitpur,13000000,2,1,1.0,0,East,2074.0,290,0-3-3-3 Aana,13 Feet / Gravelled,13 Feet , Gravelled,N/A Sq. Feet,8 months ago,[],1,13.0,1347.609375,,High
"House For Sale In Goldhunga, Kathmandu","Goldhunga, Goldhunga, Kathmandu",Kathmandu,13000000,0,0,3.0,0,North,2074.0,238,0-3-2-0 Aana,13 Feet / Gravelled,13 Feet , Gravelled,N/A Sq. Feet,8 months ago,[],1,13.0,1197.875,,High
"House For Sale In Bharatpur, Chitwan","Narayanghat, Bharatpur, Chitwan",Chitwan,48000000,0,0,3.0,0,North East,2074.0,385,25*52 Haat,6 Meter,6 Meter,Unknown,N/A Sq. Feet,8 months ago,[],1,19.68504,2925.0,,Premium
"House For Rent In Maharajgunj, Kathmandu","Nirmal Niwas, Maharajgunj, Kathmandu",Kathmandu,250000,0,0,3.0,0,West,2074.0,430,30 Aana,16 Feet / Gravelled,16 Feet , Gravelled,N/A Sq. Feet,8 months ago,[],1,16.0,10267.5,,Low
"Flat For Rent In Basundhara, Kathmandu","IVF Nepal | Green City Hospital, Basundhara, Kathmandu",Kathmandu,30000,2,1,3.0,0,West,2074.0,319,900 Sq. Feet,10 Feet,10 Feet,Unknown,N/A Sq. Feet,8 months ago,[],1,10.0,900.0,,Low
"Land For Sale In Namobuddha, Kavre","Namobuddha Municipality Office, Namobuddha, Kavre",Kavre,1050000,0,0,3.0,0,West,2074.0,345,0-8-5-0 Aana,15 Feet / Gravelled,15 Feet , Gravelled,N/A Sq. Feet,8 months ago,[],1,15.0,3165.8125,,Low
"House For Sale In Tarkeshwor, Kathmandu","Tarkeshwor Municipality Head Office, Tarkeshwor, Kathmandu",Kathmandu,8000000,7,3,3.0,0,West,2074.0,339,4 Aana,10 Feet,10 Feet,Unknown,N/A Sq. Feet,8 months ago,"['Balcony', 'TV Cable', 'Drainage', 'Water Supply', 'Water Tank', 'Water Well']",1,10.0,1369.0,,Medium
"A Bungalow For Rent At Comfort Housing, Thaiba : House For Rent In Thaiba, Lalitpur","Comfort Housing, Phase II, Thaiba, Lalitpur",Lalitpur,48000,4,3,2.0,1,South,2019.0,445,0-4-1-0 Aana,15 Feet / Paved,15 Feet , Paved,1600 + Sq. Feet,8 months ago,"['Backyard', 'Balcony', 'Water Supply', 'Modular Kitchen']",0,15.0,1454.5625,,Low
"Office Space : Office Space For Rent In Sankhamul, Kathmandu","suruchi marga-34, Sankhamul, Kathmandu",Kathmandu,30000,0,0,3.0,0,East,2074.0,376,871.80 Sq. Feet,12 Feet / Gravelled,12 Feet , Gravelled,N/A Aana,8 months ago,[],1,12.0,871.8,,Low
"Greenland Home For Sale : House For Sale In Tokha, Kathmandu","na, Tokha, Kathmandu",Kathmandu,17800000,5,6,3.0,1,South,2076.0,519,3.1 Aana,12 Feet / Blacktopped,12 Feet , Blacktopped,N/A Aana,8 months ago,[],0,12.0,1060.9750000000001,,High
"Villa 8 Ana : Land For Sale In Budhanilkantha, Kathmandu","na, Budhanilkantha, Kathmandu",Kathmandu,4000000,0,0,3.0,0,North East,2074.0,318,0-8-0-0 Aana,18 Feet / Blacktopped,18 Feet , Blacktopped,N/A Aana,8 months ago,[],1,18.0,2738.0,,Medium
"Baluwakhani 3.5 Ana Home : House For Sale In Budhanilkantha, Kathmandu","na, Budhanilkantha, Kathmandu",Kathmandu,21800000,5,6,3.0,1,North East,2076.0,689,3.5 Aana,12 Feet / Blacktopped,12 Feet , Blacktopped,N/A Aana,8 months ago,[],0,12.0,1197.875,,High
"House For Sale In Kalopul, Kathmandu","Best Venue (Previously Hira Ratna Cinema), Kalopul, Kathmandu",Kathmandu,29000000,0,0,3.0,0,West,2074.0,445,0-3-3-0 Aana,10 Feet / Blacktopped,10 Feet , Blacktopped,N/A Aana,8 months ago,[],1,10.0,1283.4375,,Premium
"Land For Sale In Baluwatar, Kathmandu","Baluwatar, Baluwatar, Kathmandu",Kathmandu,6000000,0,0,3.0,0,West,2074.0,227,0-7-2-0 Aana,14 Feet / Blacktopped,14 Feet , Blacktopped,N/A Sq. Feet,8 months ago,[],1,14.0,2566.875,,Medium
"House For Sale In Birgunj, Parsa","Alakhiya math main road, Birgunj, Parsa",Parsa,4500000,24,22,4.0,3,East,2074.0,633,43 Dhur,30 Feet / Blacktopped,30 Feet , Blacktopped,16000 Sq. Feet,8 months ago,['Balcony'],1,30.0,7836.75,16000.0,Medium
"Land For Sale In Kalanki, Kathmandu","Makalu Petrol Pump, Kalanki, Kathmandu",Kathmandu,3500000,0,0,3.0,0,West,2074.0,274,0-3-0-0 Aana,12 Feet / Soil Stabilized,12 Feet , Soil Stabilized,N/A Sq. Feet,8 months ago,[],1,12.0,1026.75,,Medium
"Land For Sale In Naikap, Kathmandu","Naya Naikap, Naikap, Kathmandu",Kathmandu,2400000,0,0,3.0,0,West,2074.0,267,0-6-3-0 Aana,10 Feet / Blacktopped,10 Feet , Blacktopped,N/A Sq. Feet,8 months ago,[],1,10.0,2310.1875,,Medium
"HOUSE FOR SALE : House For Sale In Basundhara, Kathmandu","Shree tole, Basundhara, Kathmandu",Kathmandu,23000000,4,3,2.0,0,South,2074.0,705,3.1 Aana,15 Feet / Gravelled,15 Feet , Gravelled,3 Aana,9 months ago,"['Drainage', 'Water Supply', 'Water Tank', 'Store Room']",1,15.0,1060.9750000000001,1026.75,High
"House For Sale In Kadaghari, Kathmandu","Kadaghari, Kadaghari, Kathmandu",Kathmandu,29000000,5,0,3.0,0,West,2074.0,1.2K,0-4-0-0 Aana,12 Feet / Blacktopped,12 Feet , Blacktopped,N/A Sq. Feet,9 months ago,[],1,12.0,1369.0,,Premium
"Land On Sale At Brahmakhel : Land For Sale In Kageshwari-Manohara, Kathmandu","Brahmakhel, Kageshwari-Manohara, Kathmandu",Kathmandu,1000000,0,0,0.0,0,South,2074.0,376,04-02 Sq. Feet,14 Feet / Soil Stabilized,14 Feet , Soil Stabilized,N/A Sq. Feet,9 months ago,[],1,14.0,22588.5,,Low
"Dhapasi House Sale : House For Sale In Dhapasi, Kathmandu","Dhapasi, Dhapasi, Kathmandu",Kathmandu,70000000,3,4,2.0,4,North,2074.0,589,1-0-0-0 Aana,20 Feet / Blacktopped,20 Feet , Blacktopped,N/A Aana,9 months ago,[],1,20.0,5476.0,,Premium
"Flat For Rent In Newroad, Kathmandu","New Road, Newroad, Kathmandu",Kathmandu,13000,0,0,3.0,0,North,2074.0,1.2K,700 Sq. Feet,12 Feet / Blacktopped,12 Feet , Blacktopped,N/A Sq. Feet,9 months ago,[],1,12.0,700.0,,Low
"House For Sale In Tinkune, Kathmandu","Subidhanagar, Tinkune, Kathmandu",Kathmandu,37500000,0,0,3.0,0,North,2074.0,345,0-4-2-0 Aana,22 Feet / Blacktopped,22 Feet , Blacktopped,N/A Sq. Feet,9 months ago,"['Balcony', 'Modular Kitchen', 'TV Cable', 'Wifi', 'Drainage', 'Water Supply', 'Water Tank', 'Water Well', 'Parking']",1,22.0,1540.125,,Premium
"Land On Sale At Maharajgunj : Land For Sale In Maharajgunj, Kathmandu","Maharajgunj, Maharajgunj, Kathmandu",Kathmandu,4500000,0,0,3.0,0,East,2074.0,374,5/10/20 Aana,20 Feet / Blacktopped,20 Feet , Blacktopped,N/A Aana,9 months ago,[],1,20.0,3992.9166666666665,,Medium
"House For Sale In Kadaghari, Kathmandu","Gothatar, Kadaghari, Kathmandu",Kathmandu,11500000,0,0,3.0,0,North,2074.0,643,0-3-5-0 Aana,12 Feet / Gravelled,12 Feet , Gravelled,N/A Sq. Feet,9 months ago,[],1,12.0,1454.5625,,High
"House For Sale In Kadaghari, Kathmandu","Force Park Bus Stop, Kadaghari, Kathmandu",Kathmandu,12500000,6,0,3.0,0,North,2074.0,2.3K,0-2-3-0 Aana,13 Feet / Gravelled,13 Feet , Gravelled,N/A Sq. Feet,9 months ago,[],1,13.0,941.1875,,High
"Land For Sale In Jorpati, Kathmandu","Sugamnagar Saving & Credit Co-operative Ltd, Jorpati, Kathmandu",Kathmandu,2900000,0,0,3.0,0,West,2074.0,226,4 Aana,12 Feet / Blacktopped,12 Feet , Blacktopped,N/A Sq. Feet,9 months ago,[],1,12.0,1369.0,,Medium
"Land For Sale In Itahari, Sunsari","Itahari, Itahari, Sunsari",Sunsari,350000,0,0,3.0,0,South,2074.0,249,11 Dhur,20 Feet / Blacktopped,20 Feet , Blacktopped,N/A Sq. Feet,9 months ago,[],1,20.0,2004.75,,Low
"House For Sale In Shantinagar, Kathmandu","Siddhicharan Marg, Shantinagar, Kathmandu",Kathmandu,42500000,6,0,3.0,4,North,2042.0,13.1K,0-6-2-0 Aana,10 Feet / Blacktopped,10 Feet , Blacktopped,N/A Aana,9 months ago,"['Balcony', 'TV Cable', 'Wifi', 'Drainage', 'Water Supply', 'Water Tank', 'Water Well', 'Internet', 'Parking']",0,10.0,2224.625,,Premium
"Land For Sale In Bajrabarahi, Makwanpur","Test address, Bajrabarahi, Makwanpur",Makwanpur,200000,0,0,0.0,0,North East,2074.0,338,4 Ropani,4 Feet / Gravelled,4 Feet , Gravelled,N/A Sq. Feet,9 months ago,[],1,4.0,21904.0,,Low
"Commercial And Residential : Land For Sale In Gaurighat, Kathmandu","Gaurighat Nayabasti, Gaurighat, Kathmandu",Kathmandu,4200000,0,0,3.0,0,West,2074.0,225,0-10-0-0 Aana,16 Feet / Gravelled,16 Feet , Gravelled,0-5-0-0 Aana,9 months ago,[],1,16.0,3422.5,1711.25,Medium
"Greenhill City Jorpati Siva Chok Vitra : Land For Sale In Greenhill City, Mulpani, Kathmandu","Greenhill city jorpati, Greenhill city, Mulpani, Kathmandu",Kathmandu,2400000,0,0,3.0,0,East,2074.0,247,0-5-0-0 Aana,12 Feet / Blacktopped,12 Feet , Blacktopped,0 Aana,9 months ago,[],1,12.0,1711.25,0.0,Medium
"Land For Sale In Budhanilkantha, Kathmandu","Nearby, Kantipur Colony, Budhanilkantha, Kathmandu",Kathmandu,2300000,0,0,3.0,0,East,2074.0,335,12 Aana,13 Feet,13 Feet,Unknown,N/A Sq. Feet,9 months ago,[],1,13.0,4107.0,,Medium
"Urgent Sale : Land For Sale In Sankhu, Kathmandu","Sakhu jane bato ko indryani chok najik healthpost ma, Sankhu, Kathmandu",Kathmandu,1200000,0,0,3.0,0,North,2074.0,249,0-5-0-0 Aana,20 Feet / Gravelled,20 Feet , Gravelled,0 Aana,9 months ago,[],1,20.0,1711.25,0.0,Low
"House For Sale In Kalimati, Kathmandu","Nearby, Police Station, Kalimati, Kathmandu",Kathmandu,25000000,0,0,3.0,0,South,2074.0,240,0-1-3-0 Aana,9 Feet / Blacktopped,9 Feet , Blacktopped,N/A Sq. Feet,9 months ago,"['Wifi', 'Drainage', 'Water Tank', 'Water Well']",1,9.0,598.9375,,High
"House For Sale In Balaju, Kathmandu","Balaju, Balaju, Kathmandu",Kathmandu,22000000,0,0,3.0,0,South,2074.0,360,4 Aana,22 Feet / Gravelled,22 Feet , Gravelled,N/A Sq. Feet,9 months ago,"['Balcony', 'Modular Kitchen', 'TV Cable', 'Wifi', 'Drainage', 'Water Supply', 'Water Tank', 'Water Well', 'Parking']",1,22.0,1369.0,,High
"Budhanilkantha House Sale : House For Sale In Pasikot, Kathmandu","Budhanilkantha, Pasikot, Kathmandu",Kathmandu,30000000,5,4,3.0,2,West,2075.0,462,0-4-0-0 Aana,20 Feet,20 Feet,Unknown,N/A Aana,9 months ago,[],0,20.0,1369.0,,Premium
"House For Sale In Imadol, Lalitpur","Imadol, Imadol, Lalitpur",Lalitpur,17500000,0,0,3.0,0,South,2074.0,430,3 Aana,13 Feet,13 Feet,Unknown,N/A Sq. Feet,9 months ago,"['Balcony', 'Modular Kitchen', 'TV Cable', 'Wifi', 'Drainage', 'Water Supply', 'Water Tank', 'Water Well', 'Parking']",1,13.0,1026.75,,High
"Office Space For Rent In Naxal, Kathmandu","Nearby, Sunrise Bank, Naxal, Kathmandu",Kathmandu,130000,0,0,3.0,0,North,2074.0,375,8 Aana,15 Feet / Gravelled,15 Feet , Gravelled,N/A Sq. Feet,9 months ago,[],1,15.0,2738.0,,Low
"House For Sale In Imadol, Lalitpur","Nearby, Little Angel's College of Higher Studies, Imadol, Lalitpur",Lalitpur,15000000,0,0,3.0,0,South,2074.0,304,0-2-2-0 Aana,13 Feet / Gravelled,13 Feet , Gravelled,N/A Sq. Feet,9 months ago,[],1,13.0,855.625,,High
"For Sale : Land For Sale In Jorpati, Kathmandu","Jorpati makalbari highway, Jorpati, Kathmandu",Kathmandu,3700000,0,0,3.0,0,West,2074.0,262,0-4-2-0 Aana,20 Feet / Blacktopped,20 Feet , Blacktopped,0 Aana,9 months ago,[],1,20.0,1540.125,0.0,Medium
"House For Sale Near Kumaripati : House For Sale In Kumaripati, Lalitpur","Near kumaripati, Kumaripati, Lalitpur",Lalitpur,76000000,0,0,3.0,5,South East,2074.0,1.2K,0-5-0-0 Aana,22 Feet,22 Feet,Unknown,N/A Aana,9 months ago,[],1,22.0,1711.25,,Premium
"Land For Sale In Lubhu, Lalitpur","Lubhu, Lubhu, Lalitpur",Lalitpur,1450000,0,0,3.0,0,North,2074.0,396,0-3-3-0 Aana,13 Feet / Blacktopped,13 Feet , Blacktopped,N/A Sq. Feet,9 months ago,[],1,13.0,1283.4375,,Medium
"Apartment For Sale : Apartment For Sale In Jhamsikhel, Lalitpur","Thadodhunga, Jhamsikhel, Lalitpur",Lalitpur,12000000,2,1,1.0,1,East,2016.0,914,700 Sq. Feet,20 Feet / Blacktopped,20 Feet , Blacktopped,N/A Aana,9 months ago,"['Washing Machine', 'Wifi', 'Microwave', 'Balcony', 'Gym', 'Garden', 'TV Cable', 'Swimming Pool', 'Drainage']",0,20.0,700.0,,High
"New House : House For Sale In Ranipauwa, Pokhara","mahendra pul, Ranipauwa, Pokhara",Pokhara,37000000,7,5,3.0,3,South East,2074.0,668,6.5 Aana,20 Feet / Gravelled,20 Feet , Gravelled,6.5 Aana,9 months ago,"['Garage', 'Backyard', 'Balcony', 'Garden', 'Modular Kitchen', 'TV Cable', 'Wifi', 'Water Supply', 'Solar Water', 'Water Tank', 'Water Well', 'Electricity Backup', 'Kids Playground', 'Parking', 'Store Room']",0,20.0,2224.625,2224.625,Premium
"Land For Sale In Kirtipur, Kirtipur","Kirtipur, Kirtipur, Kathmandu",Kathmandu,800000,0,0,3.0,0,South,2074.0,459,16 Aana,20 Feet / Gravelled,20 Feet , Gravelled,N/A Sq. Feet,9 months ago,[],1,20.0,5476.0,,Low
"Land For Sale In Chamati, Kathmandu","Bijeshwori, Chamati, Kathmandu",Kathmandu,4000000,0,0,3.0,0,West,2074.0,322,3 Aana,12 Feet / Gravelled,12 Feet , Gravelled,N/A Sq. Feet,9 months ago,[],1,12.0,1026.75,,Medium
"House For Sale In Bhaisepati, Lalitpur","Nearby, Talimkendra, Bhaisepati, Lalitpur",Lalitpur,26000000,5,4,3.0,0,North,2074.0,419,4 Aana,13 Feet / Blacktopped,13 Feet , Blacktopped,N/A Sq. Feet,9 months ago,"['Balcony', 'Modular Kitchen', 'TV Cable', 'Wifi', 'Drainage', 'Water Tank', 'Water Well', 'Parking', 'Store Room']",1,13.0,1369.0,,High
"Land For Sale In Mulpani, Kathmandu","Nearby, Bode Pool, Mulpani, Kathmandu",Kathmandu,1400000,0,0,3.0,0,West,2074.0,295,3 Aana,12 Feet / Soil Stabilized,12 Feet , Soil Stabilized,N/A Sq. Feet,9 months ago,[],1,12.0,1026.75,,Medium
"Land For Sale In Chandragiri, Kathmandu","Tinthana, Chandragiri, Kathmandu",Kathmandu,2200000,0,0,3.0,0,East,2074.0,289,0-4-2-0 Sq. Feet,13 Feet / Gravelled,13 Feet , Gravelled,N/A Sq. Feet,9 months ago,[],1,13.0,1540.125,,Medium
"House For Sale In Sukedhara, Kathmandu","Near Hemshospital, Sukedhara, Kathmandu",Kathmandu,29800000,11,0,3.0,0,North,2074.0,473,5 Aana,13 Feet / Blacktopped,13 Feet , Blacktopped,N/A Sq. Feet,9 months ago,"['Balcony', 'Modular Kitchen', 'TV Cable', 'Wifi', 'Drainage', 'Water Supply', 'Water Tank', 'Water Well', 'Internet', 'Parking', 'Store Room']",1,13.0,1711.25,,Premium
"Lubu Mahalaxmi Ko Jagga Bikrima : Land For Sale In Mahalaxmi Nagarpalika, Lalitpur","Lubu imadol, Mahalaxmi Nagarpalika, Lalitpur",Lalitpur,1800000,0,0,3.0,0,East,2074.0,354,0-3-2 Aana,16 Feet / Gravelled,16 Feet , Gravelled,0-3-2 Aana,9 months ago,[],1,16.0,1197.875,1197.875,Medium
"जग्गा बिक्री मा : Land For Sale In Godawari, Lalitpur","टिकाभैरब कोटडाॅडा रोड, Godawari, Lalitpur",Lalitpur,350000,0,0,3.0,0,East,2074.0,610,27 Aana,24 Feet / Gravelled,24 Feet , Gravelled,N/A Aana,9 months ago,[],1,24.0,9240.75,,Low
"Business For Sale In Thamel, Kathmandu","Nearby Everest School, Thamel, Kathmandu",Kathmandu,1700000,0,0,3.0,0,West,2074.0,402,1000 Sq. Feet,15 Feet / Blacktopped,15 Feet , Blacktopped,N/A Sq. Feet,9 months ago,[],1,15.0,1000.0,,Medium
"Business For Sale In Madhyapur Thimi, Bhaktapur","Nearby Madhyapur Hospital, Madhyapur Thimi, Bhaktapur",Bhaktapur,800000,0,0,3.0,0,South,2074.0,257,1000 Sq. Feet,20 Feet / Blacktopped,20 Feet , Blacktopped,N/A Sq. Feet,9 months ago,[],1,20.0,1000.0,,Low
"Business For Sale In Baneshwor, Kathmandu","Nearby Ace college, Baneshwor, Kathmandu",Kathmandu,1900000,0,0,3.0,0,North,2074.0,228,1000 Sq. Feet,15 Feet / Blacktopped,15 Feet , Blacktopped,N/A Sq. Feet,9 months ago,[],1,15.0,1000.0,,Medium
"House On Sale Or For Rent In Kirtipur : House For Sale In Kirtipur, Kirtipur","Bhatkepati (Prithivi Chowk), Kirtipur, Kathmandu",Kathmandu,25000000,6,4,3.0,1,South,2019.0,374,0-4-2-3 Aana,12 Feet / Gravelled,12 Feet , Gravelled,2548 Sq. Feet,9 months ago,"['Garden', 'Frontyard']",0,12.0,1604.296875,2548.0,High
"House For Sale In Baneshwor, Kathmandu","Buddhanagar, Baneshwor, Kathmandu",Kathmandu,32000000,0,0,3.0,0,South,2074.0,1.2K,6 Aana,12 Feet / Blacktopped,12 Feet , Blacktopped,N/A Sq. Feet,9 months ago,[],1,12.0,2053.5,,Premium
"House For Sale In Dharan, Dharan","Nearby, Phusre, Dharan, Dharan",Dharan,10000000,0,0,3.0,0,West,2074.0,567,10 Dhur,15 Feet / Blacktopped,15 Feet , Blacktopped,N/A Sq. Feet,9 months ago,[],1,15.0,1822.5,,High
"House For Sale In Patan, Lalitpur","Okubahal, Patan, Lalitpur",Lalitpur,15000000,0,0,3.0,0,West,2074.0,374,0-1-0-0 Aana,40 Feet / Paved,40 Feet , Paved,0-1-0-0 Aana,9 months ago,[],1,40.0,342.25,342.25,High
"House For Sale In Pokhara, Pokhara","Kaski, Pokhara, Pokhara",Pokhara,9500000,0,0,3.0,0,West,2074.0,568,0-7-2-0 Aana,15 Feet / Gravelled,15 Feet , Gravelled,N/A Sq. Feet,9 months ago,[],1,15.0,2566.875,,High
"Land For Sale In Bharatpur, Chitwan","Back side of Meghaili Airport, Bharatpur, Chitwan",Chitwan,1200000,0,0,3.0,0,South East,2074.0,344,30 Kattha,20 Feet / Gravelled,20 Feet , Gravelled,N/A Sq. Feet,9 months ago,[],1,20.0,109350.0,,Low
"Land For Sale : Land For Sale In Chabahil, Kathmandu","Aarubari Nageshwor Housing, Chabahil, Kathmandu",Kathmandu,3500000,0,0,3.0,0,South East,2074.0,348,0-5-3-0 Aana,14 Feet / Blacktopped,14 Feet , Blacktopped,N/A Aana,9 months ago,[],1,14.0,1967.9375,,Medium
"Flat For Rent In Hattiban, Lalitpur","Nearby, LA School, Hattiban, Lalitpur",Lalitpur,15000,2,1,3.0,0,West,2074.0,596,700 Sq. Feet,15 Feet / Blacktopped,15 Feet , Blacktopped,N/A Sq. Feet,9 months ago,[],1,15.0,700.0,,Low
"Land For Sale In Lubhu, Lalitpur","Lubhu Sundar Basti, Lubhu, Lalitpur",Lalitpur,1650000,0,0,3.0,0,South,2074.0,469,0-3-3-0 Aana,10 Feet / Soil Stabilized,10 Feet , Soil Stabilized,N/A Sq. Feet,9 months ago,[],1,10.0,1283.4375,,Medium
"House For Sale In Thali, Kathmandu","Nearby, Thali Buspark, Thali, Kathmandu",Kathmandu,11000000,0,0,3.0,0,West,2074.0,344,3 Aana,10 Feet / Soil Stabilized,10 Feet , Soil Stabilized,N/A Sq. Feet,9 months ago,"['Balcony', 'Modular Kitchen', 'TV Cable', 'Wifi', 'Drainage', 'Water Supply', 'Water Tank', 'Parking', 'Store Room']",1,10.0,1026.75,,High
"Flat For Rent In Bhaisepati, Lalitpur","Near Pritikunda Dham, Bhaisepati, Lalitpur",Lalitpur,16000,0,0,3.0,0,West,2074.0,615,1000 Sq. Feet,15 Feet / Gravelled,15 Feet , Gravelled,N/A Sq. Feet,9 months ago,[],1,15.0,1000.0,,Low
"Flat For Rent In Baneshwor, Kathmandu","New Baneshwor, Baneshwor, Kathmandu",Kathmandu,25000,0,0,3.0,0,West,2074.0,764,700 Sq. Feet,10 Feet / Blacktopped,10 Feet , Blacktopped,N/A Sq. Feet,9 months ago,[],1,10.0,700.0,,Low
"2.5 Storey House On Sale At Sano Mandir , Gurjudhara : House For Sale In Gurujudhara, Kathmandu","gurjudhara , sano mandir, Gurujudhara, Kathmandu",Kathmandu,17000000,6,3,2.0,2,South East,2074.0,450,4.1 Aana,11 Feet,11 Feet,Unknown,N/A Aana,9 months ago,[],1,11.0,1403.225,,High
"Flat For Rent In Biratnagar, Morang","Biratnagar, Biratnagar, Morang",Morang,17000,3,2,3.0,0,West,2074.0,368,900 Sq. Feet,15 Feet / Blacktopped,15 Feet , Blacktopped,N/A Sq. Feet,9 months ago,[],1,15.0,900.0,,Low
"Civil Homes House : House For Sale In Chandragiri, Kathmandu","Civil Homes, Chandragiri, Kathmandu",Kathmandu,35000000,0,0,2.0,2,South East,2074.0,290,0-5-2-3 Aana,20 Feet / Blacktopped,20 Feet , Blacktopped,N/A Aana,9 months ago,"['Lawn', 'Balcony', 'Swimming Pool', 'Modular Kitchen']",1,20.0,1946.546875,,Premium
"Sanepa House Sale : House For Sale In Sanepa, Lalitpur","Sanepa, Sanepa, Lalitpur",Lalitpur,30000000,4,4,3.0,2,North,2074.0,680,0-4-0-0 Aana,13 Feet / Blacktopped,13 Feet , Blacktopped,N/A Aana,9 months ago,[],1,13.0,1369.0,,Premium
"Kamaldi Land Sale : Land For Sale In Kamaladi, Kathmandu","Kamaladi, Kamaladi, Kathmandu",Kathmandu,22000000,0,0,3.0,0,North,2074.0,275,0-5-1-3 Aana,30 Feet / Blacktopped,30 Feet , Blacktopped,N/A Aana,9 months ago,[],1,30.0,1860.984375,,High
"House For Sale In Sukedhara, Kathmandu","Jyotinagar, Sukedhara, Kathmandu",Kathmandu,24000000,0,0,3.0,0,North,2074.0,1.9K,0-3-3-0 Aana,13 Feet / Soil Stabilized,13 Feet , Soil Stabilized,N/A Sq. Feet,9 months ago,"['Balcony', 'Modular Kitchen', 'TV Cable', 'Wifi', 'Drainage', 'Water Tank', 'Water Well', 'Parking']",1,13.0,1283.4375,,High
"House For Sale In Kirtipur, Kirtipur","Kirtipur, Kirtipur, Kathmandu",Kathmandu,4000000,0,0,3.0,0,South,2074.0,630,1 Aana,10 Feet / Blacktopped,10 Feet , Blacktopped,N/A Sq. Feet,9 months ago,[],1,10.0,342.25,,Medium
"Land For Sale In Pepsicola, Kathmandu","Birendra Chowk, Pepsicola, Kathmandu",Kathmandu,2750000,0,0,3.0,0,South West,2074.0,819,6.5 Aana,15 Feet / Blacktopped,15 Feet , Blacktopped,N/A Aana,9 months ago,[],1,15.0,2224.625,,Medium
"Land For Sale In Kirtipur, Kirtipur","Dhalpa, Kirtipur, Kathmandu",Kathmandu,1900000,0,0,3.0,0,East,2074.0,417,0-4-2-0 Aana,13 Feet / Gravelled,13 Feet , Gravelled,N/A Sq. Feet,9 months ago,[],1,13.0,1540.125,,Medium
"House For Sale In Dharan, Dharan","Dharan-15, Dharan, Dharan",Dharan,8500000,0,0,3.0,0,West,2074.0,417,5 Dhur,15 Feet / Gravelled,15 Feet , Gravelled,N/A Sq. Feet,9 months ago,[],1,15.0,911.25,,High
"House For Sale In Dharan, Dharan","Dharan-16, Dharan, Dharan",Dharan,8000000,0,0,3.0,0,West,2074.0,470,5 Dhur,52 Feet / Blacktopped,52 Feet , Blacktopped,N/A Sq. Feet,9 months ago,[],1,52.0,911.25,,Medium
"Ploted Land On Sale At Harisiddi Near Cancer Hospital : Land For Sale In Harisiddhi, Lalitpur","Harisiddhi, Harisiddhi, Lalitpur",Lalitpur,2500000,0,0,3.0,0,East,2074.0,342,4 Aana,13 Feet / Gravelled,13 Feet , Gravelled,4 Aana,9 months ago,[],1,13.0,1369.0,1369.0,Medium
"Beautiful House On Rent At Sanepa : House For Rent In Sanepa, Lalitpur","Sanepa, Sanepa, Lalitpur",Lalitpur,200000,6,3,2.0,6,South,2074.0,472,26 Aana,13 Feet / Paved,13 Feet , Paved,8 Aana,9 months ago,"['Balcony', 'Garden', 'Water Supply', 'Parking']",1,13.0,8898.5,2738.0,Low
"Beautiful Square Land On Sale At Sanepa : Land For Sale In Sanepa, Lalitpur","Sanepa, Sanepa, Lalitpur",Lalitpur,6000000,0,0,3.0,0,East,2074.0,259,8 Aana,20 Feet / Gravelled,20 Feet , Gravelled,N/A Aana,9 months ago,[],1,20.0,2738.0,,Medium
"Land For Sale In Kirtipur, Kirtipur","Langol, Kirtipur, Kathmandu",Kathmandu,1200000,0,0,3.0,0,West,2074.0,502,8 Aana,20 Feet,20 Feet,Unknown,N/A Sq. Feet,9 months ago,[],1,20.0,2738.0,,Low
"House For Sale In Chandragiri, Kathmandu","Chandragiri, Chandragiri, Kathmandu",Kathmandu,21000000,0,0,3.0,0,West,2074.0,264,0-3-2-1 Aana,15 Feet,15 Feet,Unknown,N/A Sq. Feet,9 months ago,[],1,15.0,1219.265625,,High
"Land For Sale In Chovar, Kathmandu","Chovar, Chovar, Kathmandu",Kathmandu,1500000,0,0,3.0,0,West,2074.0,254,18 Aana,15 Feet / Soil Stabilized,15 Feet , Soil Stabilized,N/A Sq. Feet,9 months ago,[],1,15.0,6160.5,,Medium
"House For Sale In Banasthali, Kathmandu","Banasthali, Banasthali, Kathmandu",Kathmandu,22500000,0,0,2.0,0,West,2074.0,802,0-3-2-2 Aana,13 Feet / Gravelled,13 Feet , Gravelled,N/A Sq. Feet,9 months ago,[],1,13.0,1240.65625,,High
"Naranthan 2 Ropani Home : House For Sale In Budhanilkantha, Kathmandu","NA, Budhanilkantha, Kathmandu",Kathmandu,115000000,0,0,3.0,0,East,2069.0,627,2 Ropani,14 Feet / Blacktopped,14 Feet , Blacktopped,N/A Aana,9 months ago,[],0,14.0,10952.0,,Premium
"House For Sale In Budhanilkantha, Kathmandu","Budhanilkanth, Budhanilkantha, Kathmandu",Kathmandu,28000000,0,0,3.0,0,South,2074.0,289,4 Aana,15 Feet / Gravelled,15 Feet , Gravelled,N/A Sq. Feet,9 months ago,[],1,15.0,1369.0,,Premium
"House For Sale In Lamatar, Lalitpur","Lamatar, Lamatar, Lalitpur",Lalitpur,10000000,0,0,3.0,0,West,2074.0,272,5 Aana,12 Feet / Soil Stabilized,12 Feet , Soil Stabilized,N/A Sq. Feet,9 months ago,[],1,12.0,1711.25,,High
"House For Sale In Lamatar, Lalitpur","Lamatra, Lamatar, Lalitpur",Lalitpur,25000000,0,0,3.0,0,West,2074.0,188,8 Aana,14 Feet / Gravelled,14 Feet , Gravelled,N/A Sq. Feet,9 months ago,[],1,14.0,2738.0,,High
"Land At The Heart Of The Ktm City ,2.08 Cr : Land For Sale In Tahachal, Kathmandu","Tahachal,Ktm-13, Tahachal, Kathmandu",Kathmandu,3500000,0,0,3.0,0,West,2074.0,405,0-5-3-3 Aana,14 Feet / Paved,14 Feet , Paved,N/A Aana,9 months ago,[],1,14.0,2032.109375,,Medium
"Baluwakhani Chok 4 Ana Home : House For Sale In Bhangal, Kathmandu","NA, Bhangal, Kathmandu",Kathmandu,24000000,6,6,3.0,1,North West,2076.0,292,4 Aana,15 Feet / Blacktopped,15 Feet , Blacktopped,N/A Aana,9 months ago,[],0,15.0,1369.0,,High
"Baluwakhani Home : House For Sale In Bhangal, Kathmandu","NA, Bhangal, Kathmandu",Kathmandu,24000000,6,6,3.0,1,South East,2076.0,318,4 Aana,14 Feet / Blacktopped,14 Feet , Blacktopped,N/A Aana,9 months ago,[],0,14.0,1369.0,,High
"House For Sale In Imadol, Lalitpur","Sheetal tole, Imadol, Lalitpur",Lalitpur,21000000,5,3,3.0,3,East,2014.0,384,0-3-0-0 Aana,13 Feet / Blacktopped,13 Feet , Blacktopped,1880 Sq. Feet,9 months ago,"['Drainage', 'Solar Water', 'Water Tank', 'Water Well', 'Parking', 'TV Cable', 'Balcony', 'Internet']",0,13.0,1026.75,1880.0,High
"Land For Sale In Ekantakuna, Lalitpur","Opposite of Dav College, Ekantakuna, Lalitpur",Lalitpur,5500000,0,0,3.0,0,West,2074.0,302,11 Aana,10 Feet / Gravelled,10 Feet , Gravelled,N/A Sq. Feet,9 months ago,[],1,10.0,3764.75,,Medium
"Land On Sale On Lagankhel, Lalitpur : Land For Sale In Lagankhel, Lalitpur","Next to Campaign School, Lalitpur, Lagankhel, Lalitpur",Lalitpur,5000000,0,0,3.0,0,East,2074.0,354,0-5-0-0 Aana,20 Feet / Blacktopped,20 Feet , Blacktopped,N/A Aana,9 months ago,[],1,20.0,1711.25,,Medium
"Land For Sale In Satungal, Kathmandu","Satungal, Satungal, Kathmandu",Kathmandu,2000000,0,0,3.0,0,North,2074.0,310,0-8-1-0 Aana,15 Feet / Blacktopped,15 Feet , Blacktopped,N/A Sq. Feet,9 months ago,[],1,15.0,2823.5625,,Medium
"Land For Sale In Kadaghari, Kathmandu","Nearby, Forcepark, Kadaghari, Kathmandu",Kathmandu,2500000,0,0,3.0,0,North,2074.0,270,4 Aana,13 Feet / Gravelled,13 Feet , Gravelled,N/A Sq. Feet,9 months ago,[],1,13.0,1369.0,,Medium
"House For Sale In Harisiddhi, Lalitpur","Harisiddhi, Harisiddhi, Lalitpur",Lalitpur,12500000,0,0,2.0,0,East,2074.0,1.8K,3 Aana,13 Feet / Gravelled,13 Feet , Gravelled,N/A Sq. Feet,9 months ago,[],1,13.0,1026.75,,High
"Flat For Rent In Narephate, Kathmandu","Near, Mahanagriye Police Chauki., Narephate, Kathmandu",Kathmandu,19500,3,0,3.0,0,West,2074.0,381,600 Sq. Feet,15 Feet / Blacktopped,15 Feet , Blacktopped,N/A Sq. Feet,9 months ago,[],1,15.0,600.0,,Low
"Land For Sale In Sanepa, Lalitpur","opposite to old star hospital, Sanepa, Lalitpur",Lalitpur,1000000,0,0,3.0,0,West,2074.0,914,5 Aana,4 Feet / Soil Stabilized,4 Feet , Soil Stabilized,N/A Sq. Feet,9 months ago,[],1,4.0,1711.25,,Low
"House For Sale In Tokha, Kathmandu","Nearby, Grandy Hospital, Tokha, Kathmandu",Kathmandu,27500000,5,3,3.0,0,South,2074.0,559,4 Aana,26 Feet / Gravelled,26 Feet , Gravelled,N/A Sq. Feet,9 months ago,"['Balcony', 'Modular Kitchen', 'TV Cable', 'Wifi', 'Drainage', 'Water Supply', 'Solar Water', 'Water Well', 'Parking', 'Store Room']",1,26.0,1369.0,,Premium
"House For Sale In Jorpati, Kathmandu","Narayantar, Jorpati, Kathmandu",Kathmandu,24000000,0,0,3.0,0,South,2074.0,449,4 Aana,15 Feet / Blacktopped,15 Feet , Blacktopped,N/A Sq. Feet,9 months ago,[],1,15.0,1369.0,,High
"Land For Sale In Budhanilkantha, Kathmandu","Pasikot, Budhanilkantha, Kathmandu",Kathmandu,2000000,0,0,3.0,0,South,2074.0,676,0-3-2-0 Aana,24 Feet / Gravelled,24 Feet , Gravelled,N/A Sq. Feet,9 months ago,[],1,24.0,1197.875,,Medium
"House For Sale In Nepaltar, Kathmandu","Nearby, Laxmi Bank, Nepaltar, Kathmandu",Kathmandu,24000000,11,3,3.0,0,North,2074.0,282,4 Aana,13 Feet / Blacktopped,13 Feet , Blacktopped,N/A Sq. Feet,9 months ago,"['Balcony', 'Modular Kitchen', 'Wifi', 'Drainage', 'Water Tank', 'Water Well', 'Parking']",1,13.0,1369.0,,High
"Land For Sale In Budhanilkantha, Kathmandu","Pasikot, Budhanilkantha, Kathmandu",Kathmandu,1900000,0,0,3.0,0,South,2074.0,396,4 Aana,13 Feet / Gravelled,13 Feet , Gravelled,N/A Sq. Feet,9 months ago,[],1,13.0,1369.0,,Medium
"House For Sale In Harisiddhi, Lalitpur","Nearby, Harisiddhi Buspark Chowk, Harisiddhi, Lalitpur",Lalitpur,11500000,0,0,1.0,0,East,2074.0,402,33 Aana,13 Feet,13 Feet,Unknown,N/A Sq. Feet,9 months ago,[],1,13.0,11294.25,,High
"House On Sale At Dhungedhara : House For Sale In Dhungedhara, Kathmandu","dhungedhara, Dhungedhara, Kathmandu",Kathmandu,24500000,7,4,3.0,0,West,2074.0,269,3.3 Aana,12 Feet,12 Feet,Unknown,N/A Aana,9 months ago,['Garden'],1,12.0,1129.425,,High
"House For Rent In Baneshwor, Kathmandu","Baneshwor, Baneshwor, Kathmandu",Kathmandu,100000,0,0,3.0,0,West,2074.0,645,4 Aana,13 Feet / Blacktopped,13 Feet , Blacktopped,N/A Sq. Feet,9 months ago,[],1,13.0,1369.0,,Low
"Land For Sale In Pokhara, Pokhara","Nearby, Malepatan, Pokhara, Pokhara",Pokhara,600000,0,0,3.0,0,West,2074.0,377,20*40 Haat,15 Feet / Soil Stabilized,15 Feet , Soil Stabilized,N/A Sq. Feet,9 months ago,[],1,15.0,1800.0,,Low
"Urgent Sale Dhulikhel Land : Land For Sale In Bhaktapur, Bhaktapur","dhulikhel tourist area, Bhaktapur, Bhaktapur",Bhaktapur,250000,0,0,3.0,0,East,2074.0,499,16 Aana,12 Feet / Blacktopped,12 Feet , Blacktopped,N/A Aana,9 months ago,[],1,12.0,5476.0,,Low
"भैंसेपाटीमा नयाँ घर बिक्रिमा !! 285 Lakh ( Negotiable ) : House For Sale In Bhaisepati, Lalitpur","Bhaisepati, Bhaisepati, Lalitpur",Lalitpur,28500000,3,5,3.0,1,South West,2019.0,864,0-4-2-0 Aana,18 Feet / Blacktopped,18 Feet , Blacktopped,N/A Aana,9 months ago,"['Balcony', 'Gym', 'Washing Machine', 'TV Cable', 'Modular Kitchen', 'Fencing', 'Frontyard']",0,18.0,1540.125,,Premium
"Urgent Sale Dhulikhel Land : Land For Sale In Bhaktapur, Bhaktapur","dhulikhel tourist area, Bhaktapur, Bhaktapur",Bhaktapur,1050000,0,0,3.0,0,East,2074.0,271,18 Aana,14 Feet / Blacktopped,14 Feet , Blacktopped,N/A Aana,9 months ago,[],1,14.0,6160.5,,Low
"BUDHANILKANTHA VILLA LAND : Land For Sale In Budhanilkantha, Kathmandu","NA, Budhanilkantha, Kathmandu",Kathmandu,4200000,0,0,3.0,0,North East,2074.0,374,8 Aana,20 Feet / Blacktopped,20 Feet , Blacktopped,N/A Aana,9 months ago,[],1,20.0,2738.0,,Medium
"GOLFUTAR HEPLAI CLASSIC BUNGALOW : House For Sale In Budhanilkantha, Kathmandu","NA, Budhanilkantha, Kathmandu",Kathmandu,62000000,4,6,3.0,4,East,2076.0,1.1K,10 Aana,15 Feet / Blacktopped,15 Feet , Blacktopped,N/A Aana,9 months ago,"['Modular Kitchen', 'Microwave', 'TV Cable', 'Garden', 'Backyard', 'Frontyard', 'Balcony']",0,15.0,3422.5,,Premium
"Basundhra Choker 6 Ana Home : House For Sale In Basundhara, Kathmandu","na, Basundhara, Kathmandu",Kathmandu,42500000,6,6,4.0,2,South,2075.0,277,6 Aana,15 Feet / Blacktopped,15 Feet , Blacktopped,N/A Aana,9 months ago,"['Modular Kitchen', 'TV Cable', 'Balcony']",0,15.0,2053.5,,Premium
"Hattigauda Chokaima 4 Ana Home : House For Sale In Hattigauda, Kathmandu","na, Hattigauda, Kathmandu",Kathmandu,24500000,5,5,3.0,1,East,2076.0,444,4 Aana,30 Feet / Gravelled,30 Feet , Gravelled,N/A Aana,9 months ago,"['Modular Kitchen', 'TV Cable']",0,30.0,1369.0,,High
"Busundhara 8 Ana Modern Home : House For Sale In Basundhara, Kathmandu","na, Basundhara, Kathmandu",Kathmandu,45000000,6,6,3.0,2,South West,2074.0,1.4K,8 Aana,15 Feet / Blacktopped,15 Feet , Blacktopped,N/A Aana,9 months ago,"['Garden', 'TV Cable', 'Modular Kitchen', 'Microwave', 'Balcony', 'Backyard', 'Frontyard']",1,15.0,2738.0,,Premium
"Hattigauda 6.5 Ana Bungalow : House For Sale In Hattigauda, Kathmandu","NA, Hattigauda, Kathmandu",Kathmandu,33000000,0,0,3.0,3,South West,2074.0,642,6.5 Aana,18 Feet / Blacktopped,18 Feet , Blacktopped,N/A Aana,9 months ago,"['Garden', 'Frontyard', 'Modular Kitchen', 'TV Cable']",1,18.0,2224.625,,Premium
"House For Sale In Gaushala, Kathmandu","Nearby, Bijay Chowk, Gaushala, Kathmandu",Kathmandu,80000000,0,0,3.0,0,South,2074.0,471,0-10-3-2 Aana,12 Feet / Blacktopped,12 Feet , Blacktopped,N/A Sq. Feet,9 months ago,"['Garage', 'Balcony', 'Modular Kitchen', 'TV Cable', 'Wifi', 'Drainage', 'Solar Water', 'Water Well', 'Parking', 'Store Room']",1,12.0,3721.96875,,Premium
"2.5 Floored House On Sale : House For Sale In Thasikhel, Lalitpur","Thashikhel-5, Near Open University Manbhawan, Amar Colony, Thasikhel, Lalitpur",Lalitpur,46500000,0,0,2.0,0,East,2070.0,484,4 Aana,21 Feet / Blacktopped,21 Feet , Blacktopped,0-4-1-2/139.11 Aana,9 months ago,"['TV Cable', 'Balcony', 'Air Condition', 'Wifi', 'Drainage', 'Water Supply', 'Water Tank', 'Water Well', 'Solar Water']",0,21.0,1369.0,47610.39750000001,Premium
"House For Sale In Baluwatar, Kathmandu","Nearby, Russian Embassy, Baluwatar, Kathmandu",Kathmandu,34000000,5,0,3.0,0,South,2074.0,4.2K,4 Aana,15 Feet / Blacktopped,15 Feet , Blacktopped,N/A Aana,9 months ago,"['Garage', 'Balcony', 'Modular Kitchen', 'TV Cable', 'Wifi', 'Drainage', 'Water Supply', 'Water Tank', 'Water Well', 'Parking']",1,15.0,1369.0,,Premium
"Business For Sale In Boudha, Kathmandu","Infront of KFC, Boudha, Kathmandu",Kathmandu,800000,0,0,3.0,0,West,2074.0,284,400 Sq. Feet,15 Feet / Blacktopped,15 Feet , Blacktopped,N/A Sq. Feet,9 months ago,[],1,15.0,400.0,,Low
"Plotting Land : Land For Sale In Nakhipot, Lalitpur","Kantipur Colony, Nakhipot, Lalitpur",Lalitpur,2200000,0,0,3.0,0,South,2074.0,562,0-5-0-0 Aana,20 Feet / Blacktopped,20 Feet , Blacktopped,N/A Aana,9 months ago,[],1,20.0,1711.25,,Medium
"Attractive Commercial Cum Residential Land At Prime Location Near Nirmal Niwas Maharajgunj For Sale : Land For Sale In Maharajgunj, Kathmandu","Behind Nirmal Niwas near UNHCR office, Maharajgunj, Kathmandu",Kathmandu,6500000,0,0,3.0,0,East,2074.0,452,0-4-0-0 Aana,20 Feet / Blacktopped,20 Feet , Blacktopped,0-4-0-0 Aana,9 months ago,[],1,20.0,1369.0,1369.0,Medium
"MILAN CHOWK Land On Sale!! : Land For Sale In Mid Baneshwor, Kathmandu","MILAN CHOWK # 10, Mid Baneshwor, Kathmandu",Kathmandu,5800000,0,0,0.0,0,West,2074.0,822,4701 Sq. Feet,20 Feet / Blacktopped,20 Feet , Blacktopped,N/A Sq. Feet,9 months ago,[],1,20.0,4701.0,,Medium
"MODERN HOUSE ON SALE!! : House For Sale In Jorpati, Kathmandu","Jambu Danda, Jorpati, Kathmandu",Kathmandu,21500000,4,3,3.0,1,East,2074.0,547,2700 Sq. Feet,12 Feet / Blacktopped,12 Feet , Blacktopped,2700 Sq. Feet,9 months ago,"['Lawn', 'Frontyard', 'Garden', 'Modular Kitchen', 'TV Cable', 'Wifi', 'Drainage', 'Water Supply', 'Solar Water', 'Water Tank', 'Kids Playground']",1,12.0,2700.0,2700.0,High
"House For Sale In Joranku, Kathmandu","jarankhu kapresthali, Joranku, Kathmandu",Kathmandu,15900000,5,3,3.0,0,West,2075.0,403,0-3-0-0 Aana,8 Feet / Soil Stabilized,8 Feet , Soil Stabilized,0-2-4-6 Aana,9 months ago,"['Backyard', 'Frontyard', 'Balcony', 'Wifi', 'TV Cable', 'Water Supply']",0,8.0,1026.75,1155.09375,High
"Apartment For Rent : Apartment For Rent In Dhapasi, Kathmandu","12 D Uranus Tower, Dhapasi, Kathmandu",Kathmandu,60000,3,2,12.0,1,South West,2074.0,600,1481 Sq. Feet,0 Feet / Blacktopped,0 Feet , Blacktopped,N/A Aana,9 months ago,"['Balcony', 'Gym', 'Garden', 'Drainage', 'Water Supply', 'Modular Kitchen', 'Lawn', 'Swimming Pool', 'TV Cable']",1,0.0,1481.0,,Low
"House For Rent In Baluwatar, Kathmandu","Baluwatar, Baluwatar, Kathmandu",Kathmandu,110000,3,3,3.0,0,East,2074.0,652,6 Aana,12 Feet / Blacktopped,12 Feet , Blacktopped,N/A Sq. Feet,9 months ago,[],1,12.0,2053.5,,Low
"Attractive Land For Sale : Land For Sale In Ratnanagar, Chitwan","Rathnanagar -2, Tandi, Ratnanagar, Chitwan",Chitwan,350000,0,0,3.0,0,East,2074.0,350,455.97 Sq. Meter,8 Meter / Gravelled,8 Meter , Gravelled,N/A Aana,9 months ago,[],1,26.24672,4908.015483,,Low
"Land For Sale In Tokha, Kathmandu","Sangla, Tokha, Kathmandu",Kathmandu,1650000,0,0,3.0,0,South,2074.0,426,0-4-5-0 Aana,10 Feet / Soil Stabilized,10 Feet , Soil Stabilized,N/A Sq. Feet,9 months ago,[],1,10.0,1796.8125,,Medium
"House For Sale In Basundhara, Kathmandu","Basundhara, Basundhara, Kathmandu",Kathmandu,23500000,0,0,3.0,0,East,2074.0,448,0-3-1-0 Aana,15 Feet / Blacktopped,15 Feet , Blacktopped,N/A Sq. Feet,9 months ago,"['TV Cable', 'Wifi', 'Drainage', 'Water Supply', 'Water Tank']",1,15.0,1112.3125,,High
"Land For Sale In Goldhunga, Kathmandu","Goldhunga, Goldhunga, Kathmandu",Kathmandu,1000000,0,0,3.0,0,North,2074.0,502,0-2-2-0 Aana,15 Feet / Soil Stabilized,15 Feet , Soil Stabilized,N/A Sq. Feet,9 months ago,[],1,15.0,855.625,,Low
"House For Sale In Sukedhara, Kathmandu","Sukedhara Chowk, Sukedhara, Kathmandu",Kathmandu,42000000,0,0,2.5,0,North,2074.0,318,4 Aana,20 Feet / Blacktopped,20 Feet , Blacktopped,N/A Sq. Feet,9 months ago,[],1,20.0,1369.0,,Premium
"House For Sale In Bhaktapur, Bhaktapur","Bhaktapur, Bhaktapur, Bhaktapur",Bhaktapur,14000000,0,0,3.0,0,West,2074.0,589,0-4-5-0 Sq. Feet,13 Feet / Gravelled,13 Feet , Gravelled,N/A Sq. Feet,9 months ago,[],1,13.0,1796.8125,,High
"Business For Sale In Boudha, Kathmandu","Opp. to Boudha Gate, Boudha, Kathmandu",Kathmandu,6500000,0,0,3.0,0,North,2074.0,291,1000 Sq. Feet,20 Feet / Blacktopped,20 Feet , Blacktopped,N/A Sq. Feet,9 months ago,[],1,20.0,1000.0,,Medium
"Business For Sale In Putalisadak, Kathmandu","Opp. to Nepal Investment Bank, Putalisadak, Kathmandu",Kathmandu,1800000,0,0,3.0,0,West,2074.0,240,700 Sq. Feet,15 Feet / Blacktopped,15 Feet , Blacktopped,N/A Sq. Feet,9 months ago,[],1,15.0,700.0,,Medium
"Business For Sale In Chabahil, Kathmandu","Opp. to Gopi Krishna Hall, Chabahil, Kathmandu",Kathmandu,2000000,0,0,3.0,0,West,2074.0,228,1000 Sq. Feet,15 Feet / Blacktopped,15 Feet , Blacktopped,N/A Sq. Feet,9 months ago,[],1,15.0,1000.0,,Medium
"Business For Sale In Sundhara, Kathmandu","Civil Mall, 4th floor, Sundhara, Kathmandu",Kathmandu,2000000,0,0,3.0,0,North,2074.0,199,500 Sq. Feet,20 Feet / Blacktopped,20 Feet , Blacktopped,N/A Sq. Feet,9 months ago,[],1,20.0,500.0,,Medium
"Business For Sale In Satdobato, Lalitpur","Dholahiti Chowk, Satdobato, Lalitpur",Lalitpur,9000000,0,0,3.0,0,North,2074.0,185,3000 Sq. Feet,20 Feet / Blacktopped,20 Feet , Blacktopped,N/A Sq. Feet,9 months ago,[],1,20.0,3000.0,,High
"Business For Sale In Jorpati, Kathmandu","Nearby Krishi Bikash Bank, Jorpati, Kathmandu",Kathmandu,900000,0,0,3.0,0,North,2074.0,246,500 Sq. Feet,15 Feet / Gravelled,15 Feet , Gravelled,N/A Sq. Feet,9 months ago,[],1,15.0,500.0,,Low
"Business For Sale In Newroad, Kathmandu","Park Plazza 1st floor shop no-A11, Newroad, Kathmandu",Kathmandu,550000,0,0,3.0,0,West,2074.0,274,400 Sq. Feet,15 Feet / Blacktopped,15 Feet , Blacktopped,N/A Sq. Feet,9 months ago,[],1,15.0,400.0,,Low
"Land For Sale In Kirtipur, Kirtipur","Nearby, Rarahill School, Kirtipur, Kathmandu",Kathmandu,2000000,0,0,3.0,0,West,2074.0,396,5 Aana,12 Feet / Gravelled,12 Feet , Gravelled,N/A Sq. Feet,9 months ago,[],1,12.0,1711.25,,Medium
"House For Sale In Gurujudhara, Kathmandu","Gurujudhara, Gurujudhara, Kathmandu",Kathmandu,8500000,2,1,1.0,0,West,2074.0,542,0-3-1-0 Aana,10 Feet / Gravelled,10 Feet , Gravelled,N/A Sq. Feet,9 months ago,"['TV Cable', 'Drainage', 'Water Supply', 'Water Tank']",1,10.0,1112.3125,,High
"Land For Sale In Dharan, Dharan","Nearby, Shyam Chowk, Dharan, Dharan",Dharan,330000,0,0,3.0,0,East,2074.0,523,1 Kattha,20 Feet / Gravelled,20 Feet , Gravelled,N/A Sq. Feet,9 months ago,[],1,20.0,3645.0,,Low
"Land For Sale In Bafal, Kathmandu","Opposite from Makalu petrol pump, Bafal, Kathmandu",Kathmandu,3500000,0,0,3.0,0,South,2074.0,412,0-2-5-0 Aana,18 Feet / Gravelled,18 Feet , Gravelled,N/A Sq. Feet,9 months ago,[],1,18.0,1112.3125,,Medium
"Land For Sale In Pokhara, Pokhara","Chautha majari patan, Pokhara, Pokhara",Pokhara,175000,0,0,3.0,0,West,2074.0,470,30*30 Haat,15 Feet / Gravelled,15 Feet , Gravelled,N/A Sq. Feet,9 months ago,[],1,15.0,2025.0,,Low
"Land For Sale In Madhyapur Thimi, Bhaktapur","Nearby, Chardobato, Madhyapur Thimi, Bhaktapur",Bhaktapur,4100000,0,0,3.0,0,South,2074.0,301,0-3-1-3 Aana,36 Feet / Blacktopped,36 Feet , Blacktopped,N/A Sq. Feet,9 months ago,[],1,36.0,1176.484375,,Medium
"House For Sale In Bharatpur, Chitwan","Naurangey, Bharatpur, Chitwan",Chitwan,13500000,3,3,3.0,3,South,2074.0,459,10 Dhur,6 Meter / Blacktopped,6 Meter , Blacktopped,N/A Sq. Feet,9 months ago,"['Balcony', 'TV Cable', 'Drainage', 'Water Supply', 'Water Tank']",1,19.68504,1822.5,,High
"House For Sale In Sanepa, Lalitpur","Sanepa, Sanepa, Lalitpur",Lalitpur,150000000,10,10,4.5,0,South,2074.0,3.2K,17 Aana,20 Feet / Blacktopped,20 Feet , Blacktopped,N/A Sq. Feet,9 months ago,"['Balcony', 'Garden', 'TV Cable', 'Wifi', 'Drainage', 'Water Supply', 'Solar Water', 'Water Tank', 'Water Well']",1,20.0,5818.25,,Premium
"House For Sale In Dhapasi, Kathmandu","Dhapasi, Dhapasi, Kathmandu",Kathmandu,12500000,0,0,3.0,0,East,2074.0,1.6K,0-2-5-0 Aana,13 Feet / Soil Stabilized,13 Feet , Soil Stabilized,N/A Sq. Feet,9 months ago,[],1,13.0,1112.3125,,High
"Land For Sale In Dhapasi, Kathmandu","Dhapasi Height, Dhapasi, Kathmandu",Kathmandu,2700000,0,0,3.0,0,East,2074.0,402,5 Aana,13 Feet / Gravelled,13 Feet , Gravelled,N/A Aana,9 months ago,[],1,13.0,1711.25,,Medium
"Land For Sale In Jorpati, Kathmandu","Thali, Jorpati, Kathmandu",Kathmandu,675000,0,0,3.0,0,West,2074.0,561,0-5-3-0 Aana,10 Feet / Soil Stabilized,10 Feet , Soil Stabilized,N/A Sq. Feet,9 months ago,[],1,10.0,1967.9375,,Low
"House For Sale In Baluwatar, Kathmandu","Baluwatar, Baluwatar, Kathmandu",Kathmandu,46000000,0,0,3.0,0,South West,2074.0,899,8 Aana,13 Feet / Blacktopped,13 Feet , Blacktopped,N/A Aana,9 months ago,"['Balcony', 'TV Cable', 'Wifi', 'Drainage', 'Water Supply', 'Solar Water', 'Water Tank']",1,13.0,2738.0,,Premium
"Nepal Medicity Hospital Agadi 200 Mitar Vitra : House For Sale In Nakkhu, Lalitpur","Nepal medicity hospital near, Nakkhu, Lalitpur",Lalitpur,33000000,0,0,3.0,2,North,2016.0,339,0-5-1-0 Aana,13 Feet / Soil Stabilized,13 Feet , Soil Stabilized,2300 Aana,9 months ago,"['Garage', 'Water Supply', 'Solar Water']",0,13.0,1796.8125,787175.0,Premium
"Land For Sale In Dhobighat, Lalitpur","Nearby, JCB Karkhana, Dhobighat, Lalitpur",Lalitpur,3200000,0,0,3.0,0,East,2074.0,13.1K,21 Aana,12 Feet / Blacktopped,12 Feet , Blacktopped,N/A Aana,9 months ago,[],1,12.0,7187.25,,Medium
"Kalanki Srijanachowk Jagga Tu Bikrima. : Land For Sale In Chandragiri, Kathmandu","Srijana Chowk, Daha Chowk, Chandragiri, Kathmandu",Kathmandu,1900000,0,0,0.0,0,South West,2074.0,500,4 Aana,16 Feet / Blacktopped,16 Feet , Blacktopped,N/A Aana,9 months ago,[],1,16.0,1369.0,,Medium
"House : House For Sale In Kavresthali, Kathmandu","Kavresthali, Balaju, Kavresthali, Kathmandu",Kathmandu,19000000,6,3,3.0,1,North East,2018.0,327,3.2 Aana,0 Feet,0 Feet,Unknown,792 Sq. Feet,9 months ago,"['Backyard', 'Balcony', 'Fencing', 'Drainage', 'Water Supply', 'Modular Kitchen', 'Water Well', 'Water Tank', 'Solar Water', 'Washing Machine']",0,0.0,1095.2,792.0,High
"HOUSE FOR RENT : House For Rent In Godawari, Lalitpur","Godawari, Godawari, Lalitpur",Lalitpur,175000,4,3,2.0,1,East,2046.0,541,15000 Sq. Feet,15 Feet / Concrete,15 Feet , Concrete,3300 Sq. Feet,9 months ago,"['Lawn', 'Garage', 'Backyard', 'Balcony', 'Fencing', 'Frontyard', 'Garden', 'Drainage', 'Water Supply', 'Solar Water', 'Water Tank']",0,15.0,15000.0,3300.0,Low
"Ghaderi Jagga : Land For Sale In Sipadol, Bhaktapur","10, Sipadol, Bhaktapur",Bhaktapur,15,0,0,3.0,0,East,2074.0,465,4 Aana,8 Feet / Blacktopped,8 Feet , Blacktopped,4 Aana,9 months ago,[],1,8.0,1369.0,1369.0,Low
"BUDANILKANTHA HOMES : House For Sale In Budhanilkantha, Kathmandu","NA, Budhanilkantha, Kathmandu",Kathmandu,30500000,4,4,3.0,2,North East,2019.0,740,5 Aana,15 Feet / Blacktopped,15 Feet , Blacktopped,N/A Sq. Feet,9 months ago,"['Modular Kitchen', 'Water Supply', 'Drainage', 'Wifi', 'Garage', 'Lawn', 'Balcony', 'Microwave']",0,15.0,1711.25,,Premium
"Land : Land For Sale In Lamatar, Lalitpur","Nearby Sirutar, Lamatar, Lalitpur",Lalitpur,1250000,0,0,3.0,0,East,2074.0,253,6.5 Aana,13 Feet / Gravelled,13 Feet , Gravelled,N/A Aana,9 months ago,[],1,13.0,2224.625,,Low
"Modern House For Sale In Hetauda : House For Sale In Hetauda, Makwanpur","Gardoi, Hetauda, Makwanpur",Makwanpur,15000000,4,3,3.0,1,South,2018.0,439,9 Dhur,6 Meter / Gravelled,6 Meter , Gravelled,4.5 Dhur,9 months ago,"['Backyard', 'Balcony']",0,19.68504,1640.25,820.125,High
"House For Sale In Sukedhara, Kathmandu","New colony, Sukedhara, Kathmandu",Kathmandu,21000000,6,3,2.0,2,North,2072.0,288,3 Aana,14 Feet / Blacktopped,14 Feet , Blacktopped,90.00 Sq. Feet,9 months ago,"['Balcony', 'Water Well', 'TV Cable', 'Wifi']",0,14.0,1026.75,90.0,High
"Land Sale At Lalitpur Kusunti.Ringroad : Land For Sale In Kusunti, Lalitpur","Nearby Ringroad, Kusunti, Lalitpur",Lalitpur,6000000,0,0,3.0,0,East,2074.0,193,11 Aana,26 Feet,26 Feet,Unknown,N/A Aana,9 months ago,[],1,26.0,3764.75,,Medium
"Tikathaliko Ghar Bikrima : House For Sale In Tikathali, Lalitpur","Tikathali, Tikathali, Lalitpur",Lalitpur,22500000,6,3,3.0,1,East,2076.0,344,0-3-2-0 Ropani,12 Feet / Blacktopped,12 Feet , Blacktopped,2100 Ropani,9 months ago,['Water Supply'],0,12.0,1197.875,11499600.0,High
"HOUSE FOR SALE IN CHITWAN : House For Sale In Bharatpur, Chitwan","bharattpur-2 aaptari near samata school, Bharatpur, Chitwan",Chitwan,23000000,11,6,3.0,3,North,2019.0,362,10 Dhur,20 Feet / Blacktopped,20 Feet , Blacktopped,10 Dhur,9 months ago,"['Garage', 'Balcony', 'Fencing', 'Wifi', 'Water Supply', 'TV Cable', 'Water Tank']",0,20.0,1822.5,1822.5,High
"Land For Sale In Butwal, Butwal","Jogikuti Chowk, Butwal, Butwal",Butwal,300000,0,0,3.0,0,East,2074.0,5.5K,10 Dhur,12 Feet / Blacktopped,12 Feet , Blacktopped,N/A Dhur,9 months ago,[],1,12.0,1822.5,,Low
"Land For Sale In Madhyapur Thimi, Bhaktapur","opposite to TB Hospital., Madhyapur Thimi, Bhaktapur",Bhaktapur,3200000,0,0,3.0,0,West,2074.0,384,6 Aana,13 Feet / Blacktopped,13 Feet , Blacktopped,N/A Sq. Feet,9 months ago,[],1,13.0,2053.5,,Medium
"Land For Sale In Budhanilkantha, Kathmandu","Hepali Height, Budhanilkantha, Kathmandu",Kathmandu,2200000,0,0,3.0,0,East,2074.0,324,9 Aana,15 Feet / Soil Stabilized,15 Feet , Soil Stabilized,N/A Sq. Feet,9 months ago,[],1,15.0,3080.25,,Medium
"House For Sale In Lazimpat, Kathmandu","Khursanitar, Lazimpat, Kathmandu",Kathmandu,55000000,10,5,3.0,5,South,2074.0,472,8 Aana,15 Feet / Gravelled,15 Feet , Gravelled,N/A Sq. Feet,9 months ago,"['Balcony', 'TV Cable', 'Wifi', 'Drainage', 'Water Supply', 'Solar Water', 'Water Tank']",1,15.0,2738.0,,Premium
"Land For Sale In Budhanilkantha, Kathmandu","Dauba Chowk, Budhanilkantha, Kathmandu",Kathmandu,2550000,0,0,3.0,0,West,2074.0,392,11 Aana,13 Feet / Gravelled,13 Feet , Gravelled,N/A Sq. Feet,9 months ago,[],1,13.0,3764.75,,Medium
"House For Sale In Sukedhara, Kathmandu","Sukedhara, Sukedhara, Kathmandu",Kathmandu,40000000,5,4,2.5,0,South,2074.0,449,6 Aana,15 Feet / Gravelled,15 Feet , Gravelled,N/A Sq. Feet,9 months ago,"['Balcony', 'Modular Kitchen', 'TV Cable', 'Wifi', 'Drainage', 'Water Supply', 'Solar Water', 'Water Tank']",1,15.0,2053.5,,Premium
"Land For Sale In Budhanilkantha, Kathmandu","Budhanilkantha, Budhanilkantha, Kathmandu",Kathmandu,2600000,0,0,3.0,0,North,2074.0,285,14 Aana,13 Feet / Soil Stabilized,13 Feet , Soil Stabilized,N/A Sq. Feet,9 months ago,[],1,13.0,4791.5,,Medium
"3 Aana Land At Dhapakhel, Lalitpur : Land For Sale In Dhapakhel, Lalitpur","Dhapakhel, Dhapakhel, Lalitpur",Lalitpur,2350000,0,0,0.0,0,South,2074.0,422,0-3-0-0 Aana,13 Feet / Blacktopped,13 Feet , Blacktopped,N/A Aana,9 months ago,[],1,13.0,1026.75,,Medium
"Kapan House For Sale.. : House For Sale In Kapan, Kathmandu","Kapan, Budanilkantha-11, Kapan, Kathmandu",Kathmandu,10600000,2,1,1.0,1,South,2074.0,783,3 Aana,10 Feet,10 Feet,Unknown,3 Aana,9 months ago,"['Garage', 'Wifi', 'Drainage', 'Water Supply', 'Water Tank', 'Water Well']",1,10.0,1026.75,1026.75,High
"Business For Rent In Baneshwor, Kathmandu","New Baneshwor, Baneshwor, Kathmandu",Kathmandu,35000,0,0,3.0,0,East,2074.0,329,3 Aana,0 Feet,0 Feet,Unknown,N/A Aana,9 months ago,[],1,0.0,1026.75,,Low
"LAND ON RENT : Land For Rent In Pepsicola, Kathmandu","PEPSICOLA, Pepsicola, Kathmandu",Kathmandu,38000,0,0,3.0,0,East,2074.0,1.1K,14 Aana,20 Feet,20 Feet,Unknown,N/A Aana,9 months ago,[],1,20.0,4791.5,,Low
"Land For Sale In Fikal, Illam","Fikal, Fikal, Illam",Illam,1850000,0,0,0.0,0,South,2074.0,206,0-4-2-1 Ropani,16 Feet / Blacktopped,16 Feet , Blacktopped,N/A Sq. Feet,10 months ago,[],1,16.0,1561.515625,,Medium
"Land Sale At Nawalparasi : Land For Sale In Kawasoti, Nawalparasi","Shiva Mandir, Kawasoti, Nawalparasi",Nawalparasi,2000000,0,0,3.0,0,North,2074.0,508,6 Kattha,6 Meter / Gravelled,6 Meter , Gravelled,N/A Kattha,9 months ago,[],1,19.68504,21870.0,,Medium
"भैंसेपाटी नक्खुमा Modern Bungalow बिक्रिमा !! 190 Lakh (Negotiable ) : House For Sale In Bhaisepati, Lalitpur","Nakkhu Near Medicty Hospital, Bhaisepati, Lalitpur",Lalitpur,19000000,4,5,3.0,1,East,2019.0,2.9K,1900 Sq. Feet,15 Feet / Gravelled,15 Feet , Gravelled,3 Aana,9 months ago,"['Garage', 'Drainage', 'Frontyard', 'Balcony', 'Gym', 'Water Supply', 'Modular Kitchen', 'Fencing']",0,15.0,1900.0,1026.75,High
"Land For Sale In Dhapakhel, Lalitpur","Nagdaha, Dhapakhel, Lalitpur",Lalitpur,1500000,0,0,3.0,0,South,2074.0,488,4 Sq. Feet,12 Feet,12 Feet,Unknown,N/A Sq. Feet,10 months ago,[],1,12.0,4.0,,Medium
"Land For Sale In Budhanilkantha, Kathmandu","Chunikhel, Budhanilkantha, Kathmandu",Kathmandu,2200000,0,0,3.0,0,West,2074.0,264,24 Aana,14 Feet,14 Feet,Unknown,N/A Sq. Feet,10 months ago,[],1,14.0,8214.0,,Medium
"House For Sale In Panipokhari, Kathmandu","Panipokhari, Panipokhari, Kathmandu",Kathmandu,55000000,0,0,3.0,2,West,2074.0,372,8 Sq. Feet,13 Feet,13 Feet,Unknown,N/A Sq. Feet,10 months ago,"['Balcony', 'TV Cable', 'Drainage', 'Water Supply', 'Water Tank']",1,13.0,8.0,,Premium
"Land For Sale In Durbar Marg, Kathmandu","Durbar Marg, Durbar Marg, Kathmandu",Kathmandu,20000000,0,0,3.0,0,South,2074.0,379,14 Aana,20 Feet,20 Feet,Unknown,N/A Aana,10 months ago,[],1,20.0,4791.5,,High
"Land For Sale In Budhanilkantha, Kathmandu","Budhanilkantha, Budhanilkantha, Kathmandu",Kathmandu,2250000,0,0,3.0,0,South,2074.0,369,18 Aana,16 Feet,16 Feet,Unknown,N/A Aana,10 months ago,[],1,16.0,6160.5,,Medium
"Land For Sale In Bhaisepati, Lalitpur","Fulbari Marg, Bhaisepati, Lalitpur",Lalitpur,2600000,0,0,3.0,0,South,2074.0,382,0-5-3-1 Aana,13 Feet,13 Feet,Unknown,N/A Sq. Feet,10 months ago,[],1,13.0,1989.328125,,Medium
"House For Sale In Sanepa, Lalitpur","Sanepa, Sanepa, Lalitpur",Lalitpur,150000000,0,0,5.0,0,South,2074.0,810,17 Aana,20 Feet,20 Feet,Unknown,N/A Sq. Feet,10 months ago,"['Balcony', 'TV Cable', 'Drainage', 'Water Supply', 'Water Tank']",1,20.0,5818.25,,Premium
"Land For Sale In Dharan, Dharan","Nearby, Fusre Camp, Dharan, Dharan",Dharan,490000,0,0,3.0,0,West,2074.0,1K,1 Kattha,30 Feet / Blacktopped,30 Feet , Blacktopped,N/A Sq. Feet,10 months ago,[],1,30.0,3645.0,,Low
"Land For Sale In Duwakot, Bhaktapur","Duwakot, Duwakot, Bhaktapur",Bhaktapur,1450000,0,0,0.0,0,South,2074.0,249,0-4-3-0 Ropani,12 Feet / Soil Stabilized,12 Feet , Soil Stabilized,N/A Sq. Feet,10 months ago,[],1,12.0,1625.6875,,Medium
"OFFICE SPACE FOR RENT AT DAI COMPLEX : Office Space For Rent In Guheshwori, Kathmandu","Panchakanya Margh, Guheshwori, Kathmandu",Kathmandu,100,0,0,6.0,1,West,2017.0,455,75000 Sq. Feet,30 Feet / Paved,30 Feet , Paved,42000 Sq. Feet,10 months ago,"['Deck', 'Wifi', 'Drainage', 'Fencing', 'Water Supply', 'Air Condition']",0,30.0,75000.0,42000.0,Low
"House For Sale In Basundhara, Kathmandu","Basundhara, Basundhara, Kathmandu",Kathmandu,39000000,5,2,3.0,0,South,2074.0,302,5 Aana,14 Feet,14 Feet,Unknown,N/A Sq. Feet,10 months ago,"['Balcony', 'TV Cable', 'Drainage', 'Water Supply', 'Water Tank']",1,14.0,1711.25,,Premium
"House For Sale In Budhanilkantha, Kathmandu","Budhanilkantha, Budhanilkantha, Kathmandu",Kathmandu,39000000,4,4,2.0,3,South,2074.0,646,10 Aana,13 Feet,13 Feet,Unknown,N/A Sq. Feet,10 months ago,"['Balcony', 'Garden', 'Modular Kitchen', 'TV Cable', 'Drainage', 'Water Supply', 'Water Tank']",1,13.0,3422.5,,Premium
"Land For Sale In Tripureshwor, Kathmandu","Baidhya Chowk, Tripureshwor, Kathmandu",Kathmandu,4700000,0,0,3.0,0,South,2074.0,319,11 Aana,12 Feet,12 Feet,Unknown,N/A Sq. Feet,10 months ago,[],1,12.0,3764.75,,Medium
"Apartment For Rent In Lazimpat, Kathmandu","Lazimpat, Lazimpat, Kathmandu",Kathmandu,110000,3,3,3.0,0,South East,2074.0,860,1200 Sq. Feet,20 Feet,20 Feet,Unknown,N/A Sq. Feet,10 months ago,"['Modular Kitchen', 'TV Cable', 'Drainage', 'Water Supply', 'Water Tank']",1,20.0,1200.0,,Low
"Land For Sale In Hattigauda, Kathmandu","Hattigauda, Hattigauda, Kathmandu",Kathmandu,2800000,0,0,3.0,0,East,2074.0,352,4 Aana,15 Feet,15 Feet,Unknown,N/A Sq. Feet,10 months ago,[],1,15.0,1369.0,,Medium
"House For Sale In Budhanilkantha, Kathmandu","Taulung, Budhanilkantha, Kathmandu",Kathmandu,26000000,0,0,3.0,0,North East,2074.0,535,0-6-1-2 Aana,16 Feet,16 Feet,Unknown,N/A Sq. Feet,10 months ago,"['Balcony', 'TV Cable', 'Drainage', 'Water Supply', 'Water Tank']",1,16.0,2181.84375,,High
"Land For Sale In Changunarayan, Bhaktapur","Bageshwori, Changunarayan, Bhaktapur",Bhaktapur,725000,0,0,3.0,0,East,2074.0,332,14 Aana,13 Feet,13 Feet,Unknown,N/A Sq. Feet,10 months ago,[],1,13.0,4791.5,,Low
"Apartment For Rent In Jhamsikhel, Lalitpur","Jhamsikhel, Jhamsikhel, Lalitpur",Lalitpur,180000,2,2,3.0,0,East,2074.0,488,1200 Sq. Feet,13 Feet,13 Feet,Unknown,N/A Sq. Feet,10 months ago,"['Air Condition', 'Balcony', 'Modular Kitchen', 'TV Cable', 'Wifi', 'Drainage', 'Water Supply']",1,13.0,1200.0,,Low
"Dhapakhel House On Rent : House For Rent In Dhapakhel, Lalitpur","Dhapkhel, Dhapakhel, Lalitpur",Lalitpur,125000,6,4,3.0,2,South,2016.0,437,3080 Sq. Feet,20 Feet / Blacktopped,20 Feet , Blacktopped,N/A Aana,10 months ago,"['Garage', 'Backyard', 'Lawn', 'Frontyard', 'Balcony', 'Garden', 'Microwave', 'Wifi', 'Drainage', 'Water Supply', 'Modular Kitchen', 'TV Cable', 'Solar Water', 'Water Tank']",0,20.0,3080.0,,Low
"House For Sale In Boudha, Kathmandu","Ramhiti, Boudha, Kathmandu",Kathmandu,33000000,0,0,4.0,0,East,2074.0,360,7 Aana,20 Feet,20 Feet,Unknown,N/A Sq. Feet,10 months ago,"['Balcony', 'TV Cable', 'Drainage', 'Water Supply', 'Water Tank']",1,20.0,2395.75,,Premium
"Land Sale On Gongabu, Tokha : Land For Sale In Tokha, Kathmandu","Gongabu Tokha, Tokha, Kathmandu",Kathmandu,2100000,0,0,3.0,0,East,2074.0,354,0-5-3-1 Aana,0 Feet,0 Feet,Unknown,N/A Aana,10 months ago,[],1,0.0,1989.328125,,Medium
"House For Rent In Kupondole, Lalitpur","Kupondole, Kupondole, Lalitpur",Lalitpur,170000,0,0,3.0,0,East,2074.0,409,8 Aana,13 Feet,13 Feet,Unknown,N/A Sq. Feet,10 months ago,"['Balcony', 'Wifi', 'Drainage', 'Water Supply', 'Water Tank']",1,13.0,2738.0,,Low
"House For Rent In Baluwatar, Kathmandu","Baluwatar, Baluwatar, Kathmandu",Kathmandu,160000,7,5,3.0,5,South,2074.0,406,8 Aana,13 Feet,13 Feet,Unknown,N/A Sq. Feet,10 months ago,"['Balcony', 'TV Cable', 'Drainage', 'Water Supply', 'Water Tank']",1,13.0,2738.0,,Low
"House For Sale In Bhangal, Kathmandu","Bhangal, Bhangal, Kathmandu",Kathmandu,24500000,0,0,3.0,0,South East,2074.0,782,4 Aana,14 Feet,14 Feet,Unknown,N/A Sq. Feet,10 months ago,"['Balcony', 'Modular Kitchen', 'TV Cable', 'Drainage', 'Water Supply', 'Water Tank']",1,14.0,1369.0,,High
"House For Sale In Hattigauda, Kathmandu","Hattigauda, Hattigauda, Kathmandu",Kathmandu,61500000,0,0,3.0,0,South,2074.0,1.2K,18 Aana,15 Feet,15 Feet,Unknown,N/A Sq. Feet,10 months ago,"['Balcony', 'Garden', 'TV Cable', 'Drainage', 'Water Supply', 'Water Tank']",1,15.0,6160.5,,Premium
"House For Sale In Banasthali, Kathmandu","Banasthali, Banasthali, Kathmandu",Kathmandu,70000000,4,5,3.0,0,South,2074.0,345,10 Aana,12 Feet,12 Feet,Unknown,3700 Sq. Feet,10 months ago,"['Balcony', 'Garden', 'Modular Kitchen', 'TV Cable', 'Wifi', 'Drainage', 'Water Supply', 'Water Tank']",1,12.0,3422.5,3700.0,Premium
"House For Rent In Tripureshwor, Kathmandu","Tripureshwor, Tripureshwor, Kathmandu",Kathmandu,1000000,0,0,5.0,0,North,2074.0,296,8 Aana,20 Feet,20 Feet,Unknown,14582 Sq. Feet,10 months ago,"['Wifi', 'Drainage', 'Water Supply']",1,20.0,2738.0,14582.0,Low
"Land For Sale In Kupondole, Lalitpur","Nearby Nightingle School, Kupondole, Lalitpur",Lalitpur,70000000,9,4,4.0,0,South West,2074.0,423,1-1-2-0 Ropani,9 Feet,9 Feet,Unknown,N/A Sq. Feet,10 months ago,"['Balcony', 'Garden', 'Wifi', 'Drainage', 'Water Supply', 'Water Tank']",1,9.0,5989.375,,Premium
"House For Sale In Panauti, Kavre","Panauti, Panauti, Kavre",Kavre,9000000,7,3,3.0,0,East,2074.0,314,3 Aana,24 Feet,24 Feet,Unknown,2200 Sq. Feet,10 months ago,"['Balcony', 'TV Cable', 'Drainage', 'Water Supply', 'Water Tank']",1,24.0,1026.75,2200.0,High
"House For Rent In Gongabu, Kathmandu","Gongabu, Gongabu, Kathmandu",Kathmandu,130000,9,3,3.0,0,North,2074.0,455,8 Sq. Feet,12 Feet,12 Feet,Unknown,N/A Sq. Feet,10 months ago,"['TV Cable', 'Drainage', 'Water Supply', 'Water Tank', 'Water Well']",1,12.0,8.0,,Low
"Land On Sell At Sallaghari : Land For Sale In Sallaghari, Bhaktapur","Katunje, Sallaghari, Bhaktapur",Bhaktapur,1200000,0,0,3.0,0,North East,2074.0,433,0-6-0-0 Aana,0 Feet / Soil Stabilized,0 Feet , Soil Stabilized,N/A Aana,10 months ago,[],1,0.0,2053.5,,Low
"LAND ON SALE : Land For Sale In Mahankal, Kathmandu","Budhanilkantha, Mahankal, Kathmandu",Kathmandu,1950000,0,0,3.0,0,South,2074.0,286,0-4-0-0 Ropani,15 Feet,15 Feet,Unknown,N/A Aana,10 months ago,[],1,15.0,1369.0,,Medium
"Fully Furnished Apartment : Apartment For Rent In Kuleshwor, Kathmandu","Test address, Kuleshwor, Kathmandu",Kathmandu,30000,2,1,5.0,1,South,2064.0,790,850 Sq. Feet,20 Feet / Blacktopped,20 Feet , Blacktopped,850 Sq. Feet,10 months ago,"['Solar Water', 'TV Cable', 'Drainage', 'Frontyard', 'Garage', 'Garden', 'Water Well', 'Water Supply', 'Balcony', 'Deck', 'Wifi', 'Water Tank', 'Modular Kitchen', 'Fencing', 'Lawn', 'Backyard']",0,20.0,850.0,850.0,Low
"House At Sell : House For Sale In Budhanilkantha, Kathmandu","024, Budhanilkantha, Kathmandu",Kathmandu,35000000,5,4,3.0,5,East,2076.0,257,2845 Sq. Feet,12 Feet / Blacktopped,12 Feet , Blacktopped,3420 Sq. Feet,10 months ago,"['Backyard', 'Balcony', 'Deck', 'Modular Kitchen', 'TV Cable', 'Wifi', 'Drainage', 'Water Supply']",0,12.0,2845.0,3420.0,Premium
"Land Sale : Land For Sale In Madhyapur Thimi, Bhaktapur","madhyapur thimi, Madhyapur Thimi, Bhaktapur",Bhaktapur,2200000,0,0,3.0,0,South West,2074.0,390,04 Aana,13 Feet / Gravelled,13 Feet , Gravelled,N/A Aana,10 months ago,[],1,13.0,1369.0,,Medium
"House For Rent : House For Rent In Baluwatar, Kathmandu","Gayanpunj marg, Baluwatar, Kathmandu",Kathmandu,300000,6,3,3.0,8,East,2074.0,374,1 Ropani,12 Feet / Blacktopped,12 Feet , Blacktopped,3600 Sq. Feet,10 months ago,"['Garage', 'Balcony', 'Frontyard', 'Garden', 'Water Supply', 'TV Cable', 'Solar Water', 'Water Well', 'Water Tank', 'Modular Kitchen', 'Drainage']",1,12.0,5476.0,3600.0,Low
"Land For Sale In Baniyatar, Kathmandu","Nearby Dhaneshor Temple, Baniyatar, Kathmandu",Kathmandu,2500000,0,0,0.0,0,East,2074.0,295,0-3-0 Ropani,10 Feet / Gravelled,10 Feet , Gravelled,N/A Sq. Feet,10 months ago,[],1,10.0,1026.75,,Medium
"Banasthali Home On Sale : House For Sale In Banasthali, Kathmandu","Banasthali, Banasthali, Kathmandu",Kathmandu,25000000,6,0,3.0,1,North East,2018.0,483,4 Aana,16 Feet / Gravelled,16 Feet , Gravelled,2250 Sq. Feet,10 months ago,"['Garage', 'Backyard', 'Balcony', 'Garden', 'Microwave', 'Water Supply', 'Modular Kitchen', 'Water Well', 'Water Tank', 'Solar Water']",0,16.0,1369.0,2250.0,High
"House For Sale In Tikathali, Lalitpur","Test address, Tikathali, Lalitpur",Lalitpur,16000000,0,0,0.0,1,North,2074.0,331,0-3-0-0 Sq. Feet,13 Feet / Gravelled,13 Feet , Gravelled,0-2-2-0 Sq. Feet,10 months ago,[],1,13.0,1026.75,855.625,High
"Flat Vada/ Flat Rent : Apartment For Rent In Kausaltar, Bhaktapur","Tersatar, Kausaltar, Bhaktapur",Bhaktapur,16000,1,1,3.0,0,East,2074.0,1K,20 Aana,20 Feet / Blacktopped,20 Feet , Blacktopped,12 Aana,10 months ago,"['Lawn', 'Frontyard', 'Garden', 'Wifi', 'Water Supply']",1,20.0,6845.0,4107.0,Low
"1 Storey House On Sale At Makalbari : House For Sale In Makalbari, Kathmandu","Makalbari, Makalbari, Kathmandu",Kathmandu,10500000,2,1,1.0,1,South West,2068.0,1.3K,3.2 Aana,12 Feet / Gravelled,12 Feet , Gravelled,750 Sq. Feet,10 months ago,"['Garage', 'Backyard', 'Deck', 'Frontyard', 'Modular Kitchen', 'TV Cable', 'Drainage', 'Water Supply', 'Water Well']",0,12.0,1095.2,750.0,High
"House At Baluwakhani, Kapan : House For Sale In Kapan, Kathmandu","Kapan Gumba, Kapan, Kathmandu",Kathmandu,12500000,3,3,3.0,0,North,2074.0,4.1K,3 Aana,10 Feet / Gravelled,10 Feet , Gravelled,700 Aana,10 months ago,"['Balcony', 'Deck', 'Fencing', 'Frontyard', 'TV Cable', 'Wifi', 'Drainage', 'Water Supply', 'Water Well']",0,10.0,1026.75,239575.0,High
"2 Rooms At Kumaripati : Office Space For Rent In Kumaripati, Lalitpur","Kumaripati, Kumaripati, Lalitpur",Lalitpur,22000,3,0,3.0,0,North,2074.0,887,500 Sq. Feet,13 Feet,13 Feet,Unknown,N/A Sq. Feet,10 months ago,[],1,13.0,500.0,,Low
"Bafal Home On Sale. : House For Sale In Bafal, Kathmandu","Bafal, Bafal, Kathmandu",Kathmandu,13500000,0,2,3.0,0,East,2074.0,582,2-2 Aana,12 Feet,12 Feet,Unknown,N/A Aana,10 months ago,[],1,12.0,11636.5,,High
"Land For Sale : Land For Sale In Godawari, Lalitpur","Godawari, Godawari, Lalitpur",Lalitpur,1250000,0,0,3.0,0,East,2074.0,406,0-8-0-0 Aana,22 Feet / Gravelled,22 Feet , Gravelled,0-8-0-0 Aana,10 months ago,[],1,22.0,2738.0,2738.0,Low
"Land For Sale In Hattigauda, Kathmandu","Hattigauda, Hattigauda, Kathmandu",Kathmandu,3000000,0,0,3.0,0,East,2074.0,351,21 Aana,13 Feet,13 Feet,Unknown,N/A Sq. Feet,10 months ago,[],1,13.0,7187.25,,Medium
"House For Sale In Budhanilkantha, Kathmandu","Budhanilkantha, Budhanilkantha, Kathmandu",Kathmandu,142500000,42,0,3.0,0,South,2074.0,331,7 Aana,22 Feet / Blacktopped,22 Feet , Blacktopped,N/A Sq. Feet,10 months ago,[],1,22.0,2395.75,,Premium
"House For Rent In Patandokha, Lalitpur","Patan Dhoka, Patandokha, Lalitpur",Lalitpur,90000,4,2,3.0,0,South East,2074.0,366,7 Aana,20 Feet,20 Feet,Unknown,2000 Sq. Feet,10 months ago,"['Balcony', 'TV Cable', 'Drainage', 'Water Supply', 'Water Tank']",1,20.0,2395.75,2000.0,Low
"House For Rent In Kuleshwor, Kathmandu","Kuleshwor, Kuleshwor, Kathmandu",Kathmandu,150000,5,4,3.0,0,South East,2074.0,254,1 Ropani,15 Feet,15 Feet,Unknown,N/A Sq. Feet,10 months ago,"['Lawn', 'Garden', 'TV Cable', 'Drainage', 'Water Supply', 'Water Tank']",1,15.0,5476.0,,Low
"Land For Sale In Godawari, Lalitpur","Godawari, Godawari, Lalitpur",Lalitpur,1200000,0,0,3.0,0,West,2074.0,402,40 Ropani,20 Feet / Blacktopped,20 Feet , Blacktopped,N/A Sq. Feet,10 months ago,[],1,20.0,219040.0,,Low
"House For Rent In Naxal, Kathmandu","Naxal, Naxal, Kathmandu",Kathmandu,250000,5,4,3.0,0,East,2074.0,395,25 Aana,13 Feet,13 Feet,Unknown,N/A Sq. Feet,10 months ago,"['Garden', 'TV Cable', 'Drainage', 'Water Supply', 'Water Tank']",1,13.0,8556.25,,Low
"House For Rent In Nakkhu, Lalitpur","Nakkhu, Nakkhu, Lalitpur",Lalitpur,40000,0,0,3.0,0,South,2074.0,497,3 Aana,13 Feet,13 Feet,Unknown,N/A Sq. Feet,10 months ago,"['Balcony', 'TV Cable', 'Drainage', 'Water Supply', 'Water Tank']",1,13.0,1026.75,,Low
"House For Rent In Bakhundol, Lalitpur","Bakhundol, Bakhundol, Lalitpur",Lalitpur,125000,0,0,3.0,0,South East,2074.0,248,7 Aana,13 Feet,13 Feet,Unknown,N/A Sq. Feet,10 months ago,"['Balcony', 'TV Cable', 'Drainage', 'Water Supply', 'Water Tank']",1,13.0,2395.75,,Low
"Land For Sale In Duwakot, Bhaktapur","Duwakot, Duwakot, Bhaktapur",Bhaktapur,900000,0,0,3.0,0,South East,2074.0,344,9 Ropani,16 Feet / Blacktopped,16 Feet , Blacktopped,N/A Sq. Feet,10 months ago,[],1,16.0,49284.0,,Low
"House For Rent In Kupondole, Lalitpur","Kupondole, Kupondole, Lalitpur",Lalitpur,100000,0,0,3.0,0,South East,2074.0,349,10 Aana,13 Feet,13 Feet,Unknown,N/A Sq. Feet,10 months ago,"['Garden', 'TV Cable', 'Drainage', 'Water Supply', 'Water Tank']",1,13.0,3422.5,,Low
"House For Rent In Baluwatar, Kathmandu","Baluwatar, Baluwatar, Kathmandu",Kathmandu,175000,0,0,3.0,0,North,2074.0,256,10 Aana,15 Feet,15 Feet,Unknown,N/A Aana,10 months ago,"['Balcony', 'Garden', 'TV Cable', 'Drainage', 'Water Supply', 'Water Tank']",1,15.0,3422.5,,Low
"House For Rent In Sanepa, Lalitpur","Sanepa, Sanepa, Lalitpur",Lalitpur,150000,0,0,3.0,0,South,2074.0,327,9 Aana,13 Feet,13 Feet,Unknown,N/A Sq. Feet,10 months ago,"['Balcony', 'TV Cable', 'Drainage', 'Water Supply', 'Water Tank']",1,13.0,3080.25,,Low
"House For Rent In Pasikot, Kathmandu","Khumti, Pasikot, Kathmandu",Kathmandu,125000,6,4,3.0,0,East,2074.0,337,17 Aana,15 Feet,15 Feet,Unknown,N/A Sq. Feet,10 months ago,"['Balcony', 'Garden', 'Modular Kitchen', 'TV Cable', 'Wifi', 'Drainage', 'Water Supply', 'Water Tank']",1,15.0,5818.25,,Low
"House For Rent In Bhaisepati, Lalitpur","Bhaisepati, Bhaisepati, Lalitpur",Lalitpur,100000,3,3,3.0,0,South East,2074.0,259,4 Aana,18 Feet,18 Feet,Unknown,N/A Sq. Feet,10 months ago,"['Balcony', 'TV Cable', 'Drainage', 'Water Supply', 'Water Tank']",1,18.0,1369.0,,Low
"Land For Sale In Chandragiri, Kathmandu","Nearby Cablecar godam Buspark, Chandragiri, Kathmandu",Kathmandu,1500000,0,0,3.0,0,East,2074.0,262,0-3-0-0 Ropani,12 Feet / Blacktopped,12 Feet , Blacktopped,N/A Sq. Feet,10 months ago,[],1,12.0,1026.75,,Medium
"House For Sale In Khumaltar, Lalitpur","Khumaltar, Khumaltar, Lalitpur",Lalitpur,19500000,6,5,3.0,0,South,2074.0,1.9K,4 Aana,14 Feet,14 Feet,Unknown,N/A Sq. Feet,10 months ago,"['Balcony', 'Garden', 'TV Cable', 'Drainage', 'Water Supply', 'Water Tank']",1,14.0,1369.0,,High
"House For Sale In Bhaisepati, Lalitpur","La pu na pa Ward no 18, Bhaisepati, Lalitpur",Lalitpur,97500000,3,0,2.0,0,East,2019.0,1.8K,24 Aana,20 Feet / Soil Stabilized,20 Feet , Soil Stabilized,4000 Aana,10 months ago,"['Lawn', 'Garage', 'Backyard', 'Frontyard', 'Modular Kitchen', 'Drainage', 'Water Tank']",0,20.0,8214.0,1369000.0,Premium
"House For Sale In Kalanki, Kathmandu","Kalanki, Kalanki, Kathmandu",Kathmandu,38000000,7,4,3.0,0,East,2074.0,451,6.1 Aana,14 Feet,14 Feet,Unknown,3400 Sq. Feet,10 months ago,"['Balcony', 'TV Cable', 'Drainage', 'Water Supply', 'Water Tank']",1,14.0,2087.725,3400.0,Premium
"House For Rent In Bhaisepati, Lalitpur","Bhaisepati, Bhaisepati, Lalitpur",Lalitpur,125000,4,6,3.0,0,South,2074.0,734,16 Aana,14 Feet,14 Feet,Unknown,N/A Sq. Feet,10 months ago,"['Balcony', 'Garden', 'TV Cable', 'Drainage', 'Water Supply', 'Water Tank']",1,14.0,5476.0,,Low
"Business For Sale In Dallu, Kathmandu","Nearby Buddha Jyoti School, Dallu, Kathmandu",Kathmandu,550000,0,0,3.0,0,West,2074.0,231,150 Sq. Feet,15 Feet / Blacktopped,15 Feet , Blacktopped,N/A Sq. Feet,10 months ago,[],1,15.0,150.0,,Low
"Land For Sale In Sankhamul, Kathmandu","Sankhamul, Sankhamul, Kathmandu",Kathmandu,4500000,0,0,3.0,0,South East,2074.0,286,4 Aana,8 Meter,8 Meter,Unknown,N/A Sq. Feet,10 months ago,[],1,26.24672,1369.0,,Medium
"House For Rent In Kalanki, Kathmandu","Kalanki, Kalanki, Kathmandu",Kathmandu,210000,0,0,5.0,3,South,2074.0,385,4 Aana,20 Feet,20 Feet,Unknown,N/A Sq. Feet,10 months ago,"['Drainage', 'Water Supply']",1,20.0,1369.0,,Low
"House For Sale In Sitapaila, Kathmandu","Sita Home Colony, Sitapaila, Kathmandu",Kathmandu,29500000,4,3,3.0,0,South East,2074.0,742,7 Aana,20 Feet,20 Feet,Unknown,N/A Sq. Feet,10 months ago,"['Balcony', 'Garden', 'TV Cable', 'Drainage', 'Water Supply', 'Water Tank']",1,20.0,2395.75,,Premium
"Land For Sale In Sanepa, Lalitpur","Sanepa, Sanepa, Lalitpur",Lalitpur,4500000,0,0,3.0,0,North,2074.0,422,3.5 Aana,10 Feet,10 Feet,Unknown,N/A Sq. Feet,10 months ago,[],1,10.0,1197.875,,Medium
"House For Sale In Tokha, Kathmandu","Near, Grandy, Tokha, Kathmandu",Kathmandu,14000000,6,0,3.0,0,North,2074.0,504,4 Aana,12 Feet / Soil Stabilized,12 Feet , Soil Stabilized,N/A Sq. Feet,10 months ago,"['Balcony', 'TV Cable', 'Wifi', 'Drainage', 'Water Supply', 'Water Tank']",1,12.0,1369.0,,High
"Apartment For Rent In Panipokhari, Kathmandu","Nearby Japanese Embassy, Panipokhari, Kathmandu",Kathmandu,120000,3,3,2.0,0,East,2074.0,352,1385 Sq. Feet,20 Feet,20 Feet,Unknown,1385 Sq. Feet,10 months ago,"['Balcony', 'TV Cable', 'Wifi', 'Drainage', 'Water Supply']",1,20.0,1385.0,1385.0,Low
"Flat For Rent In Budhanilkantha, Kathmandu","Behind Nepal electricity authority office, Budhanilkantha, Kathmandu",Kathmandu,30000,5,0,3.0,0,North,2074.0,507,2200 Sq. Feet,15 Feet / Blacktopped,15 Feet , Blacktopped,N/A Sq. Feet,10 months ago,[],1,15.0,2200.0,,Low
"House For Rent In Imadol, Lalitpur","Imadol, Imadol, Lalitpur",Lalitpur,185000,5,5,3.0,0,East,2074.0,343,23 Aana,14 Feet,14 Feet,Unknown,N/A Sq. Feet,10 months ago,"['Balcony', 'Garden', 'Modular Kitchen', 'TV Cable', 'Wifi', 'Drainage', 'Water Supply', 'Solar Water', 'Water Tank']",1,14.0,7871.75,,Low
"House For Sale In Hattisar, Kathmandu","Hattisar, Hattisar, Kathmandu",Kathmandu,43500000,0,0,3.0,0,West,2074.0,301,3.85 Aana,20 Feet,20 Feet,Unknown,N/A Sq. Feet,10 months ago,"['Drainage', 'Water Supply']",1,20.0,1317.6625000000001,,Premium
"Land For Sale In Hattiban, Lalitpur","Hattiban, Hattiban, Lalitpur",Lalitpur,2800000,0,0,3.0,0,South,2074.0,341,7.1 Aana,20 Feet,20 Feet,Unknown,N/A Sq. Feet,10 months ago,[],1,20.0,2429.975,,Medium
"House For Rent In Jhamsikhel, Lalitpur","Jhamsikhel, Jhamsikhel, Lalitpur",Lalitpur,300000,17,5,3.0,0,West,2074.0,256,1 Ropani,14 Feet,14 Feet,Unknown,7076 Sq. Feet,10 months ago,"['Balcony', 'Wifi', 'Drainage', 'Water Supply', 'Water Tank']",1,14.0,5476.0,7076.0,Low
"House For Rent In Jhamsikhel, Lalitpur","Nearby St. Mary School, Jhamsikhel, Lalitpur",Lalitpur,200000,5,4,3.0,0,South East,2074.0,224,4 Aana,20 Feet,20 Feet,Unknown,N/A Sq. Feet,10 months ago,"['Balcony', 'Wifi', 'Drainage', 'Water Supply', 'Solar Water', 'Water Tank']",1,20.0,1369.0,,Low
"House For Sale In Boudha, Kathmandu","Boudha, Boudha, Kathmandu",Kathmandu,22000000,10,3,3.0,0,South,2074.0,335,0-3-1-0 Aana,20 Feet,20 Feet,Unknown,N/A Aana,10 months ago,"['Drainage', 'Water Supply', 'Water Tank']",1,20.0,1112.3125,,High
"Land Sale In Biratnagar (Lakhantari-Vdc),Morang : Land For Sale In Bhaswar Marg, Biratnagar","Test address, Bhaswar Marg, Biratnagar",Biratnagar,1125000,0,0,0.0,0,West,2074.0,256,3 Sq. Feet,20 Feet / Gravelled,20 Feet , Gravelled,N/A Sq. Feet,10 months ago,[],1,20.0,3.0,,Low
"House For Rent In Bhaisepati, Lalitpur","Fulbarimarga, Bhaisepati, Lalitpur",Lalitpur,120000,5,3,3.0,0,South East,2074.0,246,8 Aana,13 Feet,13 Feet,Unknown,N/A Sq. Feet,10 months ago,"['Balcony', 'TV Cable', 'Drainage', 'Water Supply', 'Water Tank']",1,13.0,2738.0,,Low
"House For Sale At Civil Homes Phase 3 Sunakothi : House For Sale In Civil Homes, Lalitpur","Civil homes phase 3 Sunakothi, Civil Homes, Lalitpur",Lalitpur,29500000,3,2,3.0,1,West,2013.0,838,6 Aana,18 Feet / Blacktopped,18 Feet , Blacktopped,1785 sqft Aana,10 months ago,"['Lawn', 'Backyard', 'Balcony', 'Frontyard', 'Gym', 'Garden', 'Microwave', 'Wifi', 'Drainage', 'Water Supply', 'Modular Kitchen', 'Swimming Pool', 'TV Cable', 'Washing Machine', 'Solar Water', 'Water Tank']",0,18.0,2053.5,,Premium
"Dhumbarahi Bangalow : House For Sale In Dhumbarahi, Kathmandu","Dhumbarahi bangalow, Dhumbarahi, Kathmandu",Kathmandu,45000000,5,5,3.0,3,South,2074.0,511,0-7-0-0 Aana,12 Feet / Soil Stabilized,12 Feet , Soil Stabilized,0-4-0-0 Aana,10 months ago,[],1,12.0,2395.75,1369.0,Premium
"House For Sale In Dadikot, Bhaktapur","Dadikot, Dadikot, Bhaktapur",Bhaktapur,22500000,12,4,4.0,0,South East,2074.0,228,4 Aana,20 Feet,20 Feet,Unknown,2610 Sq. Feet,10 months ago,"['Balcony', 'TV Cable', 'Drainage', 'Water Supply', 'Water Tank']",1,20.0,1369.0,2610.0,High
"Land For Sale In Naghdaha, Lalitpur","Naghdaha, Naghdaha, Lalitpur",Lalitpur,1600000,0,0,3.0,0,North,2074.0,205,16 Aana,20 Feet,20 Feet,Unknown,N/A Sq. Feet,10 months ago,[],1,20.0,5476.0,,Medium
"Business For Sale In Thamel, Kathmandu","Nearby Antarik Rajeshwor Karyalaya, Thamel, Kathmandu",Kathmandu,3000000,0,0,3.0,0,North,2074.0,343,600 Sq. Feet,15 Feet / Blacktopped,15 Feet , Blacktopped,N/A Sq. Feet,10 months ago,[],1,15.0,600.0,,Medium
"House For Rent In Bhaisepati, Lalitpur","Vinayak Colony, Bhaisepati, Lalitpur",Lalitpur,100000,4,3,3.0,0,East,2074.0,317,5 Aana,13 Feet,13 Feet,Unknown,N/A Sq. Feet,10 months ago,"['Balcony', 'TV Cable', 'Drainage', 'Water Supply', 'Water Tank']",1,13.0,1711.25,,Low
"Business For Sale In Mangal Bazar, Lalitpur","Behind Bhimsen Temple, Mangal Bazar, Lalitpur",Lalitpur,1700000,0,0,3.0,0,North,2074.0,246,400 Sq. Feet,15 Feet / Blacktopped,15 Feet , Blacktopped,N/A Sq. Feet,10 months ago,[],1,15.0,400.0,,Medium
"Land For Sale In Imadol, Lalitpur","Imadol, Imadol, Lalitpur",Lalitpur,2500000,0,0,3.0,0,South,2074.0,334,0-5-3-2 Aana,12 Feet,12 Feet,Unknown,N/A Sq. Feet,10 months ago,[],1,12.0,2010.71875,,Medium
"House For Sale In Sitapaila, Kathmandu","Dada Pauwa, Sitapaila, Kathmandu",Kathmandu,18000000,3,4,3.0,0,South,2074.0,506,3.5 Aana,13 Feet,13 Feet,Unknown,N/A Sq. Feet,10 months ago,"['Balcony', 'TV Cable', 'Drainage', 'Water Supply', 'Water Tank']",1,13.0,1197.875,,High
"House For Sale In Sukedhara, Kathmandu","Sukedhara, Sukedhara, Kathmandu",Kathmandu,34500000,9,4,4.0,0,East,2074.0,327,6.3 Aana,12 Feet,12 Feet,Unknown,N/A Sq. Feet,10 months ago,"['Balcony', 'Garden', 'TV Cable', 'Drainage', 'Water Supply', 'Water Tank']",1,12.0,2156.1749999999997,,Premium
"House For Sale In Basundhara, Kathmandu","Basundhara, Basundhara, Kathmandu",Kathmandu,72500000,7,6,3.0,0,South West,2074.0,220,14 Aana,20 Feet,20 Feet,Unknown,N/A Sq. Feet,10 months ago,"['Balcony', 'Garden', 'TV Cable', 'Drainage', 'Water Supply', 'Water Tank']",1,20.0,4791.5,,Premium
"House For Sale In Tokha, Kathmandu","Nearby, Grandy Hospital, Tokha, Kathmandu",Kathmandu,11500000,2,1,1.0,0,North,2074.0,537,3 Aana,13 Feet / Gravelled,13 Feet , Gravelled,N/A Sq. Feet,10 months ago,"['TV Cable', 'Water Supply', 'Water Tank']",1,13.0,1026.75,,High
"House For Sale In Lazimpat, Kathmandu","Lazimpat, Lazimpat, Kathmandu",Kathmandu,27500000,9,7,3.0,0,North,2074.0,926,5 Aana,13 Feet,13 Feet,Unknown,N/A Aana,10 months ago,"['Balcony', 'TV Cable', 'Drainage', 'Water Supply', 'Water Tank']",1,13.0,1711.25,,Premium
"Land Rent On Koteshwor : Land For Rent In Koteshwor, Kathmandu","pepsi road, Koteshwor, Kathmandu",Kathmandu,100000,0,0,3.0,0,East,2074.0,347,54 Aana,9 Meter / Gravelled,9 Meter , Gravelled,N/A Aana,10 months ago,[],1,29.52756,18481.5,,Low
"Land Sale On Koteshwor : Land For Sale In Koteshwor, Kathmandu","pepsi road, Koteshwor, Kathmandu",Kathmandu,3500000,0,0,3.0,0,East,2074.0,444,4 Aana,12 Feet,12 Feet,Unknown,N/A Aana,10 months ago,[],1,12.0,1369.0,,Medium
"Land For Sale In Biratnagar (Jhorahat)Commercial : Land For Sale In Bhaswar Marg, Biratnagar","Test address, Bhaswar Marg, Biratnagar",Biratnagar,875000,0,0,0.0,0,East,2074.0,277,15 Sq. Feet,40 Feet / Gravelled,40 Feet , Gravelled,N/A Sq. Feet,10 months ago,[],1,40.0,15.0,,Low
"Chandol Bangalow : House For Sale In Chandol, Kathmandu","Chandol siddhartha colony, Chandol, Kathmandu",Kathmandu,31500000,4,4,3.0,1,West,2074.0,441,0-4-0-0 Aana,20 Feet,20 Feet,Unknown,0-4-0-0 Aana,10 months ago,['Garage'],1,20.0,1369.0,1369.0,Premium
"House For Sale In Sukedhara, Kathmandu","Sukedhara, Sukedhara, Kathmandu",Kathmandu,170000000,0,0,3.0,0,North,2074.0,408,19 Aana,20 Feet,20 Feet,Unknown,N/A Sq. Feet,10 months ago,[],1,20.0,6502.75,,Premium
"2 Ropani Land For Sale At Dhulikhel : Land For Sale In Dhulikhel, Kavre","Basghari, Dhulikhel, Kavre",Kavre,1700000,0,0,3.0,0,East,2074.0,272,1-12-0-0 Ropani,14 Feet,14 Feet,Unknown,N/A Aana,10 months ago,[],1,14.0,9583.0,,Medium
"House For Sale In New Baneshwor : House For Sale In Baneshwor, Kathmandu","30 Okharbot Galli, New Baneshwor, Baneshwor, Kathmandu",Kathmandu,7700000,0,2,2.0,1,South,2074.0,684,0-5-5-0 Aana,14 Feet,14 Feet,Unknown,0-4-0-0 Aana,10 months ago,"['Frontyard', 'Fencing', 'Drainage', 'Water Supply', 'Solar Water', 'Water Tank', 'Water Well']",1,14.0,2139.0625,1369.0,Medium
"Land On Lease : Land For Lease In Kapan, Kathmandu","Mahankal, Kapan, Kathmandu",Kathmandu,25000,0,0,3.0,0,South,2074.0,237,174.30 Sq. Feet,13 Feet / Gravelled,13 Feet , Gravelled,N/A Aana,10 months ago,[],1,13.0,174.3,,Low
"9.5 Aana Residential Land At Budhanilkantha : Land For Sale In Budhanilkantha, Kathmandu","Thapa Gaun, Budhanilkantha, Kathmandu",Kathmandu,2650000,0,0,3.0,0,South West,2074.0,385,9.5 Aana,10 Feet / Gravelled,10 Feet , Gravelled,N/A Aana,10 months ago,[],1,10.0,3251.375,,Medium
"Land For Sale In Maharajgunj, Kathmandu","Maharajgunj, Maharajgunj, Kathmandu",Kathmandu,6200000,0,0,3.0,0,North,2074.0,295,7 Aana,20 Feet / Blacktopped,20 Feet , Blacktopped,N/A Sq. Feet,10 months ago,[],1,20.0,2395.75,,Medium
"House For Sale In Basundhara, Kathmandu","Basundhara, Basundhara, Kathmandu",Kathmandu,37500000,2,3,3.0,0,North,2074.0,313,5 Aana,14 Feet / Blacktopped,14 Feet , Blacktopped,N/A Sq. Feet,10 months ago,"['Balcony', 'TV Cable', 'Wifi', 'Drainage', 'Water Supply', 'Water Tank']",1,14.0,1711.25,,Premium
"Land For Sale In Budhanilkantha, Kathmandu","Ganesh Chowk, Budhanilkantha, Kathmandu",Kathmandu,3800000,0,0,3.0,0,South,2074.0,275,12 Aana,15 Feet / Gravelled,15 Feet , Gravelled,N/A Sq. Feet,10 months ago,[],1,15.0,4107.0,,Medium
"House For Sale In Bhangal, Kathmandu","Bhangal, Bhangal, Kathmandu",Kathmandu,32500000,4,3,3.0,1,South,2074.0,261,0-4-2-0 Sq. Feet,26 Feet / Paved,26 Feet , Paved,2856 Sq. Feet,10 months ago,"['Water Tank', 'Solar Water', 'Washing Machine', 'TV Cable', 'Garage', 'Wifi', 'Water Supply', 'Modular Kitchen']",0,26.0,1540.125,2856.0,Premium
"Semi Commercial : Office Space For Rent In Basundhara, Kathmandu","Basundara, Basundhara, Kathmandu",Kathmandu,80000,3,3,3.0,5,West,2019.0,408,0-8-0 Aana,20 Feet / Blacktopped,20 Feet , Blacktopped,0-4-0 Aana,10 months ago,"['Garage', 'Balcony', 'Water Supply', 'Solar Water', 'Water Well', 'Water Tank']",0,20.0,2738.0,1369.0,Low
"Land For Sale In Biratnagar (Kanchanbari) Ghaderi : Land For Sale In Bhaswar Marg, Biratnagar","Kanchanbari, Bhaswar Marg, Biratnagar",Biratnagar,600000,0,0,0.0,0,East,2074.0,521,17 Dhur,20 Feet / Gravelled,20 Feet , Gravelled,N/A Sq. Feet,10 months ago,[],1,20.0,3098.25,,Low
"Land Sale At Budhanilkantha : Land For Sale In Budhanilkantha, Kathmandu","Budhanilkantha, Budhanilkantha, Kathmandu",Kathmandu,1900000,0,0,3.0,0,South East,2074.0,465,0-7-1-2 Aana,14 Feet / Gravelled,14 Feet , Gravelled,N/A Aana,10 months ago,[],1,14.0,2524.09375,,Medium
"Residential Land : Land For Sale In Nagarjun, Kathmandu","Nagarjun 2, Nagarjun, Kathmandu",Kathmandu,1600000,0,0,3.0,0,South,2074.0,250,148 Sq. Meter,10 Feet / Gravelled,10 Feet , Gravelled,N/A Aana,10 months ago,[],1,10.0,1593.0572,,Medium
"Jharuwarasi Santaneshwor : Land For Sale In Godawari, Lalitpur","Jharuwarasi, Godawari, Lalitpur",Lalitpur,1000000,0,0,3.0,0,North,2074.0,334,0-8-0-0 Aana,20 Feet / Gravelled,20 Feet , Gravelled,N/A Aana,10 months ago,[],1,20.0,2738.0,,Low
"Land For Sale In Sallaghari, Bhaktapur","Sallaghari, Sallaghari, Bhaktapur",Bhaktapur,2400000,0,0,3.0,0,South,2074.0,397,7 Aana,18 Feet,18 Feet,Unknown,N/A Sq. Feet,10 months ago,[],1,18.0,2395.75,,Medium
"Land For Sale In Devdaha Municipality : Land For Sale In Tilottama, Rupandehi","Devdaha municipality, Tilottama, Rupandehi",Rupandehi,390000,0,0,0.0,0,West,2074.0,367,3280 Sq. Feet,20 Feet / Blacktopped,20 Feet , Blacktopped,N/A Sq. Feet,10 months ago,[],1,20.0,3280.0,,Low
"House For Sale In Pasikot, Kathmandu","Pasikot, Pasikot, Kathmandu",Kathmandu,17500000,0,0,3.0,0,West,2074.0,574,4 Aana,16 Feet,16 Feet,Unknown,N/A Sq. Feet,10 months ago,[],1,16.0,1369.0,,High
"House For Sale In Hattigauda, Kathmandu","Hattigauda, Hattigauda, Kathmandu",Kathmandu,37500000,0,0,3.0,0,South,2074.0,389,6 Aana,20 Feet,20 Feet,Unknown,N/A Sq. Feet,10 months ago,"['Balcony', 'TV Cable', 'Drainage', 'Water Supply', 'Water Tank']",1,20.0,2053.5,,Premium
"House For Sale In Dharan, Dharan","Dharan-13, Dharan, Dharan",Dharan,12500000,0,0,2.0,0,North,2074.0,921,16 Dhur,15 Feet / Blacktopped,15 Feet , Blacktopped,N/A Sq. Feet,10 months ago,[],1,15.0,2916.0,,High
"Land For Sale In Dharan, Dharan","Deurali path, Dharan, Dharan",Dharan,380000,0,0,3.0,0,West,2074.0,312,10 Dhur,15 Feet / Soil Stabilized,15 Feet , Soil Stabilized,N/A Sq. Feet,10 months ago,[],1,15.0,1822.5,,Low
"House For Sale In Tarahara, Sunsari","Harsala Toll, Tarahara, Sunsari",Sunsari,15000000,0,0,3.0,0,North,2074.0,323,15 Dhur,15 Feet / Blacktopped,15 Feet , Blacktopped,N/A Dhur,10 months ago,[],1,15.0,2733.75,,High
"Business For Sale In Kalanki, Kathmandu","Nearby Nepal National Hospital, Kalanki, Kathmandu",Kathmandu,900000,0,0,3.0,0,South,2074.0,198,400 Sq. Feet,15 Feet / Blacktopped,15 Feet , Blacktopped,N/A Sq. Feet,10 months ago,[],1,15.0,400.0,,Low
"Business For Sale In Lagankhel, Lalitpur","Langankhel Buspark, Lagankhel, Lalitpur",Lalitpur,1300000,0,0,3.0,0,South,2074.0,208,700 Sq. Feet,20 Feet / Blacktopped,20 Feet , Blacktopped,N/A Sq. Feet,10 months ago,[],1,20.0,700.0,,Low
"Land For Sale In Chovar, Kathmandu","Chovar, Chovar, Kathmandu",Kathmandu,1500000,0,0,3.0,0,North,2074.0,323,4 Ropani,20 Feet / Blacktopped,20 Feet , Blacktopped,N/A Sq. Feet,10 months ago,[],1,20.0,21904.0,,Medium
"घर र जग्गा बिक्रिमा : Land For Sale In Balkot, Bhaktapur","Khalpitar, Balkot, Bhaktapur",Bhaktapur,25000000,2,1,1.0,1,East,2074.0,549,7 Aana,13 Feet / Gravelled,13 Feet , Gravelled,N/A Aana,10 months ago,[],1,13.0,2395.75,,High
"House For Sale In Hattigauda, Kathmandu","Hattigauda, Hattigauda, Kathmandu",Kathmandu,18000000,0,0,3.0,0,South,2074.0,380,3 Aana,13 Feet,13 Feet,Unknown,N/A Sq. Feet,10 months ago,[],1,13.0,1026.75,,High
"A Brand New 2.5 Storied Residential House For Rent : House For Rent In Chovar, Kathmandu","Chobhar, Chovar, Kathmandu",Kathmandu,65000,3,3,2.0,1,North,2018.0,425,6 Aana,20 Feet / Blacktopped,20 Feet , Blacktopped,2100 Aana,10 months ago,"['Lawn', 'Garage', 'Backyard', 'Balcony', 'Deck', 'Frontyard', 'Drainage', 'Water Supply']",0,20.0,2053.5,718725.0,Low
"Land For Sale In Sallaghari, Bhaktapur","Sallaghari, Sallaghari, Bhaktapur",Bhaktapur,2000000,0,0,3.0,0,East,2074.0,340,4.5 Aana,15 Feet / Soil Stabilized,15 Feet , Soil Stabilized,N/A Aana,10 months ago,[],1,15.0,1540.125,,Medium
"Office Space For Rent In Kapan, Kathmandu","Kapan, Narayan Chowk, Kapan, Kathmandu",Kathmandu,30000,0,0,3.0,0,North,2074.0,281,1000 Sq. Feet,0 Feet,0 Feet,Unknown,N/A Aana,10 months ago,[],1,0.0,1000.0,,Low
"Office Space For Rent In Machha Pokhari, Kathmandu","Machapokhari, Machha Pokhari, Kathmandu",Kathmandu,25000,2,1,3.0,4,West,2074.0,236,700 Aana,15 Feet / Blacktopped,15 Feet , Blacktopped,N/A Aana,10 months ago,"['Garage', 'Balcony']",1,15.0,239575.0,,Low
"Land For Sale In Nawalparasi, Nawalparasi","Nawalparasi, Nawalparasi, Nawalparasi",Nawalparasi,250000,0,0,3.0,0,North,2074.0,541,5 Kattha,30 Feet / Blacktopped,30 Feet , Blacktopped,N/A Aana,10 months ago,[],1,30.0,18225.0,,Low
"Flat For Rent In Satdobato, Lalitpur","Satdobato, Near BNB Hospital, Satdobato, Lalitpur",Lalitpur,22000,3,2,3.0,2,West,2074.0,653,1300 Sq. Feet,15 Feet / Blacktopped,15 Feet , Blacktopped,N/A Aana,10 months ago,['Garage'],1,15.0,1300.0,,Low
"Flat For Rent In Ranibari, Kathmandu","Samakhusi, Ranibari, Kathmandu",Kathmandu,20000,2,1,3.0,2,East,2074.0,505,800 Sq. Feet,15 Feet / Gravelled,15 Feet , Gravelled,N/A Sq. Feet,10 months ago,['Garage'],1,15.0,800.0,,Low
"Land For Sale In Sanobharyang, Kathmandu","Sanobharyang, Sanobharyang, Kathmandu",Kathmandu,4200000,0,0,3.0,0,East,2074.0,295,11 Aana,20 Feet / Blacktopped,20 Feet , Blacktopped,N/A Aana,10 months ago,[],1,20.0,3764.75,,Medium
"Land For Sale In Nijghadh, Bara","Nijghadh, Nijghadh, Bara",Bara,350000,0,0,3.0,0,North,2074.0,3.4K,2 Kattha,20 Feet / Soil Stabilized,20 Feet , Soil Stabilized,N/A Kattha,10 months ago,[],1,20.0,7290.0,,Low
"House For Sale In Dhulikhel, Kavre","Dhulikhel near KU, Dhulikhel, Kavre",Kavre,15200000,11,2,3.0,2,South,2018.0,352,817 Sq. Feet,10 Feet / Gravelled,10 Feet , Gravelled,0-4-0-2 Aana,10 months ago,"['Water Well', 'TV Cable', 'Water Supply', 'Wifi', 'Garage', 'Balcony', 'Fencing', 'Garden']",0,10.0,817.0,1411.78125,High
"House For Sale In Pasikot, Kathmandu","Budhanilkantha, Pasikot, Kathmandu",Kathmandu,13800000,2,1,3.0,0,East,2074.0,529,0-4-3-0 Ropani,12 Feet / Soil Stabilized,12 Feet , Soil Stabilized,N/A Aana,10 months ago,"['Garage', 'Wifi', 'Drainage', 'Water Well', 'Water Supply', 'Modular Kitchen', 'TV Cable']",1,12.0,1625.6875,,High
"A Newly House Built In A Nice And Quiet Residential Area On Sale : House For Sale In Basbari, Kathmandu","Hepali height, Basbari, Kathmandu",Kathmandu,45000000,4,0,3.0,2,South,2018.0,441,7-0-2 Aana,20 Feet / Paved,20 Feet , Paved,N/A Aana,10 months ago,"['Lawn', 'Backyard', 'Balcony', 'Frontyard', 'Fencing', 'Garden', 'Drainage', 'Water Supply', 'Modular Kitchen', 'Air Condition', 'TV Cable', 'Washing Machine', 'Solar Water', 'Water Tank']",0,20.0,38503.125,,Premium
"House For Sale In Budhanilkantha, Kathmandu","Siddhartha Colony, Budhanilkantha, Kathmandu",Kathmandu,57500000,4,6,3.0,0,South,2074.0,635,7 Aana,20 Feet,20 Feet,Unknown,N/A Sq. Feet,10 months ago,"['Balcony', 'Garden', 'Modular Kitchen', 'TV Cable', 'Wifi', 'Drainage', 'Water Supply', 'Water Tank']",1,20.0,2395.75,,Premium
"Business For Sale In Gwarko, Lalitpur","Gwarko, Gwarko, Lalitpur",Lalitpur,600000,0,0,3.0,0,South,2074.0,182,500 Sq. Feet,15 Feet / Blacktopped,15 Feet , Blacktopped,N/A Aana,10 months ago,[],1,15.0,500.0,,Low
"House For Rent In Baluwatar, Kathmandu","Baluwatar, Baluwatar, Kathmandu",Kathmandu,175000,4,3,2.0,3,North,2074.0,333,12 Aana,13 Feet,13 Feet,Unknown,N/A Sq. Feet,10 months ago,"['Balcony', 'TV Cable', 'Wifi', 'Drainage', 'Water Supply', 'Water Tank']",1,13.0,4107.0,,Low
"Business For Sale In Kupondole, Lalitpur","Kupondole, Kupondole, Lalitpur",Lalitpur,700000,0,0,3.0,0,North,2074.0,244,600 Sq. Feet,15 Feet / Blacktopped,15 Feet , Blacktopped,N/A Aana,10 months ago,"['Wifi', 'Water Supply', 'Modular Kitchen']",1,15.0,600.0,,Low
"Land For Sale In Kavresthali, Kathmandu","Kavresthali, Kavresthali, Kathmandu",Kathmandu,1350000,0,0,3.0,0,North,2074.0,262,0-2-5-0 Aana,15 Feet / Soil Stabilized,15 Feet , Soil Stabilized,N/A Aana,10 months ago,[],1,15.0,1112.3125,,Medium
"House For Sale In Dallu : House For Sale In Dallu, Kathmandu","Dallu, Dallu, Kathmandu",Kathmandu,29000000,8,4,3.0,1,West,2071.0,457,0-3-1-2 Aana,20 Feet / Blacktopped,20 Feet , Blacktopped,N/A Aana,10 months ago,"['Balcony', 'Water Well', 'Water Tank', 'Solar Water']",0,20.0,1155.09375,,Premium
"House For Sale In Budhanilkantha, Kathmandu","Bhangal, Sundarbasti, Budhanilkantha, Kathmandu",Kathmandu,17800000,7,0,2.0,0,North,2074.0,627,0-3-1-0 Aana,15 Feet / Gravelled,15 Feet , Gravelled,N/A Sq. Feet,10 months ago,"['Balcony', 'TV Cable', 'Wifi', 'Drainage', 'Water Supply', 'Water Tank']",1,15.0,1112.3125,,High
"House For Sale In Golfutar, Kathmandu","Golfutar, Golfutar, Kathmandu",Kathmandu,29000000,5,3,2.5,0,South West,2074.0,437,4 Aana,15 Feet / Blacktopped,15 Feet , Blacktopped,N/A Sq. Feet,10 months ago,"['Balcony', 'TV Cable', 'Wifi', 'Drainage', 'Water Supply', 'Water Tank']",1,15.0,1369.0,,Premium
"Land For Sale In Chapali, Kathmandu","Nearby, Ganesh Chowk, Chapali, Kathmandu",Kathmandu,2400000,0,0,3.0,0,North,2074.0,260,0-4-1-1 Ropani,14 Feet / Gravelled,14 Feet , Gravelled,N/A Sq. Feet,10 months ago,[],1,14.0,1475.953125,,Medium
"Land For Sale In Chapali, Kathmandu","Chapali, Chapali, Kathmandu",Kathmandu,2100000,0,0,3.0,0,West,2074.0,294,2-13-0-0 Ropani,16 Feet,16 Feet,Unknown,N/A Sq. Feet,10 months ago,[],1,16.0,15401.25,,Medium
"DT : Office Space For Rent In Jawalakhel, Lalitpur","Jawalakhel, Lalitpur, Jawalakhel, Lalitpur",Lalitpur,155000150000,0,0,2.0,0,South West,2000.0,301,1-12-0-0 Aana,32 Feet / Blacktopped,32 Feet , Blacktopped,5 Aana,10 months ago,[],0,32.0,9583.0,1711.25,Premium
"House For Sale In Kalanki, Kathmandu","Nearby, Makalu Petrol Pump, Kalanki, Kathmandu",Kathmandu,6750000,7,5,3.0,3,North East,2074.0,14.2K,0-13-1-2 Ropani,15 Feet / Blacktopped,15 Feet , Blacktopped,N/A Ropani,10 months ago,"['Balcony', 'TV Cable', 'Wifi', 'Drainage', 'Water Supply', 'Solar Water', 'Water Tank']",1,15.0,4577.59375,,Medium
"Bungmati : Land For Sale In Bhaisepati, Lalitpur","Bhainsepati, Lalitpur, Bhaisepati, Lalitpur",Lalitpur,9000000,0,0,3.0,0,East,2074.0,472,0-3-2-0 Aana,12 Feet / Gravelled,12 Feet , Gravelled,N/A Aana,10 months ago,[],1,12.0,1197.875,,High
"House At Lazimpat : House For Rent In Lazimpat, Kathmandu","Kholagal Marg Near Uttar Dhoka Marg, (North of Narayanhiti Sangrahalaya), Lazimpat, Kathmandu",Kathmandu,400000,5,4,3.0,4,South West,2044.0,511,25 Aana,16 Feet / Blacktopped,16 Feet , Blacktopped,About 4000 Sq. Feet,10 months ago,"['Balcony', 'Garden', 'Water Supply', 'TV Cable', 'Water Well', 'Lawn', 'Frontyard', 'Fencing', 'Wifi', 'Backyard', 'Modular Kitchen', 'Solar Water', 'Deck', 'Drainage', 'Water Tank']",0,16.0,8556.25,,Low
"Near Kohinoor Housing : Land For Sale In Bafal, Kathmandu","Near Kohinoor Housing, Bafal, Kathmandu",Kathmandu,3500000,0,0,3.0,0,East,2074.0,340,0-4-2-0 Ropani,10 Feet / Soil Stabilized,10 Feet , Soil Stabilized,N/A Aana,10 months ago,[],1,10.0,1540.125,,Medium
"373 Pachali Marg : Land For Sale In Teku, Kathmandu","373 Pachali Marg, Teku, Kathmandu",Kathmandu,45000000,0,0,4.0,0,East,2025.0,227,0-4-2-3 Ropani,9 Meter / Blacktopped,9 Meter , Blacktopped,0-4-2-3 Ropani,10 months ago,"['Drainage', 'Water Supply', 'Water Tank']",0,29.52756,1604.296875,1604.296875,Premium
"Business For Sale In Baneshwor, Kathmandu","Himalayan Bank Building, Baneshwor, Kathmandu",Kathmandu,2500000,0,0,3.0,0,North,2074.0,242,420 Sq. Feet,15 Feet / Blacktopped,15 Feet , Blacktopped,N/A Sq. Feet,10 months ago,[],1,15.0,420.0,,Medium
"Land For Sale In Budhanilkantha, Kathmandu","Hepali Height, Budhanilkantha, Kathmandu",Kathmandu,4100000,0,0,3.0,0,West,2074.0,287,10 Aana,15 Feet / Soil Stabilized,15 Feet , Soil Stabilized,N/A Sq. Feet,10 months ago,[],1,15.0,3422.5,,Medium
"House For Sale In Mandikatar, Kathmandu","Mandikatar Height, Mandikatar, Kathmandu",Kathmandu,51000000,0,0,3.0,0,South,2074.0,464,8 Aana,15 Feet / Blacktopped,15 Feet , Blacktopped,N/A Sq. Feet,10 months ago,"['Balcony', 'Garden', 'TV Cable', 'Wifi', 'Drainage', 'Water Supply', 'Solar Water', 'Water Tank']",1,15.0,2738.0,,Premium
"Land For Sale In Dhangadhi, Kailali","Dhangadhi, Kailali, Dhangadhi, Kailali",Kailali,6700000,0,0,3.0,0,East,2074.0,396,12 Dhur,33 Feet / Blacktopped,33 Feet , Blacktopped,N/A Aana,10 months ago,[],1,33.0,2187.0,,Medium
"Balaju Tenpepale : Land For Sale In Balaju, Kathmandu","Balaju tenpepale ktm., Balaju, Kathmandu",Kathmandu,550000,0,0,3.0,0,East,2074.0,393,5-0-0-0 Ropani,9 Meter / Blacktopped,9 Meter , Blacktopped,5-0-0-0 Ropani,10 months ago,[],1,29.52756,27380.0,27380.0,Low
"Under Construction Bungalow : House For Sale In Budhanilkantha, Kathmandu","Budhanilkantha, Muhanpokhari, Budhanilkantha, Kathmandu",Kathmandu,29000000,0,0,3.0,0,North East,2076.0,1.3K,0-5-0-3 Aana,20 Feet / Gravelled,20 Feet , Gravelled,N/A Aana,10 months ago,"['Modular Kitchen', 'Solar Water', 'TV Cable', 'Water Tank', 'Frontyard', 'Fencing', 'Water Supply', 'Balcony']",0,20.0,1775.421875,,Premium
"Land For Sale In Dhapasi, Kathmandu","Dhapasi, Kathmandu, Dhapasi, Kathmandu",Kathmandu,99000003300000,0,0,3.0,0,East,2074.0,271,3 Aana,12 Feet / Blacktopped,12 Feet , Blacktopped,N/A Aana,10 months ago,[],1,12.0,1026.75,,Premium
"Balkot 4 Anna 2 Paisa 1 Daam : Land For Sale In Balkot, Bhaktapur","Balkot Bkaktapur, Balkot, Bhaktapur",Bhaktapur,1900000,0,0,3.0,0,East,2074.0,457,0-4-2-1 Aana,13 Feet / Gravelled,13 Feet , Gravelled,0-4-2-1 Aana,10 months ago,[],1,13.0,1561.515625,1561.515625,Medium
"Commercial Building : House For Sale In Gatthaghar, Bhaktapur","Gathaghar, Bhaktapur, Gatthaghar, Bhaktapur",Bhaktapur,75000000,0,0,5.0,0,South,2075.0,572,0-6-2-0 Aana,20 Feet / Blacktopped,20 Feet , Blacktopped,7500 Sq. Feet,10 months ago,"['Garage', 'Balcony', 'Solar Water', 'Water Well', 'Wifi', 'Water Tank', 'Modular Kitchen', 'Water Supply', 'TV Cable', 'Drainage']",0,20.0,2224.625,7500.0,Premium
"House For Sale In Basundhara, Kathmandu","Basundhara, Basundhara, Kathmandu",Kathmandu,26500000,0,0,3.0,0,East,2074.0,439,3.5 Aana,12 Feet,12 Feet,Unknown,N/A Sq. Feet,10 months ago,"['Balcony', 'TV Cable', 'Drainage', 'Water Supply', 'Water Tank']",1,12.0,1197.875,,High
"New House : House For Sale In Mahendrapul, Pokhara","Pokhara -11 ranipauwa, Mahendrapul, Pokhara",Pokhara,36500000,0,0,3.0,0,East,2074.0,509,6.5 Aana,20 Feet / Gravelled,20 Feet , Gravelled,6.5 Aana,10 months ago,"['Garage', 'Garden', 'Wifi', 'Water Supply', 'TV Cable', 'Solar Water', 'Water Well', 'Water Tank', 'Washing Machine', 'Balcony', 'Fencing', 'Backyard', 'Gym', 'Frontyard', 'Modular Kitchen']",0,20.0,2224.625,2224.625,Premium
"Swarsati Kunj : House For Sale In Balkhu, Kathmandu","Balkhu, Balkhu, Kathmandu",Kathmandu,41000000,0,0,3.0,0,East,2075.0,457,4 Aana,12 Feet / Blacktopped,12 Feet , Blacktopped,750 Sq. Feet,10 months ago,"['Balcony', 'Wifi', 'Fencing', 'Drainage', 'Solar Water', 'Washing Machine', 'Garden', 'Water Supply', 'TV Cable', 'Water Tank']",0,12.0,1369.0,750.0,Premium
"Badhikhel Lalitpurma 6 Roppani 8 Aana Jagga Bikrima Total Price 4 Crore : Land For Sale In Godawari, Lalitpur","Badikhel, godawari, Godawari, Lalitpur",Lalitpur,40000000,0,0,3.0,0,East,2074.0,383,6-8-0-0 Aana,13 Feet / Gravelled,13 Feet , Gravelled,N/A Aana,10 months ago,[],1,13.0,35594.0,,Premium
"Land For Sale In Pokhara, Pokhara","Hemja, Milan Chowk-8, Pokhara, Pokhara, Pokhara",Pokhara,5600000,0,0,3.0,0,East,2074.0,1.2K,8-2-0-0 Ropani,14 Feet / Soil Stabilized,14 Feet , Soil Stabilized,8-2-0-0 Ropani,10 months ago,[],1,14.0,44492.5,44492.5,Medium
"PD1-101, A Apartments : Flat For Rent In Patandokha, Lalitpur","Patan Dhoka, Patandokha, Lalitpur",Lalitpur,40000,0,0,3.0,0,South,2074.0,631,500 Sq. Feet,20 Feet / Blacktopped,20 Feet , Blacktopped,N/A Aana,10 months ago,"['Water Supply', 'Microwave', 'Washing Machine', 'Wifi', 'Solar Water', 'Water Tank']",1,20.0,500.0,,Low
"House For Sale In Basundhara, Kathmandu","Basundhara, Basundhara, Kathmandu",Kathmandu,30000000,0,0,3.0,0,East,2074.0,508,6 Aana,12 Feet,12 Feet,Unknown,N/A Sq. Feet,10 months ago,"['Balcony', 'TV Cable', 'Drainage', 'Water Supply', 'Water Tank']",1,12.0,2053.5,,Premium
"House For Sale In Tokha, Kathmandu","Bhutkhel Park, Tokha, Kathmandu",Kathmandu,14200000,4,2,2.0,0,West,2074.0,430,0-3-1-0 Aana,13 Feet,13 Feet,Unknown,N/A Sq. Feet,10 months ago,"['Balcony', 'TV Cable', 'Drainage', 'Water Supply', 'Water Tank']",1,13.0,1112.3125,,High
"Land For Sale In Samakhusi, Kathmandu","Nearby Samakhusi Town Planning, Samakhusi, Kathmandu",Kathmandu,5500000,0,0,3.0,0,West,2074.0,264,8 Aana,13 Feet,13 Feet,Unknown,N/A Sq. Feet,10 months ago,[],1,13.0,2738.0,,Medium
"Land For Sale In Jagati, Bhaktapur","Sipadol, Jagati, Bhaktapur",Bhaktapur,1700000,0,0,3.0,0,South,2074.0,288,3 Aana,15 Feet / Soil Stabilized,15 Feet , Soil Stabilized,N/A Sq. Feet,10 months ago,[],1,15.0,1026.75,,Medium
"BaSu Home : Office Space For Rent In Jhamsikhel, Lalitpur","Jhamshikhel, Lalitpur -5, Jhamsikhel, Lalitpur",Lalitpur,75,0,0,6.0,0,South West,2076.0,348,1-0-1 Ropani,12 Feet / Gravelled,12 Feet , Gravelled,1735 Sq. Feet,10 months ago,"['Fencing', 'Backyard', 'Deck', 'Drainage', 'Water Supply', 'Water Well', 'Water Tank']",0,12.0,5561.5625,1735.0,Low
"Business For Sale In Pulchowk, Lalitpur","Nearby Everest Bank, Pulchowk, Lalitpur",Lalitpur,3200000,0,0,3.0,0,North,2074.0,181,700 Sq. Feet,15 Feet / Blacktopped,15 Feet , Blacktopped,N/A Sq. Feet,10 months ago,[],1,15.0,700.0,,Medium
"House For Sale In Dhapasi, Kathmandu","Nearby Grande International Hospital, Dhapasi, Kathmandu",Kathmandu,17500000,0,0,3.0,0,North East,2074.0,1.2K,3.5 Aana,13 Feet,13 Feet,Unknown,N/A Sq. Feet,10 months ago,"['Balcony', 'TV Cable', 'Drainage', 'Water Supply', 'Water Tank']",1,13.0,1197.875,,High
"Land For Sale In Lekhnath, Pokhara","Pokhara-27, Archale Village, Lekhnath, Pokhara",Pokhara,7500000750000,0,0,1.0,0,South East,2074.0,290,10 Aana,12 Feet / Soil Stabilized,12 Feet , Soil Stabilized,N/A Aana,10 months ago,"['Frontyard', 'Fencing', 'Garden']",1,12.0,3422.5,,Premium
"House For Sale In Hadigaun, Kathmandu","Hadigaun, Hadigaun, Kathmandu",Kathmandu,20000000,0,0,2.0,0,South,2074.0,523,4 Aana,13 Feet / Blacktopped,13 Feet , Blacktopped,N/A Sq. Feet,10 months ago,"['Balcony', 'TV Cable', 'Wifi', 'Drainage', 'Water Supply', 'Water Tank']",1,13.0,1369.0,,High
"Land For Sale In Chundevi, Kathmandu","Chundevi, Chundevi, Kathmandu",Kathmandu,2000000,0,0,3.0,0,South East,2074.0,328,10 Aana,13 Feet,13 Feet,Unknown,N/A Sq. Feet,10 months ago,[],1,13.0,3422.5,,Medium
"Land For Sale In Baluwatar, Kathmandu","Tudaldevi Mandir, Baluwatar, Kathmandu",Kathmandu,3800000,0,0,3.0,0,East,2074.0,518,5 Sq. Feet,13 Feet / Gravelled,13 Feet , Gravelled,N/A Sq. Feet,10 months ago,[],1,13.0,5.0,,Medium
"Radha Bhawan : Office Space For Sale In Tripureshwor, Kathmandu","5th floor, Radha Bhawan, Opposite UWTC, first left from Tripureshwor chowk towards teku., Tripureshwor, Kathmandu",Kathmandu,20000,0,1,3.0,2,North West,2074.0,376,1450 Sq. Feet,36 Feet,36 Feet,Unknown,1850 Sq. Feet,10 months ago,"['Water Supply', 'Parking', 'Drainage', 'Solar Water', 'Water Well', 'CCTV', 'Lift', 'Electricity Backup']",1,36.0,1450.0,1850.0,Low
"Thapa Niwas : House For Sale In Goldhunga, Kathmandu","Purano Gujyeswori, Balaju, Goldhunga, Kathmandu",Kathmandu,1800000020,0,0,4.0,0,North East,2073.0,258,0-3-0-0 Aana,10 Feet / Paved,10 Feet , Paved,1018 Aana,10 months ago,"['Balcony', 'Fencing', 'Modular Kitchen', 'TV Cable', 'Wifi', 'Drainage', 'Water Supply', 'Water Tank']",0,10.0,1026.75,348410.5,Premium
"Land For Sale In Gongabu, Kathmandu","Gongabu, Gongabu, Kathmandu",Kathmandu,3000000,0,0,3.0,0,South East,2074.0,297,0-9-0-0 Aana,9 Feet / Blacktopped,9 Feet , Blacktopped,N/A Aana,10 months ago,[],1,9.0,3080.25,,Medium
"House For Sale In Kapan, Kathmandu","Kapan, Kapan, Kathmandu",Kathmandu,15000000,2,1,1.0,0,South,2074.0,514,5 Aana,11 Feet,11 Feet,Unknown,N/A Sq. Feet,10 months ago,"['TV Cable', 'Drainage', 'Water Supply', 'Water Tank']",1,11.0,1711.25,,High
"House For Sale In Maharajgunj, Kathmandu","Maharajgunj, Maharajgunj, Kathmandu",Kathmandu,70000000,13,0,4.5,0,South East,2074.0,508,13 Aana,14 Feet / Gravelled,14 Feet , Gravelled,N/A Sq. Feet,10 months ago,"['Balcony', 'TV Cable', 'Wifi', 'Drainage', 'Water Supply', 'Solar Water', 'Water Tank']",1,14.0,4449.25,,Premium
"House For Sale In Baniyatar, Kathmandu","Baniyatar, Baniyatar, Kathmandu",Kathmandu,16500000,6,3,3.0,0,South,2074.0,468,3.1 Aana,10 Feet / Blacktopped,10 Feet , Blacktopped,N/A Sq. Feet,10 months ago,"['Balcony', 'TV Cable', 'Drainage', 'Water Supply', 'Water Tank']",1,10.0,1060.9750000000001,,High
"House For Sale In Tokha, Kathmandu","Opposite of Grandy Hospital, Tokha, Kathmandu",Kathmandu,53000000,6,4,3.0,3,West,2074.0,313,7.5 Aana,15 Feet / Blacktopped,15 Feet , Blacktopped,N/A Sq. Feet,10 months ago,"['Balcony', 'TV Cable', 'Wifi', 'Drainage', 'Water Supply', 'Solar Water', 'Water Tank']",1,15.0,2566.875,,Premium
"Land For Sale In Budhanilkantha, Kathmandu","Hepali Height, Budhanilkantha, Kathmandu",Kathmandu,3200000,0,0,3.0,0,North,2074.0,363,5.5 Aana,13 Feet / Paved,13 Feet , Paved,N/A Sq. Feet,10 months ago,[],1,13.0,1882.375,,Medium
"Land For Sale In Khusibu, Kathmandu","Khusibu Town Planning, Khusibu, Kathmandu",Kathmandu,5500000,0,0,3.0,0,North,2074.0,406,7 Aana,20 Feet / Blacktopped,20 Feet , Blacktopped,N/A Sq. Feet,10 months ago,[],1,20.0,2395.75,,Medium
"Land For Sale In Hattigauda, Kathmandu","Ganesh Chowk, Hattigauda, Kathmandu",Kathmandu,3200000,0,0,3.0,0,South East,2074.0,220,7 Aana,15 Feet / Soil Stabilized,15 Feet , Soil Stabilized,N/A Sq. Feet,10 months ago,[],1,15.0,2395.75,,Medium
"Land For Sale In Hattigauda, Kathmandu","Hattigauda, Hattigauda, Kathmandu",Kathmandu,2550000,0,0,3.0,0,North,2074.0,276,16.5 Aana,15 Feet / Soil Stabilized,15 Feet , Soil Stabilized,N/A Sq. Feet,10 months ago,[],1,15.0,5647.125,,Medium
"Land For Sale In Dadikot, Bhaktapur","Dadikot, Dadikot, Bhaktapur",Bhaktapur,1350000,0,0,3.0,0,West,2074.0,260,3.2 Aana,13 Feet / Soil Stabilized,13 Feet , Soil Stabilized,N/A Sq. Feet,10 months ago,[],1,13.0,1095.2,,Medium
"Land For Sale In Mulpani, Kathmandu","Mulpani, Mulpani, Kathmandu",Kathmandu,3200000,0,0,3.0,0,West,2074.0,290,2.2 Aana,6 Meter / Concrete,6 Meter , Concrete,N/A Sq. Feet,10 months ago,[],1,19.68504,752.95,,Medium
"House For Sale In Tokha, Kathmandu","Grande, Tokha, Kathmandu",Kathmandu,43000000,6,5,3.0,3,South East,2074.0,403,8 Aana,12 Feet / Gravelled,12 Feet , Gravelled,5 Aana,10 months ago,"['Garage', 'Backyard', 'Balcony', 'Frontyard', 'Garden', 'Modular Kitchen', 'Swimming Pool', 'Washing Machine', 'Wifi', 'Drainage', 'Water Supply', 'Solar Water', 'Water Tank']",0,12.0,2738.0,1711.25,Premium
"House For Sale : House For Sale In Bhaktapur, Bhaktapur","bhaktapur, Bhaktapur, Bhaktapur",Bhaktapur,21500000,9,1,3.0,1,West,2076.0,633,0-6-0-0 Aana,20 Feet,20 Feet,Unknown,0-3-0-0 Aana,10 months ago,['Garage'],0,20.0,2053.5,1026.75,High
"Durbarmarg Next To Annapurna Cake Shop : House For Sale In Durbar Marg, Kathmandu","durbarmarg, Durbar Marg, Kathmandu",Kathmandu,250000000,0,0,3.0,0,East,2074.0,486,4 Aana,20 Feet / Blacktopped,20 Feet , Blacktopped,4 Aana,10 months ago,[],1,20.0,1369.0,1369.0,Premium
"House For Sale In Itahari, Sunsari","Halgada, Itahari, Sunsari",Sunsari,6400000,3,1,1.0,0,North,2074.0,905,6 Dhur,15 Feet / Soil Stabilized,15 Feet , Soil Stabilized,N/A Sq. Feet,10 months ago,"['TV Cable', 'Drainage', 'Water Supply', 'Water Tank']",1,15.0,1093.5,,Medium
"Chandol Kanchan Housing : Land For Sale In Chandol, Kathmandu","Chandol kathmandu, Chandol, Kathmandu",Kathmandu,4300000,0,0,3.0,0,South,2074.0,399,1-4-0-0 Aana,14 Feet / Blacktopped,14 Feet , Blacktopped,1-4-0-0 Aana,10 months ago,[],1,14.0,6845.0,6845.0,Medium
"Chandol House : House For Sale In Chandol, Kathmandu","Chandol Kathmandu, Chandol, Kathmandu",Kathmandu,24500000,4,3,2.0,2,East,2073.0,556,0-3-2-0 Aana,4 Meter / Soil Stabilized,4 Meter , Soil Stabilized,0-3-2-0 Aana,10 months ago,"['Garage', 'Garden', 'Water Supply', 'TV Cable', 'Solar Water', 'Water Tank', 'Modular Kitchen']",0,13.12336,1197.875,1197.875,High
"Bansbari Mainroad : House For Sale In Maharajgunj, Kathmandu","Bansbari mainroad, Maharajgunj, Kathmandu",Kathmandu,80000000,18,6,4.0,0,East,2060.0,346,0-8-0-0 Aana,9 Meter / Soil Stabilized,9 Meter , Soil Stabilized,0-8-0-0 Aana,10 months ago,['Water Supply'],0,29.52756,2738.0,2738.0,Premium
"Land : Land For Sale In Bhaisepati, Lalitpur","Bhaisepati ,Lalitpur, Bhaisepati, Lalitpur",Lalitpur,3600000,0,0,3.0,0,South,2074.0,511,4 Aana,12 Feet,12 Feet,Unknown,N/A Aana,11 months ago,[],1,12.0,1369.0,,Medium
"Chitwanma Sasto Ghaderi : Land For Sale In Chitrawan, Chitwan","Bharatpur 14 chitwan, Chitrawan, Chitwan",Chitwan,3800000,0,0,3.0,0,West,2074.0,595,20 Dhur,9 Meter / Blacktopped,9 Meter , Blacktopped,N/A Dhur,11 months ago,"['Wifi', 'Water Supply', 'TV Cable']",1,29.52756,3645.0,,Medium
"Land For Sale In Baluwatar, Kathmandu","Tudaldevi, Baluwatar, Kathmandu",Kathmandu,3600000,0,0,3.0,0,North,2074.0,643,13 Aana,10 Feet / Gravelled,10 Feet , Gravelled,N/A Sq. Feet,11 months ago,[],1,10.0,4449.25,,Medium
"Land For Sale : Land For Sale In Taadi, Chitwan","Ratnanagar Tandi Chitwan, Taadi, Chitwan",Chitwan,9000000,0,0,3.0,0,East,2074.0,267,1 Kattha,20 Feet,20 Feet,Unknown,N/A Aana,11 months ago,[],1,20.0,3645.0,,High
"House For Sale In Bharatpur, Chitwan","2, Bharatpur, Chitwan",Chitwan,23000000,15,6,3.0,10,North,2075.0,363,10 Dhur,20 Feet / Blacktopped,20 Feet , Blacktopped,10 Dhur,11 months ago,"['Garage', 'Balcony', 'Fencing', 'TV Cable', 'Wifi', 'Water Supply', 'Water Tank']",0,20.0,1822.5,1822.5,High
"House For Sale In Baluwatar, Kathmandu","Near PM Quarter, Baluwatar, Kathmandu",Kathmandu,33500000,0,0,3.0,1,East,2074.0,1K,5 Aana,20 Feet / Blacktopped,20 Feet , Blacktopped,N/A Sq. Feet,11 months ago,"['Balcony', 'TV Cable', 'Drainage', 'Water Supply', 'Water Tank']",1,20.0,1711.25,,Premium
"House For Sale In Baniyatar, Kathmandu","Baniyatar, Baniyatar, Kathmandu",Kathmandu,32000000,9,4,3.0,0,East,2074.0,342,5 Aana,10 Feet / Blacktopped,10 Feet , Blacktopped,N/A Sq. Feet,11 months ago,"['Balcony', 'TV Cable', 'Wifi', 'Drainage', 'Water Supply', 'Solar Water', 'Water Tank']",1,10.0,1711.25,,Premium
"House For Sale In Jorpati, Kathmandu","Jorpati, Jorpati, Kathmandu",Kathmandu,14000000,0,0,3.0,1,East,2074.0,444,2.5 Aana,10 Feet,10 Feet,Unknown,N/A Sq. Feet,11 months ago,"['Balcony', 'TV Cable', 'Drainage', 'Water Supply', 'Water Tank']",1,10.0,855.625,,High
"House For Sale In Baniyatar, Kathmandu","Baniyatar, Baniyatar, Kathmandu",Kathmandu,35000000,10,3,3.0,0,North,2074.0,265,4 Aana,16 Feet / Blacktopped,16 Feet , Blacktopped,N/A Sq. Feet,11 months ago,"['Balcony', 'TV Cable', 'Wifi', 'Drainage', 'Water Supply', 'Water Tank']",1,16.0,1369.0,,Premium
"House For Sale In Nakkhu, Lalitpur","Nearby of Medicity Hospital, Nakkhu, Lalitpur",Lalitpur,25500000,4,4,2.5,0,North West,2074.0,755,4.2 Aana,14 Feet / Gravelled,14 Feet , Gravelled,N/A Sq. Feet,11 months ago,"['Balcony', 'TV Cable', 'Wifi', 'Drainage', 'Water Supply', 'Solar Water', 'Water Tank']",1,14.0,1437.45,,High
"House For Sale In Thasikhel, Lalitpur","Shabyatanagar, Lalitpur, Thasikhel, Lalitpur",Lalitpur,24000000,12,4,3.0,4,South East,2074.0,303,4 Aana,0 Feet,0 Feet,Unknown,4 Aana,11 months ago,"['Water Supply', 'Balcony', 'Water Well', 'Fencing', 'TV Cable', 'Wifi', 'Drainage']",1,0.0,1369.0,1369.0,High
"House For Sale In Dhapasi, Kathmandu","Dhapashi, Basundhara, Tokha - 5, Dhapasi, Kathmandu",Kathmandu,18700000,1,1,3.0,1,East,2074.0,412,0-5-1-0 Aana,7 Feet,7 Feet,Unknown,0-3-0-0 Aana,11 months ago,"['Backyard', 'Water Supply', 'Drainage', 'Garden', 'Fencing', 'Water Well']",1,7.0,1796.8125,1026.75,High
"Flat For Rent In Sankhamul, Kathmandu","Newbaneshwar , Radhamarga, Sankhamul, Kathmandu",Kathmandu,19500,0,0,3.0,0,East,2074.0,646,800 Sq. Feet,0 Feet,0 Feet,Unknown,N/A Aana,11 months ago,[],1,0.0,800.0,,Low
"Attractive Land In Kirtipur : Land For Sale In Kirtipur, Kirtipur","Bhutkhel, Kirtipur, Kathmandu",Kathmandu,1600000,0,0,3.0,0,East,2074.0,257,28 Aana,20 Feet / Gravelled,20 Feet , Gravelled,28 Aana,11 months ago,[],1,20.0,9583.0,9583.0,Medium
"House For Sale In Imadol, Lalitpur","Near Buddha Party Palace, Imadol, Lalitpur",Lalitpur,16500000,5,3,3.0,0,South,2074.0,635,3.5 Aana,13 Feet / Blacktopped,13 Feet , Blacktopped,N/A Sq. Feet,11 months ago,"['Balcony', 'TV Cable', 'Wifi', 'Drainage', 'Water Supply', 'Water Tank']",1,13.0,1197.875,,High
"Prachanda Chitrakar : Hostel For Rent In Ason, Kathmandu","Thahity, Ason, Kathmandu",Kathmandu,190000150000,0,0,7.0,3,West,1994.0,352,2 Aana,20 Feet / Blacktopped,20 Feet , Blacktopped,5500 Sq. Feet,11 months ago,"['Drainage', 'Water Supply']",0,20.0,684.5,5500.0,Premium
"Land For Sale In Gokarneshwor, Kathmandu","Nearby, Baluwa Gaabisa, Gokarneshwor, Kathmandu",Kathmandu,750000,0,0,3.0,0,West,2074.0,375,4 Aana,13 Feet / Soil Stabilized,13 Feet , Soil Stabilized,N/A Sq. Feet,11 months ago,[],1,13.0,1369.0,,Low
"Land For Sale In Lubhu, Lalitpur","Lubhu, Lubhu, Lalitpur",Lalitpur,1250000,0,0,3.0,0,North,2074.0,300,5 Ropani,20 Feet,20 Feet,Unknown,N/A Sq. Feet,11 months ago,[],1,20.0,27380.0,,Low
"House For Sale In Hadigaun, Kathmandu","Hadigaun, Hadigaun, Kathmandu",Kathmandu,25000000,0,0,4.0,0,West,2074.0,323,3 Aana,13 Feet,13 Feet,Unknown,N/A Sq. Feet,11 months ago,"['Balcony', 'TV Cable', 'Drainage', 'Water Supply', 'Water Tank']",1,13.0,1026.75,,High
"House For Sale In Sukedhara, Kathmandu","Sukedhara, Sukedhara, Kathmandu",Kathmandu,31800000,10,0,3.0,0,East,2074.0,473,5.1 Aana,14 Feet / Blacktopped,14 Feet , Blacktopped,N/A Sq. Feet,11 months ago,"['Balcony', 'TV Cable', 'Wifi', 'Drainage', 'Water Supply', 'Water Tank']",1,14.0,1745.475,,Premium
"Land For Sale In Hattigauda, Kathmandu","Hattigauda, Hattigauda, Kathmandu",Kathmandu,2500000,0,0,3.0,0,South,2074.0,346,9 Aana,15 Feet / Soil Stabilized,15 Feet , Soil Stabilized,N/A Sq. Feet,11 months ago,[],1,15.0,3080.25,,Medium
"House For Sale In Sukedhara, Kathmandu","Sukedhara, Sukedhara, Kathmandu",Kathmandu,27500000,0,0,3.0,0,North,2074.0,351,4 Aana,13 Feet / Gravelled,13 Feet , Gravelled,N/A Sq. Feet,11 months ago,[],1,13.0,1369.0,,Premium
"Land : Land For Sale In Joranku, Kathmandu","Tarkeshwor Municipality, Joranku, Kathmandu",Kathmandu,84000002100000,0,0,3.0,0,East,2074.0,208,4 Aana,10 Feet / Gravelled,10 Feet , Gravelled,N/A Aana,11 months ago,[],1,10.0,1369.0,,Premium
"6 Aana 4 Kune Plating Jagga : Land For Sale In Lalitpur, Lalitpur","Jharuwarashi, Lalitpur, Lalitpur",Lalitpur,78000001300000,0,0,3.0,0,East,2074.0,414,0-6-0-0 Aana,20 Feet,20 Feet,Unknown,0-6-0-0 Aana,11 months ago,[],1,20.0,2053.5,2053.5,Premium
"House For Sale In Tokha, Kathmandu","Greenland Chowk, Tokha, Kathmandu",Kathmandu,26000000,0,0,3.0,0,West,2074.0,309,4.1 Aana,15 Feet / Blacktopped,15 Feet , Blacktopped,N/A Sq. Feet,11 months ago,"['Balcony', 'TV Cable', 'Wifi', 'Drainage', 'Water Supply', 'Water Tank']",1,15.0,1403.225,,High
"Business For Sale In Pepsicola, Kathmandu","Nearby, Sunsite, Pepsicola, Kathmandu",Kathmandu,800000,0,0,3.0,0,West,2074.0,216,600 Sq. Feet,15 Feet / Blacktopped,15 Feet , Blacktopped,N/A Sq. Feet,11 months ago,[],1,15.0,600.0,,Low
"House For Sale In Satungal, Kathmandu","Satungal, Satungal, Kathmandu",Kathmandu,9500000,4,0,3.0,0,South,2074.0,595,4 Aana,15 Feet / Soil Stabilized,15 Feet , Soil Stabilized,N/A Sq. Feet,11 months ago,"['TV Cable', 'Drainage', 'Water Supply', 'Water Tank']",1,15.0,1369.0,,High
"House For Sale In Kapan, Kathmandu","Aakashaydhara, Kapan, Kathmandu",Kathmandu,15000000,0,0,3.0,0,West,2074.0,329,3 Aana,13 Feet / Blacktopped,13 Feet , Blacktopped,N/A Sq. Feet,11 months ago,"['Garden', 'TV Cable', 'Wifi', 'Drainage', 'Water Supply', 'Water Tank']",1,13.0,1026.75,,High
"House For Rent In Budhanilkantha, Kathmandu","italittar, Budhanilkantha, Kathmandu",Kathmandu,43000,4,3,3.0,0,West,2074.0,399,2000 Sq. Feet,15 Feet / Blacktopped,15 Feet , Blacktopped,N/A Sq. Feet,11 months ago,"['Balcony', 'TV Cable', 'Drainage', 'Water Supply', 'Water Tank']",1,15.0,2000.0,,Low
"2 Commerical House Sale In Naxal : House For Sale In Naxal, Kathmandu","naxal main road , next to NMB Bank, Naxal, Kathmandu",Kathmandu,150000000,0,0,3.5,0,North,2065.0,372,0-6-2-0 Aana,20 Feet,20 Feet,Unknown,4000 Sq. Feet,11 months ago,"['Garage', 'Garden', 'Water Supply', 'TV Cable', 'Water Well', 'Drainage', 'Water Tank']",0,20.0,2224.625,4000.0,Premium
"House For Sale In Budhanilkantha, Kathmandu","Hepali Height, Budhanilkantha, Kathmandu",Kathmandu,42500000,5,4,3.0,0,South West,2074.0,2.9K,5.5 Aana,20 Feet,20 Feet,Unknown,N/A Sq. Feet,11 months ago,"['Balcony', 'TV Cable', 'Wifi', 'Drainage', 'Water Supply', 'Water Tank']",1,20.0,1882.375,,Premium
"Flat For Rent In Hattiban, Lalitpur","Nearby, Cancer Hospital, Hattiban, Lalitpur",Lalitpur,30000,0,0,3.0,0,North,2074.0,885,800 Sq. Feet,15 Feet / Blacktopped,15 Feet , Blacktopped,N/A Sq. Feet,11 months ago,"['Balcony', 'TV Cable', 'Wifi', 'Drainage', 'Water Supply', 'Solar Water', 'Water Tank']",1,15.0,800.0,,Low
"Land For Sale In Suryabinayak, Bhaktapur","Suryabinayak, Suryabinayak, Bhaktapur",Bhaktapur,1675000,0,0,3.0,0,East,2074.0,306,0-4-0-2 Aana,31 Feet,31 Feet,Unknown,N/A Sq. Feet,11 months ago,[],1,31.0,1411.78125,,Medium
"Business For Sale In Kalimati, Kathmandu","Nearby Solti Hotel, Kalimati, Kathmandu",Kathmandu,6000000,0,0,3.0,0,West,2074.0,214,700 Sq. Feet,15 Feet / Blacktopped,15 Feet , Blacktopped,N/A Sq. Feet,11 months ago,[],1,15.0,700.0,,Medium
"House For Sale In Tokha, Kathmandu","Mahadevtar, Tokha, Kathmandu",Kathmandu,60000000,0,0,3.0,3,East,2074.0,242,9 Aana,13 Feet,13 Feet,Unknown,N/A Sq. Feet,11 months ago,"['Balcony', 'TV Cable', 'Drainage', 'Water Supply', 'Water Tank']",1,13.0,3080.25,,Premium
"House For Sale In Tahachal, Kathmandu","Tahachal, Kathmandu, Tahachal, Kathmandu",Kathmandu,40000000,0,0,2.5,0,West,2074.0,354,6.1 Aana,20 Feet / Paved,20 Feet , Paved,3.5 Aana,11 months ago,[],1,20.0,2087.725,1197.875,Premium
"Bafal Kohinoor Housing Colony : House For Sale In Kalimati, Kathmandu","Purano Kalimati, Kalimati, Kathmandu",Kathmandu,29500000,0,0,3.0,0,East,2074.0,430,0-3-3-0 Aana,0 Feet,0 Feet,Unknown,N/A Aana,11 months ago,[],1,0.0,1283.4375,,Premium
"House For Sale In Sukedhara, Kathmandu","Sukedhara, Sukedhara, Kathmandu",Kathmandu,19000000,3,2,2.0,0,South West,2074.0,1.1K,3.1 Aana,24 Feet / Blacktopped,24 Feet , Blacktopped,N/A Sq. Feet,11 months ago,"['Balcony', 'TV Cable', 'Wifi', 'Drainage', 'Water Supply', 'Water Tank']",1,24.0,1060.9750000000001,,High
"Land For Sale In Thapathali, Kathmandu","Behind Rastra Bank, Thapathali, Kathmandu",Kathmandu,7500000,0,0,3.0,0,East,2074.0,282,12.5 Aana,18 Feet / Gravelled,18 Feet , Gravelled,N/A Sq. Feet,11 months ago,[],1,18.0,4278.125,,Medium
"House For Sale In Basundhara, Kathmandu","Basundhara, Basundhara, Kathmandu",Kathmandu,32500000,4,3,3.0,0,North West,2074.0,335,5.5 Aana,16 Feet / Gravelled,16 Feet , Gravelled,N/A Sq. Feet,11 months ago,"['Balcony', 'TV Cable', 'Wifi', 'Drainage', 'Water Supply', 'Water Tank']",1,16.0,1882.375,,Premium
"House For Sale In Bhaisepati, Lalitpur","Gokul Aawas, Bhaisepati, Lalitpur",Lalitpur,44500000,5,5,3.0,0,North,2074.0,641,6.5 Aana,16 Feet / Gravelled,16 Feet , Gravelled,N/A Sq. Feet,11 months ago,[],1,16.0,2224.625,,Premium
"House For Sale In Hattigauda, Kathmandu","Hattigauda, Hattigauda, Kathmandu",Kathmandu,32000000,5,4,3.0,0,South,2074.0,301,5 Aana,15 Feet / Gravelled,15 Feet , Gravelled,N/A Sq. Feet,11 months ago,"['Balcony', 'TV Cable', 'Wifi', 'Drainage', 'Water Supply', 'Solar Water', 'Water Tank']",1,15.0,1711.25,,Premium
"House For Sale In Basundhara, Kathmandu","Basundhara, Basundhara, Kathmandu",Kathmandu,26000000,5,3,3.0,0,East,2074.0,3.4K,4.3 Aana,12 Feet / Blacktopped,12 Feet , Blacktopped,N/A Sq. Feet,11 months ago,"['Balcony', 'TV Cable', 'Wifi', 'Drainage', 'Water Supply', 'Solar Water', 'Water Tank']",1,12.0,1471.675,,High
"Land For Sale In Hattigauda, Kathmandu","Hattigauda, Hattigauda, Kathmandu",Kathmandu,2800000,0,0,3.0,0,West,2074.0,276,18 Aana,15 Feet / Soil Stabilized,15 Feet , Soil Stabilized,N/A Sq. Feet,11 months ago,[],1,15.0,6160.5,,Medium
"House For Sale In Nagdhunga, Kathmandu","Nagdhunga, Nagdhunga, Kathmandu",Kathmandu,9500000,4,2,2.0,0,West,2074.0,460,3.2 Aana,15 Feet / Soil Stabilized,15 Feet , Soil Stabilized,N/A Sq. Feet,11 months ago,"['Balcony', 'TV Cable', 'Wifi', 'Drainage', 'Water Supply', 'Water Tank']",1,15.0,1095.2,,High
"Land For Sale In Dakshinkali, Kathmandu","Farsidol, Dakshinkali, Kathmandu",Kathmandu,400000,0,0,3.0,0,East,2074.0,341,16 Aana,0 Feet,0 Feet,Unknown,N/A Aana,11 months ago,[],1,0.0,5476.0,,Low
"House For Sale In Sitapaila, Kathmandu","Sitapaila, Sitapaila, Kathmandu",Kathmandu,25000000,6,4,3.0,0,North,2074.0,636,5 Aana,13 Feet / Blacktopped,13 Feet , Blacktopped,N/A Sq. Feet,11 months ago,"['Balcony', 'TV Cable', 'Wifi', 'Drainage', 'Water Supply', 'Water Tank']",1,13.0,1711.25,,High
"House For Sale In Thankot, Kathmandu","Near by kalikasthan temple, Thankot, Kathmandu",Kathmandu,17500000,5,2,3.0,0,South,2074.0,344,4 Aana,16 Feet / Blacktopped,16 Feet , Blacktopped,N/A Sq. Feet,11 months ago,"['Balcony', 'TV Cable', 'Wifi', 'Drainage', 'Water Supply', 'Water Tank']",1,16.0,1369.0,,High
"House For Rent In Chabahil, Kathmandu","Bulbule, Chabahil, Kathmandu",Kathmandu,100000,1,1,4.0,1,West,2070.0,458,4 Aana,16 Feet,16 Feet,Unknown,3.5 Aana,11 months ago,"['Garage', 'Balcony', 'Fencing', 'Garden', 'Drainage', 'Water Supply', 'TV Cable', 'Water Tank']",0,16.0,1369.0,1197.875,Low
"Flat For Rent In Sanepa, Lalitpur","sanepa, Sanepa, Lalitpur",Lalitpur,19900,2,1,3.0,1,East,2074.0,586,00 Aana,20 Feet / Blacktopped,20 Feet , Blacktopped,N/A Aana,11 months ago,['Water Supply'],1,20.0,0.0,,Low
"Darkroom : Business For Sale In Kupondole, Lalitpur","Kupondole, Kupondole, Lalitpur",Lalitpur,2200000,0,1,4.0,10,East,2074.0,195,1000 Sq. Feet,14 Feet / Paved,14 Feet , Paved,1000 Sq. Feet,11 months ago,[],1,14.0,1000.0,1000.0,Medium
"House For Sale In Syuchatar, Kathmandu","Nagarjun, Syuchatar, Kathmandu",Kathmandu,40000000,0,0,3.0,0,South,2074.0,413,20 Aana,16 Feet / Blacktopped,16 Feet , Blacktopped,N/A Sq. Feet,11 months ago,"['Balcony', 'Garden', 'TV Cable', 'Wifi', 'Drainage', 'Water Supply', 'Solar Water', 'Water Tank']",1,16.0,6845.0,,Premium
"Business For Sale In Machha Pokhari, Kathmandu","Opp. to Machapokhari Complex, Machha Pokhari, Kathmandu",Kathmandu,1800000,0,0,3.0,0,North,2074.0,211,300 Sq. Feet,13 Feet / Blacktopped,13 Feet , Blacktopped,N/A Sq. Feet,11 months ago,[],1,13.0,300.0,,Medium
"House For Sale In Goldhunga, Kathmandu","Nearby, Rangasala, Goldhunga, Kathmandu",Kathmandu,6500000,3,1,1.0,0,West,2074.0,608,2.5 Aana,10 Feet / Soil Stabilized,10 Feet , Soil Stabilized,N/A Sq. Feet,11 months ago,"['TV Cable', 'Drainage', 'Water Supply', 'Water Tank']",1,10.0,855.625,,Medium
"Land For Sale In Swayambhu, Kathmandu","Swayambhu, Swayambhu, Kathmandu",Kathmandu,850000,0,0,3.0,0,South,2074.0,639,4.3 Aana,13 Feet / Soil Stabilized,13 Feet , Soil Stabilized,N/A Sq. Feet,11 months ago,[],1,13.0,1471.675,,Low
"Land : Land For Sale In Dakshinkali, Kathmandu","Chalnakhel, dakshinkali-1, Dakshinkali, Kathmandu",Kathmandu,1350000,0,0,3.0,0,East,2074.0,230,12 Aana,14 Feet,14 Feet,Unknown,N/A Aana,11 months ago,['Water Supply'],1,14.0,4107.0,,Medium
"House : House For Sale In Kadaghari, Kathmandu","Kadaghari.pepsicola, Kadaghari, Kathmandu",Kathmandu,12500000,3,1,1.0,1,North East,2074.0,496,3 Aana,13 Feet / Gravelled,13 Feet , Gravelled,3 Aana,11 months ago,[],0,13.0,1026.75,1026.75,High
"2BHK Flat : Flat For Rent In Mulpani, Kathmandu","Dumadevi Mandir, Mulpani, Mulpani, Kathmandu",Kathmandu,14999,2,1,3.0,3,West,2075.0,459,4 Aana,8 Feet / Soil Stabilized,8 Feet , Soil Stabilized,N/A Aana,11 months ago,[],0,8.0,1369.0,,Low
"Devi Bhandari : House For Sale In Samakhusi, Kathmandu","samakhushi, Samakhusi, Kathmandu",Kathmandu,130000004000000,2,1,1.0,1,South,2071.0,350,0-2 -0-2 Aana,10 Feet / Soil Stabilized,10 Feet , Soil Stabilized,0-2-0-2 Aana,11 months ago,"['Water Well', 'Water Tank', 'Water Supply', 'Drainage']",0,10.0,727.28125,727.28125,Premium
"Land For Sale In Sankhamul, Kathmandu","Ganesh Marga, Sankhamul, Kathmandu",Kathmandu,6000000,0,0,3.0,0,East,2074.0,4K,4.5 Aana,13 Feet,13 Feet,Unknown,N/A Aana,11 months ago,[],1,13.0,1540.125,,Medium
"House On Sale : House For Sale In Maharajgunj, Kathmandu","Chapal kharkhana, Maharajgunj, Kathmandu",Kathmandu,70000000,7,5,3.0,8,East,2059.0,828,15 Aana,12 Feet / Blacktopped,12 Feet , Blacktopped,6 Aana,11 months ago,"['Lawn', 'Backyard', 'Balcony', 'Garden', 'Water Supply', 'Solar Water', 'Water Tank']",0,12.0,5133.75,2053.5,Premium
"Chitwan Ghaderi : Land For Sale In Bharatpur, Chitwan","14, Bharatpur, Chitwan",Chitwan,3800000,0,0,3.0,0,West,2074.0,493,1 Kattha,9 Meter / Blacktopped,9 Meter , Blacktopped,1 Kattha,11 months ago,[],1,29.52756,3645.0,3645.0,Medium
"Business For Sale In Gatthaghar, Bhaktapur","Nearby Siddhartha School, Gatthaghar, Bhaktapur",Bhaktapur,1700000,0,0,3.0,0,North,2074.0,232,800 Sq. Feet,13 Feet / Blacktopped,13 Feet , Blacktopped,N/A Sq. Feet,11 months ago,[],1,13.0,800.0,,Medium
"House For Sale In Imadol, Lalitpur","Near Pawan Prakriti School, Imadol, Lalitpur",Lalitpur,14200000,2,1,1.0,4,East,2074.0,531,3.5 Aana,20 Feet / Gravelled,20 Feet , Gravelled,N/A Aana,11 months ago,[],0,20.0,1197.875,,High
"Business For Sale In Jorpati, Kathmandu","Jorpati Chowk, Jorpati, Kathmandu",Kathmandu,1300000,0,0,3.0,0,South,2074.0,194,600 Sq. Feet,15 Feet / Blacktopped,15 Feet , Blacktopped,N/A Sq. Feet,11 months ago,[],1,15.0,600.0,,Low
"Business For Sale In Koteshwor, Kathmandu","Nearby Mahadevsthan Mandir, Koteshwor, Kathmandu",Kathmandu,1000000,0,0,3.0,0,North,2074.0,174,700 Sq. Feet,13 Feet / Blacktopped,13 Feet , Blacktopped,N/A Sq. Feet,11 months ago,[],1,13.0,700.0,,Low
"Land On Sale At Budhanilkantha : Land For Sale In Budhanilkantha, Kathmandu","Jyotinagar, Budhanilkantha, Kathmandu",Kathmandu,2500000,0,0,3.0,0,East,2074.0,1.4K,0-4-2-0 Aana,20 Feet / Gravelled,20 Feet , Gravelled,N/A Sq. Feet,11 months ago,[],1,20.0,1540.125,,Medium
"Land At Jyotinagar : Land For Sale In Budhanilkantha, Kathmandu","Jyotinagar, Budhanilkantha, Kathmandu",Kathmandu,2800000,0,0,3.0,0,North East,2074.0,282,0-4-3-2 Aana,13 Feet / Paved,13 Feet , Paved,N/A Sq. Feet,11 months ago,[],1,13.0,1668.46875,,Medium
"Land For Sale In Thecho, Lalitpur","Thecho, Thecho, Lalitpur",Lalitpur,1400000,0,0,3.0,0,South,2074.0,283,7 Aana,23 Feet,23 Feet,Unknown,N/A Sq. Feet,11 months ago,[],1,23.0,2395.75,,Medium
"House For Sale In Samakhusi, Kathmandu","Samakhusi, Samakhusi, Kathmandu",Kathmandu,55000000,0,0,3.0,0,East,2074.0,307,8 Sq. Feet,13 Feet,13 Feet,Unknown,N/A Sq. Feet,11 months ago,"['Balcony', 'TV Cable', 'Drainage', 'Water Supply', 'Water Tank']",1,13.0,8.0,,Premium
"Sitapila : Land For Sale In Sitapaila, Kathmandu","Sitapila, Sitapaila, Kathmandu",Kathmandu,216000002700000,0,0,3.0,0,East,2074.0,405,0-8-1-0 Aana,12 Feet / Paved,12 Feet , Paved,2738 Sq. Feet,11 months ago,[],1,12.0,2823.5625,2738.0,Premium
"House For Sale In Lazimpat, Kathmandu","Lazimpat, Lazimpat, Kathmandu",Kathmandu,30000000,0,0,3.0,0,South East,2074.0,550,6 Aana,10 Feet,10 Feet,Unknown,N/A Sq. Feet,11 months ago,"['Balcony', 'TV Cable', 'Drainage', 'Water Supply', 'Water Tank']",1,10.0,2053.5,,Premium
"New Ghar Bikarima Kapan Ekatabasti : House For Sale In Budhanilkantha, Kathmandu","Kapan, Budhanilkantha, Kathmandu",Kathmandu,12800000,2,1,1.0,2,West,2075.0,630,3.2 Aana,12 Feet / Gravelled,12 Feet , Gravelled,3.1 Aana,11 months ago,"['Water Supply', 'Garden', 'Modular Kitchen', 'TV Cable', 'Water Tank']",0,12.0,1095.2,1060.9750000000001,High
"House For Sale In Manamaiju, Kathmandu","Manamaiju, Manamaiju, Kathmandu",Kathmandu,25000000,0,0,3.0,0,West,2074.0,420,5.5 Aana,13 Feet,13 Feet,Unknown,N/A Sq. Feet,11 months ago,"['Balcony', 'TV Cable', 'Drainage', 'Water Supply', 'Water Tank']",1,13.0,1882.375,,High
"House For Sale In Gongabu, Kathmandu","Nearby Indraini Bridge, Gongabu, Kathmandu",Kathmandu,12500000,0,0,1.0,1,East,2074.0,517,3.25 Aana,10 Feet,10 Feet,Unknown,N/A Sq. Feet,11 months ago,"['TV Cable', 'Drainage', 'Water Supply', 'Water Tank']",1,10.0,1112.3125,,High
"Land For Sale In Gongabu, Kathmandu","New Buspark, Gongabu, Kathmandu",Kathmandu,4500000,0,0,3.0,0,North West,2074.0,197,5 Aana,15 Feet,15 Feet,Unknown,N/A Sq. Feet,11 months ago,[],1,15.0,1711.25,,Medium
"House For Sale In Dhungedhara, Kathmandu","Dhungedhara, Dhungedhara, Kathmandu",Kathmandu,23000000,0,0,3.0,0,South,2074.0,2.3K,4 Aana,12 Feet,12 Feet,Unknown,N/A Sq. Feet,11 months ago,"['Balcony', 'TV Cable', 'Drainage', 'Water Supply', 'Water Tank']",1,12.0,1369.0,,High
"House For Sale In Chandol, Kathmandu","Chandol, Chandol, Kathmandu",Kathmandu,15000000,0,0,3.0,0,South East,2074.0,354,2 Aana,20 Feet,20 Feet,Unknown,N/A Sq. Feet,11 months ago,"['Drainage', 'Water Tank']",1,20.0,684.5,,High
"Land For Sale In Kapan, Kathmandu","Chunikhel, Kapan, Kathmandu",Kathmandu,1600000,0,0,3.0,0,South,2074.0,346,0-18-0-2 Aana,20 Feet,20 Feet,Unknown,N/A Sq. Feet,11 months ago,[],1,20.0,6203.28125,,Medium
"House For Sale In Budhanilkantha, Kathmandu","Chappali Bhadrakali, Budhanilkantha, Kathmandu",Kathmandu,25000000,0,0,3.0,1,South East,2074.0,520,4 Aana,13 Feet,13 Feet,Unknown,N/A Sq. Feet,11 months ago,"['Balcony', 'TV Cable', 'Drainage', 'Water Supply', 'Water Tank']",1,13.0,1369.0,,High
"Land For Sale In Fulbari, Pokhara","Fulbari, Near to Ward 11 office, Fulbari, Pokhara",Pokhara,2300000,0,0,3.0,0,South,2074.0,515,5 Aana,15 Feet / Blacktopped,15 Feet , Blacktopped,N/A Sq. Feet,11 months ago,[],1,15.0,1711.25,,Medium
"Hotel Rupa Begnas Lake Inn : House For Sale In Lekhnath, Pokhara","Begnas lake, Lekhnath, Pokhara",Pokhara,2000000025,9,10,3.0,3,North,2074.0,439,0-4-0-0 Aana,20 Feet / Gravelled,20 Feet , Gravelled,0-2-3-0 Aana,11 months ago,"['Garage', 'Backyard', 'Balcony', 'Frontyard', 'Garden', 'Microwave', 'TV Cable', 'Washing Machine', 'Wifi', 'Water Supply', 'Solar Water']",0,20.0,1369.0,941.1875,Premium
"Land For Sale In Balaju, Kathmandu","Balaju Bypass, Balaju, Kathmandu",Kathmandu,4500000,0,0,3.0,0,West,2074.0,310,0-9-2-1 Aana,16 Feet,16 Feet,Unknown,N/A Sq. Feet,11 months ago,[],1,16.0,3272.765625,,Medium
"House For Sale In Jorpati, Kathmandu","Besigaun, Jorpati, Kathmandu",Kathmandu,39000000,9,4,5.0,0,East,2074.0,295,3 Aana,11 Meter,11 Meter,Unknown,N/A Sq. Feet,11 months ago,"['Balcony', 'Drainage', 'Water Supply', 'Water Tank', 'Water Well']",1,36.08924,1026.75,,Premium
"Beautiful Land Sale On Radhe Radhe Bhaktapur : Land For Sale In Bhaktapur, Bhaktapur","Bhaktapur, Bhaktapur, Bhaktapur",Bhaktapur,140000003500000,0,0,3.0,0,South,2076.0,515,0-4-0-0 Aana,13 Feet / Gravelled,13 Feet , Gravelled,N/A Aana,11 months ago,[],0,13.0,1369.0,,Premium
"Land For Sale In Bharatpur, Chitwan","Krishi Chowk, Bharatpur, Chitwan",Chitwan,1300000,0,0,3.0,0,North,2074.0,780,4 Kattha,10 Feet / Soil Stabilized,10 Feet , Soil Stabilized,N/A Kattha,11 months ago,[],1,10.0,14580.0,,Low
"Land For Sale In Gokarneshwor, Kathmandu","Suntakhan, Gokarneshwor, Kathmandu",Kathmandu,950000,0,0,3.0,0,West,2074.0,261,1-0-0-3 Ropani,32 Feet / Soil Stabilized,32 Feet , Soil Stabilized,N/A Sq. Feet,11 months ago,[],1,32.0,5540.171875,,Low
"Land For Sale In Gokarneshwor, Kathmandu","Nearby, Nayapati Gumba, Gokarneshwor, Kathmandu",Kathmandu,1650000,0,0,3.0,0,North,2074.0,435,5.2 Aana,20 Feet / Soil Stabilized,20 Feet , Soil Stabilized,N/A Sq. Feet,11 months ago,[],1,20.0,1779.7,,Medium
"House For Sale In Nakhipot, Lalitpur","Milan Chowk, Nakhipot, Lalitpur",Lalitpur,20500000,0,0,3.0,0,South,2074.0,694,4 Aana,10 Feet / Gravelled,10 Feet , Gravelled,N/A Sq. Feet,11 months ago,"['Balcony', 'TV Cable', 'Wifi', 'Drainage', 'Water Supply', 'Solar Water', 'Water Tank']",1,10.0,1369.0,,High
"Land For Sale In Jorpati, Kathmandu","Chamunda Mandir, Jorpati, Kathmandu",Kathmandu,2100000,0,0,3.0,0,North,2074.0,281,4.2 Aana,13 Feet / Soil Stabilized,13 Feet , Soil Stabilized,N/A Sq. Feet,11 months ago,[],1,13.0,1437.45,,Medium
"Land For Sale In Jorpati, Kathmandu","Aarubot, Jorpati, Kathmandu",Kathmandu,2100000,0,0,3.0,0,South,2074.0,382,4 Aana,13 Feet / Gravelled,13 Feet , Gravelled,N/A Sq. Feet,11 months ago,[],1,13.0,1369.0,,Medium
"Under Construction House On Sale : House For Sale In Budhanilkantha, Kathmandu","Jyotinagar, Budhanilkantha, Kathmandu",Kathmandu,27500000,10,3,3.0,2,South,2076.0,1.3K,0-4-1-0 Aana,13 Feet / Blacktopped,13 Feet , Blacktopped,N/A Sq. Feet,11 months ago,"['Garage', 'Backyard', 'Fencing', 'Frontyard', 'Microwave', 'Modular Kitchen', 'TV Cable', 'Drainage', 'Water Supply']",0,13.0,1454.5625,,Premium
"Land For Sale In Thali, Kathmandu","Near by Shanti Batika., Thali, Kathmandu",Kathmandu,1650000,0,0,3.0,0,South,2074.0,219,4 Aana,13 Feet / Soil Stabilized,13 Feet , Soil Stabilized,N/A Sq. Feet,11 months ago,[],1,13.0,1369.0,,Medium
"House For Sale In Balkhu, Kathmandu","Brihat Cluster, Balkhu, Kathmandu",Kathmandu,22835000,4,3,3.0,0,West,2074.0,819,0-3-1-2 Sq. Feet,20 Feet,20 Feet,Unknown,1650 Sq. Feet,11 months ago,"['Balcony', 'TV Cable', 'Drainage', 'Water Supply', 'Water Tank']",1,20.0,1155.09375,1650.0,High
"House For Sale In Jorpati, Kathmandu","Narayantar, Jorpati, Kathmandu",Kathmandu,16500000,9,3,3.0,0,South West,2074.0,614,3 Aana,10 Feet / Gravelled,10 Feet , Gravelled,N/A Sq. Feet,11 months ago,"['Balcony', 'TV Cable', 'Wifi', 'Drainage', 'Water Supply', 'Solar Water', 'Water Tank']",1,10.0,1026.75,,High
"Land For Sale In Budhanilkantha, Kathmandu","Nearby, Panchkanyaa School, Budhanilkantha, Kathmandu",Kathmandu,2100000,0,0,3.0,0,North,2074.0,328,4 Aana,13 Feet / Soil Stabilized,13 Feet , Soil Stabilized,N/A Sq. Feet,11 months ago,[],1,13.0,1369.0,,Medium
"Land For Sale In Tokha, Kathmandu","Nearby, Manakamana Mandir, Tokha, Kathmandu",Kathmandu,1600000,0,0,3.0,0,North,2074.0,261,4 Aana,12 Feet / Gravelled,12 Feet , Gravelled,N/A Sq. Feet,11 months ago,[],1,12.0,1369.0,,Medium
"Land For Sale In Lele, Lalitpur","Lele, Lele, Lalitpur",Lalitpur,600000,0,0,3.0,0,South East,2074.0,288,37 Aana,15 Feet / Soil Stabilized,15 Feet , Soil Stabilized,N/A Sq. Feet,11 months ago,[],1,15.0,12663.25,,Low
"Newly Constructed House : House For Sale In Budhanilkantha, Kathmandu","Jyotinagar, Budhanilkantha, Budhanilkantha, Kathmandu",Kathmandu,32000000,5,4,3.0,2,South East,2076.0,4K,0-5-1-0 Aana,13 Feet / Blacktopped,13 Feet , Blacktopped,N/A Sq. Feet,11 months ago,"['Garage', 'Backyard', 'Balcony', 'Deck', 'Fencing', 'Frontyard', 'Modular Kitchen', 'TV Cable', 'Wifi', 'Drainage', 'Water Supply', 'Solar Water', 'Water Well']",0,13.0,1796.8125,,Premium
"Mountain Property : Land For Sale In Kamalpokhari, Pokhara","Hudikot, Pokhara, Kamalpokhari, Pokhara",Pokhara,2500000,0,0,3.0,0,North,2074.0,390,5 Ropani,0 Feet,0 Feet,Unknown,N/A Aana,11 months ago,[],1,0.0,27380.0,,Medium
"Pragati Nagar : Land For Sale In Chauthe, Pokhara","chauthe. Pokhara, Chauthe, Pokhara",Pokhara,650000,0,0,3.0,0,North,2074.0,329,2 Ropani,0 Feet,0 Feet,Unknown,N/A Aana,11 months ago,[],1,0.0,10952.0,,Low
"Land Near Prithivi Highway : Land For Sale In Chauthe, Pokhara","Chauthe, Pokhara, Chauthe, Pokhara",Pokhara,12000000,0,0,3.0,0,North East,2074.0,453,20 Aana,20 Feet / Gravelled,20 Feet , Gravelled,N/A Aana,11 months ago,[],1,20.0,6845.0,,High
"22 Aana Land For Sale Near Iceland Hotel Pokhara : Land For Sale In Dhampus, Kaski","Pokhara, Dhampus, Kaski",Kaski,1500000015,0,0,3.0,0,East,2074.0,438,22 Aana,20 Feet / Soil Stabilized,20 Feet , Soil Stabilized,N/A Aana,11 months ago,[],1,20.0,7529.5,,Premium
"DeepLila Sadan : House For Sale In Dhapakhel, Lalitpur","Dhapakhel Height, Dhapakhel, Lalitpur",Lalitpur,42000000,6,5,4.0,5,South West,2068.0,303,11 Aana,0 Feet / Blacktopped,0 Feet , Blacktopped,N/A Aana,11 months ago,"['Garage', 'Balcony', 'Garden', 'Water Supply', 'Water Well', 'Microwave', 'Water Tank', 'Solar Water', 'Fencing', 'Backyard', 'Frontyard', 'TV Cable', 'Washing Machine', 'Wifi', 'Drainage']",0,0.0,3764.75,,Premium
"Office Space For Rent In Kupondole, Lalitpur","Kupandole, Kupondole, Lalitpur",Lalitpur,50000,3,2,2.0,4,East,2015.0,644,4.5 Aana,25 Feet / Blacktopped,25 Feet , Blacktopped,650 Sq. Feet,11 months ago,"['Drainage', 'Water Supply']",0,25.0,1540.125,650.0,Low
"House For Sale In Budhanilkantha, Kathmandu","Chapali, Budhanilkantha, Kathmandu",Kathmandu,66000000,0,0,3.0,0,East,2074.0,387,8.3 Aana,40 Feet / Blacktopped,40 Feet , Blacktopped,N/A Sq. Feet,11 months ago,"['Balcony', 'TV Cable', 'Wifi', 'Drainage', 'Water Supply', 'Water Tank']",1,40.0,2840.675,,Premium
"Land For Sale In Thaiba, Lalitpur","Thaiba, Thaiba, Lalitpur",Lalitpur,1850000,0,0,3.0,0,South,2074.0,300,4 Aana,20 Feet / Soil Stabilized,20 Feet , Soil Stabilized,N/A Sq. Feet,11 months ago,[],1,20.0,1369.0,,Medium
"Land For Sale In Hetauda, Makwanpur","Piple Marg, Hetauda, Makwanpur",Makwanpur,600000,0,0,3.0,0,East,2074.0,382,10 Dhur,3.5 Meter,3.5 Meter,Unknown,N/A Dhur,11 months ago,[],1,11.48294,1822.5,,Low
"Land For Sale In Chandragiri, Kathmandu","Matatirtha, Chandragiri, Kathmandu",Kathmandu,1200000,0,0,3.0,0,North East,2074.0,1.3K,4 Aana,20 Feet,20 Feet,Unknown,N/A Sq. Feet,11 months ago,[],1,20.0,1369.0,,Low
"House For Sale In Dhapasi, Kathmandu","Dhapasi, Dhapasi, Kathmandu",Kathmandu,17000000,4,3,3.0,0,East,2074.0,553,3.1 Aana,13 Feet / Blacktopped,13 Feet , Blacktopped,N/A Sq. Feet,11 months ago,"['Balcony', 'TV Cable', 'Wifi', 'Drainage', 'Water Supply', 'Solar Water', 'Water Tank']",1,13.0,1060.9750000000001,,High
"Land For Sale In Budhanilkantha, Kathmandu","Deuba Chowk, Budhanilkantha, Kathmandu",Kathmandu,3500000,0,0,3.0,0,South East,2074.0,271,17.5 Aana,20 Feet,20 Feet,Unknown,N/A Sq. Feet,11 months ago,[],1,20.0,5989.375,,Medium
"Land For Sale In Budhanilkantha, Kathmandu","Narayanthan, Budhanilkantha, Kathmandu",Kathmandu,13000000,3,3,2.0,0,South,2074.0,427,3.2 Aana,13 Feet / Blacktopped,13 Feet , Blacktopped,N/A Sq. Feet,11 months ago,[],1,13.0,1095.2,,High
"Land For Sale In Nagarkot, Bhaktapur","Nagarkot, Nagarkot, Bhaktapur",Bhaktapur,1500000,0,0,3.0,0,South,2074.0,263,5.5 Aana,20 Feet / Blacktopped,20 Feet , Blacktopped,N/A Sq. Feet,1 year ago,[],1,20.0,1882.375,,Medium
"House For Rent In Budhanilkantha, Kathmandu","Budhanilkantha, Budhanilkantha, Kathmandu",Kathmandu,700000,10,10,3.0,30,East,2074.0,706,14 Ropani,8 Meter,8 Meter,Unknown,N/A Sq. Feet,1 year ago,[],1,26.24672,76664.0,,Low
"House For Rent In Mandikatar, Kathmandu","Mandikatar, Mandikatar, Kathmandu",Kathmandu,225000,4,4,4.0,0,West,2074.0,290,2 Ropani,13 Feet,13 Feet,Unknown,N/A Sq. Feet,1 year ago,[],1,13.0,10952.0,,Low
"Business For Sale In Madhyapur Thimi, Bhaktapur","Nearby Kathmandu School of Law, Madhyapur Thimi, Bhaktapur",Bhaktapur,1100000,0,0,3.0,0,West,2074.0,214,600 Sq. Feet,15 Feet / Blacktopped,15 Feet , Blacktopped,N/A Sq. Feet,1 year ago,[],1,15.0,600.0,,Low
"House For Sale In Kausaltar, Bhaktapur","Kausaltar, Kausaltar, Bhaktapur",Bhaktapur,19500000,10,0,4.0,0,East,2074.0,479,3.5 Aana,20 Feet / Soil Stabilized,20 Feet , Soil Stabilized,N/A Sq. Feet,1 year ago,"['Balcony', 'TV Cable', 'Wifi', 'Drainage', 'Water Supply', 'Water Tank']",1,20.0,1197.875,,High
"Land For Sale In Jorpati, Kathmandu","Nearby, Vens School, Jorpati, Kathmandu",Kathmandu,2900000,0,0,3.0,0,South,2074.0,286,3.5 Aana,10 Feet / Gravelled,10 Feet , Gravelled,N/A Sq. Feet,1 year ago,[],1,10.0,1197.875,,Medium
"Land For Sale In Balaju, Kathmandu","Bypass, Balaju, Kathmandu",Kathmandu,4500000,0,0,3.0,0,West,2074.0,274,0-9-2-1 Aana,16 Feet / Blacktopped,16 Feet , Blacktopped,N/A Sq. Feet,1 year ago,[],1,16.0,3272.765625,,Medium
"Land For Sale In Gokarneshwor, Kathmandu","Nearby, Hanuman Chowk, Gokarneshwor, Kathmandu",Kathmandu,1600000,0,0,3.0,0,South,2074.0,183,34 Aana,15 Feet / Soil Stabilized,15 Feet , Soil Stabilized,N/A Sq. Feet,1 year ago,[],1,15.0,11636.5,,Medium
"Land For Sale In Bhaktapur, Bhaktapur","Chamasing, Bhaktapur, Bhaktapur",Bhaktapur,1000000,0,0,3.0,0,North East,2074.0,344,15 Aana,12 Feet / Soil Stabilized,12 Feet , Soil Stabilized,N/A Sq. Feet,1 year ago,[],1,12.0,5133.75,,Low
"Land For Sale In Chandragiri, Kathmandu","Srijana chowk, Chandragiri, Kathmandu",Kathmandu,1100000,0,0,3.0,0,North,2074.0,256,14 Aana,8 Feet / Soil Stabilized,8 Feet , Soil Stabilized,N/A Sq. Feet,1 year ago,[],1,8.0,4791.5,,Low
"House For Sale In Kamalpokhari, Kathmandu","Kamalpokhari, Kamalpokhari, Kathmandu",Kathmandu,55000000,2,3,3.0,0,North East,2074.0,586,3400 Sq. Feet,0 Feet,0 Feet,Unknown,3400 Sq. Feet,1 year ago,"['Balcony', 'Garden', 'Gym', 'Modular Kitchen', 'Swimming Pool', 'TV Cable', 'Wifi', 'Drainage', 'Water Supply', 'Water Tank']",1,0.0,3400.0,3400.0,Premium
"Land For Sale In Mahalaxmi Nagarpalika, Lalitpur","Changathali, Mahalaxmi Nagarpalika, Lalitpur",Lalitpur,2250000,0,0,3.0,0,South,2074.0,280,4 Aana,13 Feet / Soil Stabilized,13 Feet , Soil Stabilized,N/A Sq. Feet,1 year ago,[],1,13.0,1369.0,,Medium
"Apartment For Sale In Chandol, Kathmandu","Prestige Apartment, Chandol, Kathmandu",Kathmandu,22500000,3,4,3.0,0,North East,2074.0,1.3K,1780 Sq. Feet,20 Feet,20 Feet,Unknown,1780 Sq. Feet,1 year ago,"['Balcony', 'Gym', 'Modular Kitchen', 'Swimming Pool', 'TV Cable', 'Wifi', 'Drainage', 'Water Supply']",1,20.0,1780.0,1780.0,High
"Apartment For Sale In Panipokhari, Kathmandu","Nearby Japanese Embassy, Panipokhari, Kathmandu",Kathmandu,30000000,3,3,3.0,0,South East,2074.0,727,1380 Sq. Feet,11 Meter,11 Meter,Unknown,1380 Sq. Feet,1 year ago,"['Balcony', 'Gym', 'Swimming Pool', 'TV Cable', 'Drainage', 'Water Supply']",1,36.08924,1380.0,1380.0,Premium
"Apartment For Sale In Swayambhu, Kathmandu","Bijeshwori, Swayambhu, Kathmandu",Kathmandu,20000000,3,3,3.0,0,East,2074.0,596,1500 Sq. Feet,0 Feet,0 Feet,Unknown,N/A Sq. Feet,1 year ago,"['Balcony', 'TV Cable', 'Drainage', 'Water Supply']",1,0.0,1500.0,,High
"Land For Sale In Minbhawan, Kathmandu","Nearby KENNT collage of Technology, Minbhawan, Kathmandu",Kathmandu,6500000,0,0,3.0,0,North,2074.0,262,5 Aana,20 Feet / Blacktopped,20 Feet , Blacktopped,N/A Sq. Feet,1 year ago,[],1,20.0,1711.25,,Medium
"Land For Sale In Naya Bazar, Kathmandu","Naya Bazar, Naya Bazar, Kathmandu",Kathmandu,6700000,0,0,3.0,0,South West,2074.0,291,12 Aana,12 Feet,12 Feet,Unknown,N/A Sq. Feet,1 year ago,[],1,12.0,4107.0,,Medium
"Land For Sale In Gokarneshwor, Kathmandu","Gokarna, Gokarneshwor, Kathmandu",Kathmandu,1000000,0,0,3.0,0,West,2074.0,393,5.5 Ropani,20 Feet,20 Feet,Unknown,N/A Sq. Feet,1 year ago,[],1,20.0,30118.0,,Low
"Land For Sale In Pasikot, Kathmandu","Pasikot, Pasikot, Kathmandu",Kathmandu,2500000,0,0,3.0,0,South West,2074.0,229,12 Aana,13 Feet,13 Feet,Unknown,N/A Sq. Feet,1 year ago,[],1,13.0,4107.0,,Medium
"Land For Sale In Mahalaxmisthan, Lalitpur","Nearby Sobahiti, Mahalaxmisthan, Lalitpur",Lalitpur,2600000,0,0,3.0,0,South,2074.0,344,12 Aana,26 Feet,26 Feet,Unknown,N/A Sq. Feet,1 year ago,[],1,26.0,4107.0,,Medium
"Land For Sale In Lele, Lalitpur","Lele, Lele, Lalitpur",Lalitpur,250000,0,0,3.0,0,East,2074.0,396,9 Ropani,20 Feet,20 Feet,Unknown,N/A Sq. Feet,1 year ago,[],1,20.0,49284.0,,Low
"Land For Sale In Bhaisepati, Lalitpur","Bhaisepati, Bhaisepati, Lalitpur",Lalitpur,2600000,0,0,3.0,0,North,2074.0,509,5 Aana,13 Feet / Soil Stabilized,13 Feet , Soil Stabilized,N/A Sq. Feet,1 year ago,[],1,13.0,1711.25,,Medium
"Land For Sale In Chovar, Kathmandu","Chalnakhel, Chovar, Kathmandu",Kathmandu,400000,0,0,3.0,0,South East,2074.0,499,2 Ropani,13 Feet,13 Feet,Unknown,N/A Sq. Feet,1 year ago,[],1,13.0,10952.0,,Low
"Land For Sale In Godawari, Lalitpur","Chapagaun, Godawari, Lalitpur",Lalitpur,600000,0,0,3.0,0,East,2074.0,318,4 Ropani,20 Feet,20 Feet,Unknown,N/A Sq. Feet,1 year ago,[],1,20.0,21904.0,,Low
"House For Sale In Maligaon, Kathmandu","Maligaon, Maligaon, Kathmandu",Kathmandu,65000000,5,6,3.0,0,North West,2074.0,2K,12 Aana,13 Feet,13 Feet,Unknown,N/A Sq. Feet,1 year ago,[],1,13.0,4107.0,,Premium
"House For Sale In Makalbari, Kathmandu","Makalbari, Makalbari, Kathmandu",Kathmandu,28000000,6,4,3.0,0,South,2074.0,303,6.5 Aana,13 Feet,13 Feet,Unknown,N/A Sq. Feet,1 year ago,[],1,13.0,2224.625,,Premium
"Business For Sale In Chabahil, Kathmandu","Nearby AC Complex, Chabahil, Kathmandu",Kathmandu,500000,0,0,3.0,0,North,2074.0,360,300 Sq. Feet,13 Feet / Blacktopped,13 Feet , Blacktopped,N/A Sq. Feet,1 year ago,[],1,13.0,300.0,,Low
"House For Sale In Sitapaila, Kathmandu","Padma Colony, Sitapaila, Kathmandu",Kathmandu,23000000,4,3,3.0,0,South,2074.0,441,0-5-2-2 Aana,20 Feet,20 Feet,Unknown,N/A Sq. Feet,1 year ago,"['Balcony', 'TV Cable', 'Drainage', 'Water Supply', 'Water Tank']",1,20.0,1925.15625,,High
"House For Sale In Jhamsikhel, Lalitpur","Jhamsikhel, Jhamsikhel, Lalitpur",Lalitpur,35000000,5,4,3.0,0,South,2074.0,705,3 Aana,20 Feet,20 Feet,Unknown,N/A Sq. Feet,1 year ago,"['Balcony', 'Garden', 'TV Cable', 'Drainage', 'Water Supply', 'Water Tank']",1,20.0,1026.75,,Premium
"Modern House For Sale At Bhaisepati! : House For Sale In Bhaisepati, Lalitpur","27.6845464, Bhaisepati, Lalitpur",Lalitpur,70000000,5,5,3.0,4,South West,2074.0,1.1K,10 Aana,13 Feet,13 Feet,Unknown,3000 Sq. Feet,1 year ago,"['Balcony', 'TV Cable', 'Drainage', 'Water Supply', 'Water Tank', 'Garage', 'Lawn', 'Fencing', 'Jacuzzi', 'Air Condition', 'Washing Machine', 'Frontyard', 'Garden', 'Microwave', 'Internet', 'Water Well', 'Intercom', 'Solar Water', 'Modular Kitchen', 'Deck', 'Electricity Backup']",1,13.0,3422.5,3000.0,Premium
"House For Sale In Budhanilkantha, Kathmandu","CG Hills Housing, Hattigauda, Budhanilkantha, Kathmandu",Kathmandu,80000000,6,7,3.0,4,South East,2074.0,814,14.75 Aana,13 Feet,13 Feet,Unknown,5320 Sq. Feet,1 year ago,[],1,13.0,5048.1875,5320.0,Premium
"House For Sale In Imadol, Lalitpur","Behind Swimming Pool, Imadol, Lalitpur",Lalitpur,22500000,7,4,3.0,0,South West,2074.0,280,3.3 Aana,13 Feet,13 Feet,Unknown,N/A Sq. Feet,1 year ago,[],1,13.0,1129.425,,High
"House For Sale In Khumaltar, Lalitpur","Khumaltar, Khumaltar, Lalitpur",Lalitpur,60000000,5,5,3.0,0,South,2074.0,372,10 Aana,20 Feet,20 Feet,Unknown,N/A Sq. Feet,1 year ago,"['Balcony', 'Garden', 'TV Cable', 'Drainage', 'Water Supply', 'Water Tank']",1,20.0,3422.5,,Premium
"House For Sale In Pokhara, Pokhara","Near Deep Housing Pokhara, Pokhara, Pokhara",Pokhara,170000000,5,8,3.0,0,East,2074.0,1.7K,2 Ropani,8 Meter,8 Meter,Unknown,6000 Sq. Feet,1 year ago,"['Balcony', 'Garden', 'TV Cable', 'Drainage', 'Water Supply', 'Water Tank']",1,26.24672,10952.0,6000.0,Premium
"Business For Sale In Thamel, Kathmandu","Mandala street, Thamel, Kathmandu",Kathmandu,2500000,0,0,3.0,0,South East,2074.0,229,200 Sq. Feet,0 Feet,0 Feet,Unknown,N/A Sq. Feet,1 year ago,[],1,0.0,200.0,,Medium
"House For Sale In Thulo Bharyang, Kathmandu","Thulobharyang, Thulo Bharyang, Kathmandu",Kathmandu,22700000,5,2,3.0,0,West,2074.0,274,3.5 Aana,12 Feet / Gravelled,12 Feet , Gravelled,N/A Sq. Feet,1 year ago,"['Balcony', 'TV Cable', 'Wifi', 'Drainage', 'Water Supply', 'Water Tank']",1,12.0,1197.875,,High
"House For Sale In Basundhara, Kathmandu","Basundhara, Basundhara, Kathmandu",Kathmandu,19800000,9,0,3.0,0,South East,2074.0,316,3.5 Aana,12 Feet / Gravelled,12 Feet , Gravelled,N/A Sq. Feet,1 year ago,"['Balcony', 'TV Cable', 'Wifi', 'Drainage', 'Water Supply', 'Water Tank']",1,12.0,1197.875,,High
"House For Sale In Raniban, Kathmandu","Raniban, Raniban, Kathmandu",Kathmandu,33500000,7,3,3.0,0,East,2074.0,353,6 Aana,14 Feet / Soil Stabilized,14 Feet , Soil Stabilized,N/A Sq. Feet,1 year ago,"['Balcony', 'TV Cable', 'Wifi', 'Drainage', 'Water Supply', 'Water Tank']",1,14.0,2053.5,,Premium
"Business For Sale In Kapan, Kathmandu","Aakashedhara, Kapan, Kathmandu",Kathmandu,850000,0,0,3.0,0,North,2074.0,166,200 Sq. Feet,0 Feet,0 Feet,Unknown,N/A Sq. Feet,1 year ago,[],1,0.0,200.0,,Low
"Business For Sale In Sankhamul, Kathmandu","Nearby Livepool International School., Sankhamul, Kathmandu",Kathmandu,2500000,0,0,3.0,0,North,2074.0,213,300 Sq. Feet,0 Feet,0 Feet,Unknown,N/A Sq. Feet,1 year ago,[],1,0.0,300.0,,Medium
"House For Sale In Baneshwor, Kathmandu","Buddhanagar, Baneshwor, Kathmandu",Kathmandu,52500000,0,0,3.0,0,West,2074.0,408,5 Aana,0 Feet,0 Feet,Unknown,N/A Sq. Feet,1 year ago,"['Balcony', 'TV Cable', 'Wifi', 'Drainage', 'Water Supply', 'Solar Water', 'Water Tank']",1,0.0,1711.25,,Premium
"Business For Sale In Dhungedhara, Kathmandu","Near Nursury Chowk, Dhungedhara, Kathmandu",Kathmandu,630000,0,0,3.0,0,South East,2074.0,219,250 Sq. Feet,0 Feet,0 Feet,Unknown,N/A Sq. Feet,1 year ago,[],1,0.0,250.0,,Low
"House For Sale In Nakhipot, Lalitpur","Near Kantipur Colony, Nakhipot, Lalitpur",Lalitpur,15100000,0,0,2.0,0,North,2074.0,551,3.2 Aana,0 Feet,0 Feet,Unknown,N/A Sq. Feet,1 year ago,"['Balcony', 'TV Cable', 'Wifi', 'Water Supply', 'Water Tank']",1,0.0,1095.2,,High
"House For Sale In Budhanilkantha, Kathmandu","Budhanilkantha, Budhanilkantha, Kathmandu",Kathmandu,25000000,6,4,3.0,3,West,2074.0,305,4.5 Aana,13 Feet / Soil Stabilized,13 Feet , Soil Stabilized,N/A Sq. Feet,1 year ago,"['Balcony', 'TV Cable', 'Wifi', 'Drainage', 'Water Supply', 'Water Tank']",1,13.0,1540.125,,High
"House For Sale In Sitapaila, Kathmandu","Near Padma Colony, Sitapaila, Kathmandu",Kathmandu,17000000,4,4,3.0,0,North,2074.0,802,3.1 Aana,0 Feet,0 Feet,Unknown,N/A Sq. Feet,1 year ago,"['Balcony', 'TV Cable', 'Wifi', 'Drainage', 'Water Supply', 'Water Tank']",1,0.0,1060.9750000000001,,High
"Business For Sale In Imadol, Lalitpur","Nearby Kist Medical Collage, Imadol, Lalitpur",Lalitpur,1700000,0,0,3.0,0,South,2074.0,190,1200 Sq. Feet,0 Feet,0 Feet,Unknown,N/A Sq. Feet,1 year ago,[],1,0.0,1200.0,,Medium
"Business For Sale In Jorpati, Kathmandu","Opposite to Jubi Petrol Pump, Jorpati, Kathmandu",Kathmandu,3500000,0,0,3.0,0,South,2074.0,288,1000 Sq. Feet,0 Feet,0 Feet,Unknown,N/A Sq. Feet,1 year ago,[],1,0.0,1000.0,,Medium
"House For Sale In Samakhusi, Kathmandu","Samakhusi, Samakhusi, Kathmandu",Kathmandu,25500000,5,2,3.0,2,North,2074.0,1.1K,0-3-1-1 Aana,0 Feet,0 Feet,Unknown,N/A Sq. Feet,1 year ago,"['Balcony', 'TV Cable', 'Wifi', 'Drainage', 'Water Supply', 'Water Tank']",1,0.0,1133.703125,,High
"Business For Sale In Taukhel, Lalitpur","Nearby KItini High School, Taukhel, Lalitpur",Lalitpur,600000,0,0,3.0,0,South West,2074.0,213,200 Sq. Feet,0 Feet,0 Feet,Unknown,N/A Sq. Feet,1 year ago,[],1,0.0,200.0,,Low
"House For Sale In Gongabu, Kathmandu","Ganesthan, Gongabu, Kathmandu",Kathmandu,22500000,0,0,3.0,0,North,2074.0,449,3.5 Aana,0 Feet,0 Feet,Unknown,N/A Sq. Feet,1 year ago,"['Balcony', 'TV Cable', 'Wifi', 'Drainage', 'Water Supply', 'Water Tank']",1,0.0,1197.875,,High
"House For Sale In Samakhusi, Kathmandu","Samakhusi, Samakhusi, Kathmandu",Kathmandu,34500000,10,0,3.0,0,South,2074.0,266,4.2 Aana,6 Meter,6 Meter,Unknown,N/A Sq. Feet,1 year ago,"['Balcony', 'TV Cable', 'Wifi', 'Drainage', 'Water Supply', 'Solar Water', 'Water Tank']",1,19.68504,1437.45,,Premium
"Business For Sale In Gaushala, Kathmandu","Pingalasthan, Gaushala, Kathmandu",Kathmandu,2000000,0,0,3.0,0,North,2074.0,207,250 Sq. Feet,0 Feet,0 Feet,Unknown,N/A Sq. Feet,1 year ago,[],1,0.0,250.0,,Medium
"Business For Sale In Gokarneshwor, Kathmandu","Nearby Sarbeshwor Mandir, Nayabasti, Gokarneshwor, Kathmandu",Kathmandu,750000,0,0,3.0,0,North,2074.0,236,200 Sq. Feet,0 Feet,0 Feet,Unknown,N/A Sq. Feet,1 year ago,['Lawn'],1,0.0,200.0,,Low
"Business For Sale In Naya Bazar, Kathmandu","Khusibu, Naya Bazar, Kathmandu",Kathmandu,300000,0,0,3.0,0,East,2074.0,169,150 Sq. Feet,0 Feet,0 Feet,Unknown,N/A Sq. Feet,1 year ago,[],1,0.0,150.0,,Low
"Business For Sale In Samakhusi, Kathmandu","Kapurdhara, Samakhusi, Kathmandu",Kathmandu,550000,0,0,3.0,0,East,2074.0,189,250 Sq. Feet,0 Feet,0 Feet,Unknown,N/A Sq. Feet,1 year ago,['Water Supply'],1,0.0,250.0,,Low
"Land For Sale In Basundhara, Kathmandu","Nearby Diyalo Party palace, Basundhara, Kathmandu",Kathmandu,4500000,0,0,3.0,0,North,2074.0,224,1-7-2-0 Ropani,12 Feet,12 Feet,Unknown,N/A Sq. Feet,1 year ago,[],1,12.0,8042.875,,Medium
"Land For Sale In Kirtipur, Kathmandu","Bhatkeko Pati, Kirtipur, Kathmandu",Kathmandu,2100000,0,0,3.0,0,North West,2074.0,266,6 Aana,22 Feet,22 Feet,Unknown,N/A Sq. Feet,1 year ago,[],1,22.0,2053.5,,Medium
"Office Space For Rent In Jamal, Kathmandu","Kantipath, Jamal, Kathmandu",Kathmandu,90,0,0,1.0,0,North,2074.0,369,2378 Sq. Feet,42 Feet / Blacktopped,42 Feet , Blacktopped,N/A Sq. Feet,1 year ago,[],1,42.0,2378.0,,Low
"Land For Sale In Bode, Bhaktapur","Bode, Bode, Bhaktapur",Bhaktapur,2500000,0,0,3.0,0,North,2074.0,247,0-10-3-2 Aana,20 Feet,20 Feet,Unknown,N/A Sq. Feet,1 year ago,[],1,20.0,3721.96875,,Medium
"Land For Sale In Kalanki, Kathmandu","Dhungeadda, Kalanki, Kathmandu",Kathmandu,4000000,0,0,3.0,0,South,2074.0,221,5 Aana,20 Feet,20 Feet,Unknown,N/A Sq. Feet,1 year ago,[],1,20.0,1711.25,,Medium
"Business For Sale In Kapan, Kathmandu","Nearby Prashanti Chowk., Kapan, Kathmandu",Kathmandu,450000,0,0,3.0,0,East,2074.0,207,150 Sq. Feet,0 Feet,0 Feet,Unknown,N/A Sq. Feet,1 year ago,[],1,0.0,150.0,,Low
"Business For Sale In Jorpati, Kathmandu","Namuna Chowk, Jorpati, Kathmandu",Kathmandu,1200000,0,0,3.0,0,South,2074.0,240,200 Sq. Feet,0 Feet,0 Feet,Unknown,N/A Sq. Feet,1 year ago,[],1,0.0,200.0,,Low
"Business For Sale In Nepaltar, Kathmandu","Near by Gramin School, Nepaltar, Kathmandu",Kathmandu,400000,0,0,3.0,0,East,2074.0,193,300 Sq. Feet,0 Feet,0 Feet,Unknown,N/A Sq. Feet,1 year ago,[],1,0.0,300.0,,Low
"Business For Sale In Maitidevi, Kathmandu","Opposite Citizen Bank, Maitidevi, Kathmandu",Kathmandu,750000,0,0,3.0,0,North,2074.0,228,500 Sq. Feet,0 Feet,0 Feet,Unknown,N/A Sq. Feet,1 year ago,['Water Supply'],1,0.0,500.0,,Low
"House For Rent In Sanobharyang, Kathmandu","Sanobharayang, Sanobharyang, Kathmandu",Kathmandu,50000,3,2,3.0,0,West,2074.0,703,4 Aana,0 Feet,0 Feet,Unknown,N/A Sq. Feet,1 year ago,"['Balcony', 'TV Cable', 'Drainage', 'Water Supply', 'Water Tank']",1,0.0,1369.0,,Low
"Business For Sale In Balaju, Kathmandu","Bypass Chowk, Balaju, Kathmandu",Kathmandu,3500000,0,0,3.0,0,North,2074.0,198,500 Sq. Feet,0 Feet,0 Feet,Unknown,N/A Sq. Feet,1 year ago,[],1,0.0,500.0,,Medium
"Business For Sale In Kumaripati, Lalitpur","Opposite to Prabhu Bank, Kumaripati, Lalitpur",Lalitpur,1500000,0,0,3.0,0,West,2074.0,220,600 Sq. Feet,0 Feet,0 Feet,Unknown,N/A Sq. Feet,1 year ago,['Water Supply'],1,0.0,600.0,,Medium
"Business For Sale In Koteshwor, Kathmandu","Nearby Mahadevsthan Mandir, Koteshwor, Kathmandu",Kathmandu,1300000,0,0,3.0,0,North East,2074.0,189,800 Sq. Feet,0 Feet,0 Feet,Unknown,N/A Sq. Feet,1 year ago,['Water Supply'],1,0.0,800.0,,Low
"Business For Sale In Chandragiri, Kathmandu","Chandragiri, Chandragiri, Kathmandu",Kathmandu,600000,0,0,3.0,0,South,2074.0,190,150 Sq. Feet,0 Feet,0 Feet,Unknown,N/A Sq. Feet,1 year ago,[],1,0.0,150.0,,Low
"Business For Sale In Ekantakuna, Lalitpur","Nearby Kharibot, Ekantakuna, Lalitpur",Lalitpur,600000,0,0,3.0,0,South East,2074.0,169,500 Sq. Feet,0 Feet,0 Feet,Unknown,N/A Sq. Feet,1 year ago,[],1,0.0,500.0,,Low
"Business For Sale In Samakhusi, Kathmandu","Samakhusi, Samakhusi, Kathmandu",Kathmandu,650000,0,0,3.0,0,South,2074.0,239,1000 Sq. Feet,0 Feet,0 Feet,Unknown,N/A Sq. Feet,1 year ago,[],1,0.0,1000.0,,Low
"Business For Sale In Kalanki, Kathmandu","Kalanki, Kalanki, Kathmandu",Kathmandu,450000,0,0,3.0,0,North,2074.0,198,500 Sq. Feet,0 Feet,0 Feet,Unknown,N/A Sq. Feet,1 year ago,[],1,0.0,500.0,,Low
"Business For Sale In Kalopul, Kathmandu","Kalopul, Kalopul, Kathmandu",Kathmandu,450000,0,0,3.0,0,South East,2074.0,236,1200 Sq. Feet,0 Feet,0 Feet,Unknown,N/A Sq. Feet,1 year ago,[],1,0.0,1200.0,,Low
"Business For Sale In Pepsicola, Kathmandu","Pepsicola, Pepsicola, Kathmandu",Kathmandu,500000,0,0,3.0,0,South East,2074.0,203,200 Sq. Feet,0 Feet,0 Feet,Unknown,N/A Sq. Feet,1 year ago,[],1,0.0,200.0,,Low
"House For Sale In Sukedhara, Kathmandu","Brindaban Colony, Sukedhara, Kathmandu",Kathmandu,52500000,5,4,3.0,4,South,2074.0,3.9K,15 Aana,13 Feet / Gravelled,13 Feet , Gravelled,N/A Sq. Feet,1 year ago,"['Balcony', 'Garden', 'Modular Kitchen', 'TV Cable', 'Wifi', 'Drainage', 'Water Supply', 'Solar Water', 'Water Tank']",1,13.0,5133.75,,Premium
"Land For Sale In Godawari, Lalitpur","Taukhel, Godawari, Lalitpur",Lalitpur,1700000,0,0,3.0,0,South West,2074.0,294,5 aana Aana,20 Feet,20 Feet,Unknown,N/A Sq. Feet,1 year ago,[],1,20.0,1711.25,,Medium
"Land For Sale In Kadaghari, Kathmandu","Kadaghari, Kadaghari, Kathmandu",Kathmandu,2100000,0,0,3.0,0,South East,2074.0,322,3 Aana,20 Feet,20 Feet,Unknown,N/A Sq. Feet,1 year ago,[],1,20.0,1026.75,,Medium
"Business For Sale In Old Baneshwor, Kathmandu","Old Baneshwor, Old Baneshwor, Kathmandu",Kathmandu,6000000,0,0,3.0,0,South,2074.0,317,1500 Sq. Feet,0 Feet,0 Feet,Unknown,N/A Sq. Feet,1 year ago,"['Drainage', 'Water Supply']",1,0.0,1500.0,,Medium
"Land For Sale In Lubhu, Lalitpur","Sirutar, Lubhu, Lalitpur, Lubhu, Lalitpur",Lalitpur,5860000,0,0,3.0,0,South West,2074.0,512,0-4-0-3 Aana,8 Meter / Gravelled,8 Meter , Gravelled,N/A Aana,1 year ago,[],1,26.24672,1433.171875,,Medium
"Land For Sale In Mahendrapul, Pokhara","Bastolathar, Mahendrapul, Pokhara",Pokhara,1500000,0,0,3.0,0,East,2074.0,266,30/36 Haat,20 Feet,20 Feet,Unknown,N/A Sq. Feet,1 year ago,[],1,20.0,2430.0,,Medium
"Flat For Rent In Sukedhara, Kathmandu","Sukedhara, Sukedhara, Kathmandu",Kathmandu,9000,0,0,3.0,0,North,2074.0,1.8K,500 Sq. Feet,0 Feet,0 Feet,Unknown,N/A Sq. Feet,1 year ago,[],1,0.0,500.0,,Low
"Flat For Rent In Thamel, Kathmandu","Near Kaldhara, Thamel, Kathmandu",Kathmandu,60000,2,1,3.0,0,South,2074.0,386,1200 Sq. Feet,0 Feet,0 Feet,Unknown,N/A Sq. Feet,1 year ago,"['Modular Kitchen', 'TV Cable', 'Wifi', 'Drainage', 'Water Supply']",1,0.0,1200.0,,Low
"House For Rent In Sinamangal, Kathmandu","Nearby Bhatkeko pul, Sinamangal, Kathmandu",Kathmandu,150000,0,0,3.0,0,South East,2074.0,296,1 Ropani,0 Feet,0 Feet,Unknown,N/A Sq. Feet,1 year ago,"['Lawn', 'Garden', 'TV Cable', 'Drainage', 'Water Supply', 'Water Tank']",1,0.0,5476.0,,Low
"Flat For Rent In Dhobighat, Lalitpur","Dhobighat, Dhobighat, Lalitpur",Lalitpur,40000,2,2,3.0,0,South,2074.0,438,900 Sq. Feet,0 Feet,0 Feet,Unknown,N/A Sq. Feet,1 year ago,"['Modular Kitchen', 'TV Cable', 'Washing Machine', 'Drainage', 'Water Supply', 'Water Tank']",1,0.0,900.0,,Low
"Flat For Rent In Lazimpat, Kathmandu","Lazimpat., Lazimpat, Kathmandu",Kathmandu,40000,3,1,3.0,0,South West,2074.0,628,1200 Sq. Feet,0 Feet,0 Feet,Unknown,N/A Sq. Feet,1 year ago,[],1,0.0,1200.0,,Low
"Land For Sale In Narephate, Kathmandu","Narephate, Narephate, Kathmandu",Kathmandu,3400000,0,0,3.0,0,North,2074.0,263,7 Aana,20 Feet,20 Feet,Unknown,N/A Sq. Feet,1 year ago,[],1,20.0,2395.75,,Medium
"Best Price For The Property : Land For Sale In Bharatpur, Chitwan","Baraghare, Bharatpur, Chitwan",Chitwan,605000055,0,0,3.0,0,South,2074.0,1K,8 Dhur,14 Feet,14 Feet,Unknown,N/A Dhur,1 year ago,[],1,14.0,1458.0,,Premium
"House For Sale In Balambu, Kathmandu","Nearby Hariyali Basti, Balambu, Kathmandu",Kathmandu,20500000,7,5,3.0,0,South East,2074.0,389,5 Aana,14 Feet / Gravelled,14 Feet , Gravelled,N/A Sq. Feet,1 year ago,"['Balcony', 'Garden', 'Modular Kitchen', 'Wifi', 'Drainage', 'Water Supply', 'Solar Water', 'Water Tank']",1,14.0,1711.25,,High
"Land For Sale In Chandol, Kathmandu","Chandol, Chandol, Kathmandu",Kathmandu,5700000,0,0,3.0,0,East,2074.0,271,0-5-2-0 Aana,24 Feet,24 Feet,Unknown,N/A Sq. Feet,1 year ago,[],1,24.0,1882.375,,Medium
"BRIHAT HOUSING : House For Sale In Bhaisepati, Lalitpur","Khokana Dobato, Bhaisepati, Lalitpur",Lalitpur,39077000,4,4,3.0,1,South,2076.0,5K,0-8-2-0 Aana,16 Feet / Concrete,16 Feet , Concrete,2300 Sq. Feet,1 year ago,"['Balcony', 'Fencing', 'Garden', 'TV Cable', 'Drainage', 'Water Supply', 'Water Tank']",0,16.0,2909.125,2300.0,Premium
"House For Sale In Khumaltar, Lalitpur","Khumaltar, Khumaltar, Lalitpur",Lalitpur,37500000,6,5,4.0,0,South West,2074.0,719,0-6-1-0 Sq. Feet,13 Feet,13 Feet,Unknown,N/A Sq. Feet,1 year ago,[],1,13.0,2139.0625,,Premium
"Flat For Rent In Pulchowk, Lalitpur","Pulchowk, Pulchowk, Lalitpur",Lalitpur,25000,2,1,3.0,0,North,2074.0,437,800 Sq. Feet,13 Feet / Gravelled,13 Feet , Gravelled,N/A Sq. Feet,1 year ago,"['Balcony', 'TV Cable', 'Water Supply']",1,13.0,800.0,,Low
"House For Sale In Chundevi, Kathmandu","Chundevi, Chundevi, Kathmandu",Kathmandu,31000000,8,3,4.0,1,South West,2074.0,385,4 Aana,14 Feet / Gravelled,14 Feet , Gravelled,N/A Sq. Feet,1 year ago,"['Balcony', 'Garden', 'Drainage', 'Water Supply', 'Solar Water', 'Water Tank']",1,14.0,1369.0,,Premium
"House For Sale In Ekantakuna, Lalitpur","Ekantakuna, Ekantakuna, Lalitpur",Lalitpur,27000000,5,3,3.0,0,West,2074.0,418,0-3-1-2 Aana,22 Feet / Blacktopped,22 Feet , Blacktopped,N/A Sq. Feet,1 year ago,"['Wifi', 'Drainage', 'Water Supply', 'Solar Water', 'Water Tank']",1,22.0,1155.09375,,Premium
"Flat For Rent In Satdobato, Lalitpur","Satdobato, Satdobato, Lalitpur",Lalitpur,22000,2,1,1.0,0,South East,2074.0,341,6 Aana,13 Feet / Soil Stabilized,13 Feet , Soil Stabilized,N/A Sq. Feet,1 year ago,"['TV Cable', 'Water Supply']",1,13.0,2053.5,,Low
"House For Sale In Dhapakhel, Lalitpur","Dhapakhel, Dhapakhel, Lalitpur",Lalitpur,21500000,0,0,3.0,0,South West,2074.0,854,0-4-2-0 Aana,10 Feet,10 Feet,Unknown,N/A Sq. Feet,1 year ago,"['Balcony', 'TV Cable', 'Drainage', 'Water Supply', 'Water Tank']",1,10.0,1540.125,,High
"House For Sale In Lokanthali, Bhaktapur","Lokanthali, Lokanthali, Bhaktapur",Bhaktapur,25500000,0,0,4.0,0,South West,2074.0,333,5 Aana,10 Feet,10 Feet,Unknown,N/A Sq. Feet,1 year ago,"['Balcony', 'TV Cable', 'Drainage', 'Water Supply', 'Water Tank']",1,10.0,1711.25,,High
"House For Rent In Mulpani, Kathmandu","Green Hill City Housing, Mulpani, Kathmandu",Kathmandu,45000,4,4,3.0,0,North East,2074.0,551,3.5 Aana,6 Meter,6 Meter,Unknown,N/A Sq. Feet,1 year ago,"['Balcony', 'TV Cable', 'Wifi', 'Drainage', 'Water Supply', 'Water Tank']",1,19.68504,1197.875,,Low
"House For Rent In Old Baneshwor, Kathmandu","Old Baneshwor, Old Baneshwor, Kathmandu",Kathmandu,85000,3,3,3.0,1,South East,2074.0,434,8 Aana,12 Feet,12 Feet,Unknown,N/A Sq. Feet,1 year ago,"['Balcony', 'Garden', 'TV Cable', 'Drainage', 'Water Supply', 'Water Tank']",1,12.0,2738.0,,Low
"House For Rent In Dhobighat, Lalitpur","Thado Dhunga, Dhobighat, Lalitpur",Lalitpur,300000,4,4,3.0,3,South East,2074.0,356,2-8-0-0 Ropani,15 Feet,15 Feet,Unknown,N/A Sq. Feet,1 year ago,"['Garage', 'Balcony', 'Garden', 'TV Cable', 'Wifi', 'Drainage', 'Water Supply', 'Water Tank']",1,15.0,13690.0,,Low
"House For Rent In Baluwatar, Kathmandu","Baluwatar, Baluwatar, Kathmandu",Kathmandu,380000,11,4,3.0,4,South East,2074.0,406,1 Ropani,12 Feet,12 Feet,Unknown,N/A Sq. Feet,1 year ago,"['Balcony', 'Garden', 'Modular Kitchen', 'TV Cable', 'Drainage', 'Water Supply', 'Water Tank']",1,12.0,5476.0,,Low
"House For Rent In Jhamsikhel, Lalitpur","Jhamsikhel, Jhamsikhel, Lalitpur",Lalitpur,250000,5,3,3.0,4,South,2074.0,403,20 Aana,15 Feet,15 Feet,Unknown,N/A Sq. Feet,1 year ago,"['Balcony', 'TV Cable', 'Drainage', 'Water Supply', 'Water Tank']",1,15.0,6845.0,,Low
"House For Rent In Sitapaila, Kathmandu","Padma Colony, Sitapaila, Kathmandu",Kathmandu,60000,4,4,3.0,0,South,2074.0,293,5 Sq. Feet,15 Feet,15 Feet,Unknown,N/A Sq. Feet,1 year ago,"['Balcony', 'TV Cable', 'Drainage', 'Water Supply', 'Water Tank']",1,15.0,5.0,,Low
"House For Rent In Budhanilkantha, Kathmandu","Hattigauda, Budhanilkantha, Kathmandu",Kathmandu,140000,5,4,3.0,4,South East,2074.0,310,1 Ropani,13 Feet,13 Feet,Unknown,N/A Sq. Feet,1 year ago,"['Balcony', 'TV Cable', 'Wifi', 'Drainage', 'Water Supply', 'Water Tank']",1,13.0,5476.0,,Low
"House For Rent In Bhaisepati, Lalitpur","Bhaisepati, Bhaisepati, Lalitpur",Lalitpur,150000,5,3,3.0,3,South,2074.0,315,12 Sq. Feet,15 Feet,15 Feet,Unknown,N/A Sq. Feet,1 year ago,"['Balcony', 'Garden', 'TV Cable', 'Drainage', 'Water Supply', 'Solar Water', 'Water Tank', 'Water Well']",1,15.0,12.0,,Low
"Land For Sale In Budhanilkantha, Kathmandu","Pasikot, Budhanilkantha, Kathmandu",Kathmandu,2400000,0,0,3.0,0,East,2074.0,348,6 Aana,20 Feet / Gravelled,20 Feet , Gravelled,N/A Sq. Feet,1 year ago,[],1,20.0,2053.5,,Medium
"House For Sale In Dhobighat, Lalitpur","Nayabato, Dhobighat, Lalitpur",Lalitpur,40000000,4,2,3.0,2,East,2074.0,385,8 Aana,20 Feet,20 Feet,Unknown,N/A Sq. Feet,1 year ago,"['Balcony', 'Garden', 'TV Cable', 'Drainage', 'Water Supply', 'Water Tank']",1,20.0,2738.0,,Premium
"Land For Sale In Samakhusi, Kathmandu","Samakhusi, Samakhusi, Kathmandu",Kathmandu,3300000,0,0,3.0,0,South West,2074.0,302,10 Aana,10 Feet / Concrete,10 Feet , Concrete,N/A Sq. Feet,1 year ago,[],1,10.0,3422.5,,Medium
"House For Sale In Kapan, Kathmandu","Aakashedhara, Kapan, Kathmandu",Kathmandu,20000000,0,0,3.0,0,East,2074.0,592,4.2 Aana,12 Feet / Gravelled,12 Feet , Gravelled,N/A Sq. Feet,1 year ago,"['Balcony', 'TV Cable', 'Wifi', 'Drainage', 'Water Supply', 'Solar Water', 'Water Tank']",1,12.0,1437.45,,High
"House For Rent In Dhobighat, Lalitpur","Dhobighat, Dhobighat, Lalitpur",Lalitpur,325000,7,5,3.0,5,South East,2074.0,273,14 Sq. Feet,13 Feet,13 Feet,Unknown,N/A Sq. Feet,1 year ago,"['Balcony', 'TV Cable', 'Drainage', 'Water Supply', 'Water Tank']",1,13.0,14.0,,Low
"House For Sale In Tokha, Kathmandu","Near Veena's Residency, Tokha, Kathmandu",Kathmandu,32500000,0,0,3.0,0,East,2074.0,697,0-6-3-2 Aana,13 Feet / Gravelled,13 Feet , Gravelled,N/A Sq. Feet,1 year ago,"['Balcony', 'TV Cable', 'Wifi', 'Drainage', 'Water Supply', 'Water Tank']",1,13.0,2352.96875,,Premium
"House For Rent In Maharajgunj, Kathmandu","Nearby Chappal Karkhana, Maharajgunj, Kathmandu",Kathmandu,100000,5,2,3.0,0,South East,2074.0,517,8 Aana,15 Feet,15 Feet,Unknown,N/A Sq. Feet,1 year ago,"['Balcony', 'TV Cable', 'Drainage', 'Water Supply', 'Water Tank']",1,15.0,2738.0,,Low
"House For Rent In Nakkhu, Lalitpur","Nakkhu, Nakkhu, Lalitpur",Lalitpur,70000,6,4,3.0,0,East,2074.0,305,0-3-2-0 Aana,13 Feet,13 Feet,Unknown,N/A Sq. Feet,1 year ago,"['Balcony', 'Swimming Pool', 'TV Cable', 'Water Supply', 'Water Tank', 'Water Well']",1,13.0,1197.875,,Low
"House For Sale In Budhanilkantha, Kathmandu","Bagaichaa Colony, Budhanilkantha, Kathmandu",Kathmandu,45000000,0,0,3.0,0,East,2074.0,480,8 Aana,20 Feet / Gravelled,20 Feet , Gravelled,N/A Sq. Feet,1 year ago,"['Balcony', 'TV Cable', 'Wifi', 'Drainage', 'Water Supply', 'Water Tank']",1,20.0,2738.0,,Premium
"House For Rent In Nakhipot, Lalitpur","Nakhipot, Nakhipot, Lalitpur",Lalitpur,100000,0,0,3.0,0,South,2074.0,330,8 Aana,13 Feet,13 Feet,Unknown,N/A Sq. Feet,1 year ago,"['Balcony', 'Garden', 'TV Cable', 'Drainage', 'Water Supply', 'Water Tank']",1,13.0,2738.0,,Low
"House For Sale In Budhanilkantha, Kathmandu","Nearby Hepali Height, Budhanilkantha, Kathmandu",Kathmandu,21500000,4,3,3.0,0,West,2074.0,295,4 Aana,4 Meter / Blacktopped,4 Meter , Blacktopped,N/A Sq. Feet,1 year ago,"['Balcony', 'TV Cable', 'Drainage', 'Water Supply', 'Water Tank']",1,13.12336,1369.0,,High
"Land For Sale In Budhanilkantha, Kathmandu","Taulung, Budhanilkantha, Kathmandu",Kathmandu,1200000,0,0,3.0,0,South East,2074.0,481,11 Aana,13 Feet / Soil Stabilized,13 Feet , Soil Stabilized,N/A Sq. Feet,1 year ago,[],1,13.0,3764.75,,Low
"House For Rent In Kumaripati, Lalitpur","Kumaripati, Kumaripati, Lalitpur",Lalitpur,125000,4,3,3.0,2,South East,2074.0,335,2100 Sq. Feet,13 Feet,13 Feet,Unknown,N/A Sq. Feet,1 year ago,"['Balcony', 'Garden', 'TV Cable', 'Drainage', 'Water Supply', 'Water Tank']",1,13.0,2100.0,,Low
"Land For Sale In Budhanilkantha, Kathmandu","Budhanilkantha, Budhanilkantha, Kathmandu",Kathmandu,600000,0,0,3.0,0,South East,2074.0,366,42 Aana,20 Feet / Soil Stabilized,20 Feet , Soil Stabilized,N/A Sq. Feet,1 year ago,[],1,20.0,14374.5,,Low
"House For Rent In Sanepa, Lalitpur","Nearby Nepal Law Collage, Sanepa, Lalitpur",Lalitpur,150000,3,4,2.0,0,South West,2074.0,326,8 Aana,0 Feet,0 Feet,Unknown,N/A Sq. Feet,1 year ago,"['Balcony', 'Garden', 'TV Cable', 'Drainage', 'Water Supply', 'Water Tank']",1,0.0,2738.0,,Low
"Land For Sale In Jhapa, Jhapa","Birtamod, Jhapa, Jhapa",Jhapa,2200000,0,0,3.0,0,North,2074.0,305,17 Kattha,20 Feet / Gravelled,20 Feet , Gravelled,N/A Sq. Feet,1 year ago,[],1,20.0,61965.0,,Medium
"House For Rent In Bhaisepati, Lalitpur","Near Saptarishi Mandir, Bhaisepati, Lalitpur",Lalitpur,55000,5,2,3.0,0,South West,2074.0,300,0-3-2-0 Aana,13 Feet,13 Feet,Unknown,N/A Sq. Feet,1 year ago,"['Balcony', 'TV Cable', 'Drainage', 'Water Supply', 'Water Tank']",1,13.0,1197.875,,Low
"Land For Sale In Maharajgunj, Kathmandu","Chappal Karkhana, Maharajgunj, Kathmandu",Kathmandu,3300000,0,0,3.0,0,South,2074.0,299,4 Aana,20 Feet / Soil Stabilized,20 Feet , Soil Stabilized,N/A Sq. Feet,1 year ago,[],1,20.0,1369.0,,Medium
"House For Rent In Baluwatar, Kathmandu","Baluwatar, Baluwatar, Kathmandu",Kathmandu,150000,5,5,3.0,0,South East,2074.0,466,7 Aana,15 Feet,15 Feet,Unknown,N/A Sq. Feet,1 year ago,"['Balcony', 'TV Cable', 'Drainage', 'Water Supply', 'Solar Water', 'Water Tank']",1,15.0,2395.75,,Low
"Land For Sale In Godawari, Lalitpur","Badegaun, Godawari, Lalitpur",Lalitpur,1500000,0,0,3.0,0,South East,2074.0,314,12.11 Ropani,20 Feet / Gravelled,20 Feet , Gravelled,N/A Sq. Feet,1 year ago,[],1,20.0,66314.36,,Medium
"House For Sale In Teku, Kathmandu","Pachali, Bhairav, Teku, Kathmandu",Kathmandu,70000000,0,0,3.0,5,South,2074.0,298,1 Ropani,20 Feet / Blacktopped,20 Feet , Blacktopped,N/A Sq. Feet,1 year ago,"['Balcony', 'TV Cable', 'Wifi', 'Drainage', 'Water Supply', 'Solar Water', 'Water Tank']",1,20.0,5476.0,,Premium
"House For Rent In Bhaisepati, Lalitpur","Bhaisepati, Bhaisepati, Lalitpur",Lalitpur,200000,5,5,3.0,0,South East,2074.0,268,0-5-2-0 Aana,15 Feet,15 Feet,Unknown,N/A Sq. Feet,1 year ago,"['Balcony', 'Garden', 'Modular Kitchen', 'TV Cable', 'Washing Machine', 'Drainage', 'Water Supply', 'Water Tank']",1,15.0,1882.375,,Low
"House For Sale In Budhanilkantha, Kathmandu","Rudhreshwor Chowk, Budhanilkantha, Kathmandu",Kathmandu,47500000,0,0,3.0,4,West,2074.0,258,8 Aana,16 Feet / Gravelled,16 Feet , Gravelled,N/A Sq. Feet,1 year ago,"['Balcony', 'TV Cable', 'Wifi', 'Drainage', 'Water Supply', 'Solar Water', 'Water Tank']",1,16.0,2738.0,,Premium
"Land For Sale In Patan, Lalitpur","Chakupat, Patan, Lalitpur",Lalitpur,3500000,0,0,3.0,0,North,2074.0,461,20 Aana,13 Feet / Blacktopped,13 Feet , Blacktopped,N/A Sq. Feet,1 year ago,[],1,13.0,6845.0,,Medium
"House For Rent In Kupondole, Lalitpur","Nearby Gusingal, Kupondole, Lalitpur",Lalitpur,550000,6,6,3.0,10,South West,2074.0,448,2 Ropani,20 Feet,20 Feet,Unknown,N/A Sq. Feet,1 year ago,"['Balcony', 'Garden', 'Gym', 'TV Cable', 'Wifi', 'Drainage', 'Water Supply', 'Water Tank']",1,20.0,10952.0,,Low
"House For Rent In Bhaisepati, Lalitpur","Bhaisepati, Bhaisepati, Lalitpur",Lalitpur,150000,5,4,3.0,2,South East,2074.0,817,13 Aana,13 Feet,13 Feet,Unknown,N/A Sq. Feet,1 year ago,"['Balcony', 'Garden', 'TV Cable', 'Drainage', 'Water Supply', 'Water Tank']",1,13.0,4449.25,,Low
"House For Rent In Dhobighat, Lalitpur","Dhobighat, Dhobighat, Lalitpur",Lalitpur,180000,0,0,3.0,0,South,2074.0,290,15 Aana,15 Feet,15 Feet,Unknown,N/A Sq. Feet,1 year ago,"['Balcony', 'TV Cable', 'Drainage', 'Water Supply', 'Water Tank', 'Water Well']",1,15.0,5133.75,,Low
"House For Rent In Nakhipot, Lalitpur","Nearby Nakhipot Buspark, Nakhipot, Lalitpur",Lalitpur,125000,7,4,3.0,0,West,2074.0,423,1 Ropani,13 Feet,13 Feet,Unknown,N/A Sq. Feet,1 year ago,"['Balcony', 'Garden', 'TV Cable', 'Drainage', 'Water Supply', 'Solar Water', 'Water Tank', 'Water Well']",1,13.0,5476.0,,Low
"House For Rent In Baluwatar, Kathmandu","Baluwatar, Baluwatar, Kathmandu",Kathmandu,350000,8,4,3.0,5,South West,2074.0,371,1-0-1-0 Ropani,13 Feet,13 Feet,Unknown,N/A Sq. Feet,1 year ago,"['Balcony', 'Garden', 'TV Cable', 'Drainage', 'Water Supply', 'Water Tank']",1,13.0,5561.5625,,Low
"Miyapatan Land 20×40 : Land For Sale In Bajha Patan, Pokhara","Bajhapatan 13 pokhara, Bajha Patan, Pokhara",Pokhara,12500000,0,0,3.0,0,North,2074.0,335,159 Sq. Meter,6 Meter / Blacktopped,6 Meter , Blacktopped,159 Sq. Meter,1 year ago,"['Fencing', 'Water Supply']",1,19.68504,1711.4601,1711.4601,High
"Apartment For Sale In Baluwatar, Kathmandu","Baluwatar, Baluwatar, Kathmandu",Kathmandu,25000000,3,3,3.0,0,South East,2074.0,710,1800 Sq. Feet,0 Feet,0 Feet,Unknown,N/A Sq. Feet,1 year ago,"['Air Condition', 'Balcony', 'TV Cable', 'Wifi', 'Drainage', 'Water Supply']",1,0.0,1800.0,,High
"Apartment For Sale In Bishal Nagar, Kathmandu","Central Park Apartment, Bishal Nagar, Kathmandu",Kathmandu,45000000,4,4,3.0,0,North East,2074.0,416,3700 Sq. Feet,0 Feet,0 Feet,Unknown,N/A Sq. Feet,1 year ago,"['Air Condition', 'Gym', 'Wifi', 'Water Supply']",1,0.0,3700.0,,Premium
"Apartment For Sale In Bishal Nagar, Kathmandu","Central Park Apartment, Bishal Nagar, Kathmandu",Kathmandu,45000000,4,4,3.0,0,North East,2074.0,602,3700 Sq. Feet,0 Feet,0 Feet,Unknown,N/A Sq. Feet,1 year ago,"['Air Condition', 'Gym', 'Wifi', 'Water Supply']",1,0.0,3700.0,,Premium
"Apartment For Sale In Kamalpokhari, Kathmandu","Kamalpokhari, Kamalpokhari, Kathmandu",Kathmandu,35000000,3,3,3.0,0,South East,2074.0,591,2450 Sq. Feet,0 Feet,0 Feet,Unknown,N/A Sq. Feet,1 year ago,"['Balcony', 'Gym', 'TV Cable', 'Wifi', 'Drainage', 'Water Supply']",1,0.0,2450.0,,Premium
"Land For Sale In Sankhu, Kathmandu","Sankhu, Sankhu, Kathmandu",Kathmandu,400000,0,0,3.0,0,South,2074.0,392,3 Ropani,20 Feet / Soil Stabilized,20 Feet , Soil Stabilized,N/A Sq. Feet,1 year ago,[],1,20.0,16428.0,,Low
"Land For Sale In Chandol, Kathmandu","Chandol, Chandol, Kathmandu",Kathmandu,3700000,0,0,3.0,0,South,2074.0,235,21 Aana,18 Feet,18 Feet,Unknown,N/A Sq. Feet,1 year ago,[],1,18.0,7187.25,,Medium
"House For Sale In Jorpati, Kathmandu","Jorpati, Jorpati, Kathmandu",Kathmandu,11400000,0,0,1.0,0,South,2074.0,377,3 Aana,13 Feet / Gravelled,13 Feet , Gravelled,N/A Sq. Feet,1 year ago,"['TV Cable', 'Wifi', 'Drainage', 'Water Supply', 'Water Tank']",1,13.0,1026.75,,High
"House For Sale In Chabahil, Kathmandu","Nearby, Gopikrishna flim hall, Chabahil, Kathmandu",Kathmandu,11400000,0,0,3.0,0,South,2074.0,560,0-2-2-1 Aana,10 Feet / Soil Stabilized,10 Feet , Soil Stabilized,N/A Sq. Feet,1 year ago,"['Balcony', 'TV Cable', 'Wifi', 'Drainage', 'Water Supply', 'Water Tank']",1,10.0,877.015625,,High
"Land For Sale In Chandol, Kathmandu","Chandol, Chandol, Kathmandu",Kathmandu,4000000,0,0,3.0,0,South East,2074.0,253,20 Aana,13 Feet,13 Feet,Unknown,N/A Sq. Feet,1 year ago,[],1,13.0,6845.0,,Medium
"Land For Sale In Kapan, Kathmandu","Nearby, Silvershine School, Kapan, Kathmandu",Kathmandu,1750000,0,0,3.0,0,South,2074.0,294,3 Aana,32 Feet / Soil Stabilized,32 Feet , Soil Stabilized,N/A Sq. Feet,1 year ago,[],1,32.0,1026.75,,Medium
"Land For Sale In Baluwatar, Kathmandu","Behind Kalika tower, Baluwatar, Kathmandu",Kathmandu,4800000,0,0,3.0,0,East,2074.0,399,8 Aana,15 Feet,15 Feet,Unknown,N/A Sq. Feet,1 year ago,[],1,15.0,2738.0,,Medium
"House For Sale In Jorpati, Kathmandu","Jorpati Nayabasti, Jorpati, Kathmandu",Kathmandu,12000000,4,0,1.0,0,East,2074.0,623,3.2 Aana,12 Feet / Soil Stabilized,12 Feet , Soil Stabilized,N/A Sq. Feet,1 year ago,[],1,12.0,1095.2,,High
"Land For Sale In Changunarayan, Bhaktapur","Dachhi, Changunarayan, Bhaktapur",Bhaktapur,366666,0,0,3.0,0,South,2074.0,288,3 Aana,13 Feet / Soil Stabilized,13 Feet , Soil Stabilized,N/A Sq. Feet,1 year ago,[],1,13.0,1026.75,,Low
"House For Sale In Maharajgunj, Kathmandu","Near Chappal Factory, Maharajgunj, Kathmandu",Kathmandu,180000000,0,0,3.0,0,South East,2074.0,4.1K,3.5 Ropani,13 Feet,13 Feet,Unknown,N/A Ropani,1 year ago,"['Garage', 'Balcony', 'Garden', 'Modular Kitchen', 'TV Cable', 'Wifi', 'Drainage', 'Water Supply', 'Water Tank']",1,13.0,19166.0,,Premium
"Land For Sale In Chovar, Kathmandu","Chovar, Chovar, Kathmandu",Kathmandu,1500000,0,0,3.0,0,East,2074.0,353,0-3-3-1 Aana,20 Feet,20 Feet,Unknown,N/A Sq. Feet,1 year ago,[],1,20.0,1304.828125,,Medium
"Land For Sale In Budhanilkantha, Kathmandu","Budhanilkantha, Budhanilkantha, Kathmandu",Kathmandu,2700000,0,0,3.0,0,South,2074.0,215,4.2 Aana,12 Feet / Soil Stabilized,12 Feet , Soil Stabilized,N/A Sq. Feet,1 year ago,[],1,12.0,1437.45,,Medium
"Land For Sale In Bhaktapur, Bhaktapur","Chhaaling, Bhaktapur, Bhaktapur",Bhaktapur,1050000,0,0,3.0,0,South East,2074.0,289,14 Aana,20 Feet / Soil Stabilized,20 Feet , Soil Stabilized,N/A Sq. Feet,1 year ago,[],1,20.0,4791.5,,Low
"House For Sale In Tikathali, Lalitpur","Mahalaxmi Nagarpalika-4, Tikathali, Lalitpur",Lalitpur,14500000,10,0,3.0,4,East,2074.0,383,3.1 Aana,10 Feet,10 Feet,Unknown,N/A Sq. Feet,1 year ago,"['Balcony', 'TV Cable', 'Wifi', 'Drainage', 'Water Supply', 'Water Tank']",1,10.0,1060.9750000000001,,High
"House For Sale In Maharajgunj, Kathmandu","Maharajgunj, Maharajgunj, Kathmandu",Kathmandu,36500000,3,4,3.0,0,North East,2074.0,608,4 Aana,13 Feet,13 Feet,Unknown,N/A Sq. Feet,1 year ago,"['Air Condition', 'Balcony', 'TV Cable', 'Wifi', 'Drainage', 'Water Supply']",1,13.0,1369.0,,Premium
"Apartment For Rent In Lazimpat, Kathmandu","Nearby Raddisson Hotel, Lazimpat, Kathmandu",Kathmandu,220000,2,3,3.0,0,North East,2074.0,653,4100 Sq. Feet,0 Feet,0 Feet,Unknown,N/A Sq. Feet,1 year ago,"['Air Condition', 'Balcony', 'Modular Kitchen', 'TV Cable', 'Drainage', 'Water Supply']",1,0.0,4100.0,,Low
"Land For Sale In Kapan, Kathmandu","Aakashedhara Height, Kapan, Kathmandu",Kathmandu,1300000,0,0,3.0,0,South,2074.0,370,4 Aana,8 Feet / Soil Stabilized,8 Feet , Soil Stabilized,N/A Sq. Feet,1 year ago,[],1,8.0,1369.0,,Low
"Land For Sale In Bhangal, Kathmandu","Bhangal Height, Bhangal, Kathmandu",Kathmandu,2000000,0,0,3.0,0,South East,2074.0,252,9 Aana,16 Feet / Blacktopped,16 Feet , Blacktopped,N/A Sq. Feet,1 year ago,[],1,16.0,3080.25,,Medium
"Land For Sale In Sankhu, Kathmandu","Dachindhoka, Sankhu, Kathmandu",Kathmandu,1400000,0,0,3.0,0,East,2074.0,222,4 Aana,10 Feet / Soil Stabilized,10 Feet , Soil Stabilized,N/A Sq. Feet,1 year ago,[],1,10.0,1369.0,,Medium
"Land For Sale In Ram Bazar, Pokhara","Ram Bazar, Ram Bazar, Pokhara",Pokhara,700000,0,0,3.0,0,South East,2074.0,329,25/50 Haat,15 Feet,15 Feet,Unknown,N/A Sq. Feet,1 year ago,[],1,15.0,2812.5,,Low
"House For Sale In Kapan, Kathmandu","Shiva Mandir, Kapan, Kathmandu",Kathmandu,24000000,7,0,3.0,4,South,2074.0,312,4 Aana,16 Feet / Soil Stabilized,16 Feet , Soil Stabilized,N/A Sq. Feet,1 year ago,"['Balcony', 'TV Cable', 'Wifi', 'Drainage', 'Water Supply', 'Water Tank']",1,16.0,1369.0,,High
"Land For Sale In Chauthe, Pokhara","Chauthe, Chauthe, Pokhara",Pokhara,15000000,0,0,3.0,0,North,2074.0,262,25/60 Haat,20 Feet,20 Feet,Unknown,N/A Sq. Feet,1 year ago,[],1,20.0,3375.0,,High
"House For Sale In Kapan, Kathmandu","Aakaashe Dhara, Kapan, Kathmandu",Kathmandu,20400000,11,0,3.0,4,South,2074.0,299,4 Aana,20 Feet / Blacktopped,20 Feet , Blacktopped,N/A Sq. Feet,1 year ago,"['Balcony', 'TV Cable', 'Wifi', 'Drainage', 'Water Supply', 'Water Tank']",1,20.0,1369.0,,High
"House For Sale In Pokhara, Pokhara","Nearby Kaski Modernize School, Pokhara, Pokhara",Pokhara,27000000,0,0,2.0,0,South East,2074.0,973,4.5 Aana,20 Feet,20 Feet,Unknown,N/A Sq. Feet,1 year ago,[],1,20.0,1540.125,,Premium
"House For Sale In Ram Bazar, Pokhara","Near Buddha Chowk, Ram Bazar, Pokhara",Pokhara,30000000,0,0,3.0,0,North East,2074.0,458,4 Aana,20 Feet,20 Feet,Unknown,N/A Sq. Feet,1 year ago,[],1,20.0,1369.0,,Premium
"Land For Sale In Pokhara, Pokhara","Nearby Kaski Modernai School, Pokhara, Pokhara",Pokhara,18000000,0,0,3.0,0,South East,2074.0,438,22/58 Haat,20 Feet,20 Feet,Unknown,N/A Sq. Feet,1 year ago,[],1,20.0,2871.0,,High
"House For Sale In Fulbari, Pokhara","Fulbari, Pokhara, Fulbari, Pokhara",Pokhara,35000000,0,0,4.0,0,North West,2074.0,439,7 Aana,15 Feet,15 Feet,Unknown,N/A Sq. Feet,1 year ago,[],1,15.0,2395.75,,Premium
"Land For Sale In Pokhara, Pokhara","Near Ghale Chowk, Pokhara, Pokhara",Pokhara,600000,0,0,3.0,0,South,2074.0,404,70/38 Haat,20 Feet,20 Feet,Unknown,N/A Sq. Feet,1 year ago,[],1,20.0,5985.0,,Low
"Land For Sale In Pokhara, Pokhara","Amarsingh Chowk, Pokhara, Pokhara",Pokhara,1150000,0,0,3.0,0,East,2074.0,543,25/50 Haat,20 Feet,20 Feet,Unknown,N/A Sq. Feet,1 year ago,[],1,20.0,2812.5,,Low
"Land For Sale In Kapan, Kathmandu","Kapan Height, Kapan, Kathmandu",Kathmandu,700000,0,0,3.0,0,South,2074.0,358,4.2 Aana,32 Feet / Soil Stabilized,32 Feet , Soil Stabilized,N/A Sq. Feet,1 year ago,[],1,32.0,1437.45,,Low
"Land For Sale In Sunakothi, Lalitpur","Sunakothi, Sunakothi, Lalitpur",Lalitpur,1400000,0,0,3.0,0,North,2074.0,348,0-4-3-3 Aana,13 Feet,13 Feet,Unknown,N/A Sq. Feet,1 year ago,[],1,13.0,1689.859375,,Medium
"R&S Real Estate : Land For Sale In Shantinagar, Kathmandu","Baneshwor, Shantinagar, Kathmandu",Kathmandu,35700000,0,0,3.0,0,West,2074.0,365,8-2-0 Aana,12 Feet,12 Feet,Unknown,N/A Aana,1 year ago,[],1,12.0,44492.5,,Premium
"Land For Sale In Lele, Lalitpur","Lele, Lele, Lalitpur",Lalitpur,250000,0,0,3.0,0,South,2074.0,651,10 Ropani,12 Feet / Soil Stabilized,12 Feet , Soil Stabilized,N/A Sq. Feet,1 year ago,[],1,12.0,54760.0,,Low
"Land For Sale In Kapan, Kathmandu","Paiyatar, Kapan, Kathmandu",Kathmandu,1100000,0,0,3.0,0,South,2074.0,401,3.2 Aana,20 Feet / Soil Stabilized,20 Feet , Soil Stabilized,N/A Sq. Feet,1 year ago,[],1,20.0,1095.2,,Low
"House For Sale In Mulpani, Kathmandu","Mulpani, Mulpani, Kathmandu",Kathmandu,16000000,7,6,5.0,4,South East,2074.0,317,3.1 Aana,14 Feet / Gravelled,14 Feet , Gravelled,N/A Sq. Feet,1 year ago,"['Balcony', 'TV Cable', 'Wifi', 'Drainage', 'Water Supply', 'Solar Water', 'Water Tank']",1,14.0,1060.9750000000001,,High
"Land For Sale In Kapan, Kathmandu","Simaltar, Kapan, Kathmandu",Kathmandu,2700000,0,0,3.0,0,South,2074.0,207,4 Aana,20 Feet / Soil Stabilized,20 Feet , Soil Stabilized,N/A Sq. Feet,1 year ago,[],1,20.0,1369.0,,Medium
"House For Sale In Tikathali, Lalitpur","Tikathali, Tikathali, Lalitpur",Lalitpur,9000000,4,1,1.0,0,West,2074.0,535,3.2 Aana,10 Feet / Soil Stabilized,10 Feet , Soil Stabilized,N/A Sq. Feet,1 year ago,"['Water Supply', 'Water Tank']",1,10.0,1095.2,,High
"House For Sale In Tokha, Kathmandu","Tokha, Tokha, Kathmandu",Kathmandu,13000000,2,1,3.0,0,West,2074.0,300,4 Aana,15 Feet / Soil Stabilized,15 Feet , Soil Stabilized,N/A Sq. Feet,1 year ago,"['TV Cable', 'Wifi', 'Water Supply', 'Water Tank']",1,15.0,1369.0,,High
"Land For Sale In Tarkeshwor, Kathmandu","Goldhunga, Tarkeshwor, Kathmandu",Kathmandu,1800000,0,0,3.0,0,West,2074.0,313,6 Aana,26 Feet / Soil Stabilized,26 Feet , Soil Stabilized,N/A Sq. Feet,1 year ago,[],1,26.0,2053.5,,Medium
"Land For Sale In Dhampus, Kaski","Dhampus, Dhampus, Kaski",Kaski,900000,0,0,3.0,0,South,2074.0,218,20/45 Haat,20 Feet,20 Feet,Unknown,N/A Sq. Feet,1 year ago,[],1,20.0,2025.0,,Low
"Land For Sale In Tarkeshwor, Kathmandu","Goldhunga, Tarkeshwor, Kathmandu",Kathmandu,1600000,0,0,3.0,0,West,2074.0,233,4 Aana,26 Feet / Soil Stabilized,26 Feet , Soil Stabilized,N/A Sq. Feet,1 year ago,[],1,26.0,1369.0,,Medium
"House For Sale In Ram Bazar, Pokhara","Ram Bazar, Ram Bazar, Pokhara",Pokhara,25000000,0,0,3.0,0,South East,2074.0,634,5 Aana,20 Feet / Gravelled,20 Feet , Gravelled,N/A Sq. Feet,1 year ago,"['Balcony', 'TV Cable', 'Drainage', 'Water Supply', 'Water Tank']",1,20.0,1711.25,,High
"House For Rent In Bafal, Kathmandu","Civil homes, Bafal, Kathmandu",Kathmandu,45000,3,4,3.0,0,East,2074.0,523,3.6 Aana,20 Feet,20 Feet,Unknown,1348 Sq. Feet,1 year ago,"['Balcony', 'Garden', 'TV Cable', 'Drainage', 'Water Supply', 'Water Tank']",1,20.0,1232.1000000000001,1348.0,Low
"Land For Sale In Dadikot, Bhaktapur","Chitrapur, Dadikot, Bhaktapur",Bhaktapur,1800000,0,0,3.0,0,South,2074.0,217,3.2 Aana,20 Feet,20 Feet,Unknown,N/A Sq. Feet,1 year ago,[],1,20.0,1095.2,,Medium
"House For Sale Inside Ringroad : House For Sale In Basundhara, Kathmandu","Basundhara, Basundhara, Kathmandu",Kathmandu,19500000,3,3,3.0,1,South East,2075.0,1.6K,0-2-3-0 Aana,12 Feet / Paved,12 Feet , Paved,N/A Sq. Feet,1 year ago,"['Garage', 'Balcony', 'Deck', 'Frontyard', 'Modular Kitchen', 'TV Cable', 'Wifi']",0,12.0,941.1875,,High
"House For Sale In Kapan, Kathmandu","Simaltar, Kapan, Kathmandu",Kathmandu,17000000,4,3,3.0,4,East,2074.0,1.5K,3.2 Aana,13 Feet / Blacktopped,13 Feet , Blacktopped,N/A Sq. Feet,1 year ago,"['Balcony', 'TV Cable', 'Wifi', 'Drainage', 'Water Tank']",1,13.0,1095.2,,High
"House For Rent In Kusunti, Lalitpur","Kusunti, Kusunti, Lalitpur",Lalitpur,90000,4,3,2.0,0,South East,2074.0,309,1 Ropani,15 Feet,15 Feet,Unknown,N/A Sq. Feet,1 year ago,"['Balcony', 'TV Cable', 'Drainage', 'Water Supply', 'Water Tank']",1,15.0,5476.0,,Low
"House For Rent In Sanepa, Lalitpur","Nearby Embassy of Malasiya, Sanepa, Lalitpur",Lalitpur,350000,5,5,3.0,15,South West,2074.0,379,1-14-0-0 Ropani,13 Feet,13 Feet,Unknown,30 Aana,1 year ago,"['Balcony', 'Garden', 'TV Cable', 'Drainage', 'Water Supply', 'Solar Water', 'Water Tank', 'Water Well']",1,13.0,10267.5,10267.5,Low
"House For Rent In Balaju, Kathmandu","Balaju, Balaju, Kathmandu",Kathmandu,100000,6,4,3.0,8,South,2074.0,369,14 Aana,13 Feet,13 Feet,Unknown,3014 Sq. Feet,1 year ago,"['Balcony', 'Drainage', 'Water Supply', 'Water Tank', 'Water Well']",1,13.0,4791.5,3014.0,Low
"House For Rent In Sanobharyang, Kathmandu","Namdel Chowk, Sanobharyang, Kathmandu",Kathmandu,150000,4,4,3.0,2,South East,2074.0,2.6K,10 Aana,14 Feet,14 Feet,Unknown,N/A Sq. Feet,1 year ago,"['Balcony', 'Garden', 'Modular Kitchen', 'Drainage', 'Water Supply', 'Solar Water', 'Water Tank']",1,14.0,3422.5,,Low
"House For Rent In Sinamangal, Kathmandu","Sinamangal, Sinamangal, Kathmandu",Kathmandu,500000,5,7,3.0,2,South East,2074.0,301,3 Ropani,15 Feet,15 Feet,Unknown,N/A Sq. Feet,1 year ago,"['Balcony', 'Garden', 'TV Cable', 'Drainage', 'Water Supply', 'Water Tank']",1,15.0,16428.0,,Low
"House For Sale In Dhumbarahi, Kathmandu","Dhumbarahi, Dhumbarahi, Kathmandu",Kathmandu,38000000,10,0,3.0,3,South,2074.0,377,7 Aana,10 Feet,10 Feet,Unknown,N/A Sq. Feet,1 year ago,"['Balcony', 'TV Cable', 'Drainage', 'Water Supply', 'Water Tank']",1,10.0,2395.75,,Premium
"House For Rent In Bhaisepati, Lalitpur","Bhaisepati, Bhaisepati, Lalitpur",Lalitpur,130000,5,3,3.0,0,South East,2074.0,277,8 Aana,4 Meter,4 Meter,Unknown,N/A Sq. Feet,1 year ago,"['Balcony', 'Garden', 'TV Cable', 'Wifi', 'Drainage', 'Water Supply', 'Water Tank']",1,13.12336,2738.0,,Low
"House For Rent In Dholahiti, Lalitpur","Dholahiti, Dholahiti, Lalitpur",Lalitpur,300000,8,6,3.0,5,West,2074.0,382,3 Ropani,0 Feet,0 Feet,Unknown,N/A Sq. Feet,1 year ago,"['Garage', 'Balcony', 'Garden', 'TV Cable', 'Wifi', 'Drainage', 'Water Supply', 'Water Tank']",1,0.0,16428.0,,Low
"House For Rent In Sukedhara, Kathmandu","Ekatabasti, Sukedhara, Kathmandu",Kathmandu,110000,4,4,3.0,3,South,2074.0,250,12 Aana,12 Feet,12 Feet,Unknown,N/A Sq. Feet,1 year ago,"['Balcony', 'Garden', 'Washing Machine', 'Drainage', 'Water Supply', 'Solar Water', 'Water Tank']",1,12.0,4107.0,,Low
"House For Rent In Dholahiti, Lalitpur","Nearby Anoj Jyoti School, Dholahiti, Lalitpur",Lalitpur,1500000,4,4,3.0,5,North East,2074.0,424,13 Sq. Feet,12 Feet,12 Feet,Unknown,N/A Sq. Feet,1 year ago,"['Balcony', 'Garden', 'TV Cable', 'Drainage', 'Water Supply', 'Water Tank']",1,12.0,13.0,,Medium
"House For Rent In Teku, Kathmandu","Sanepa, Teku, Kathmandu",Kathmandu,25000,0,0,3.0,0,East,2074.0,466,4 Aana,0 Feet,0 Feet,Unknown,N/A Aana,1 year ago,['Garage'],1,0.0,1369.0,,Low
"House For Rent In Thapathali, Kathmandu","Thapathali, Thapathali, Kathmandu",Kathmandu,165000,8,2,3.0,2,South East,2074.0,363,1-8-0-0 Ropani,13 Feet,13 Feet,Unknown,N/A Sq. Feet,1 year ago,"['Garden', 'Drainage', 'Water Supply', 'Water Tank']",1,13.0,8214.0,,Low
"House For Sale In Kapan, Kathmandu","Kapan, Kathmandu, Kapan, Kathmandu",Kathmandu,20000000,1,1,3.0,1,West,2075.0,499,0-3-2-0 Aana,13 Feet,13 Feet,Unknown,0-3-2-0 Aana,1 year ago,"['Garage', 'Balcony', 'Modular Kitchen', 'Drainage', 'Water Tank', 'Water Well', 'Backyard']",0,13.0,1197.875,1197.875,High
"House No. 134 : House For Sale In Harisiddhi, Lalitpur","Southern height housing, Thaiba, Harisiddhi, Lalitpur",Lalitpur,25000000,3,3,2.0,1,South West,2074.0,15K,0-5-2-0 Aana,0 Feet,0 Feet,Unknown,N/A Aana,1 year ago,"['Balcony', 'Fencing', 'Frontyard', 'Garden', 'TV Cable', 'Drainage', 'Water Supply', 'Solar Water', 'Water Tank']",1,0.0,1882.375,,High
"House For Rent In Bhaisepati, Lalitpur","Vinayak Colony, Bhaisepati, Lalitpur",Lalitpur,120000,5,3,3.0,2,West,2074.0,411,11.5 Aana,20 Feet,20 Feet,Unknown,N/A Sq. Feet,1 year ago,"['Balcony', 'Garden', 'Washing Machine', 'Drainage', 'Water Supply', 'Solar Water', 'Water Tank']",1,20.0,3935.875,,Low
"Land For Sale In Dhading, Dhading","Gajuri, Dhading, Dhading",Dhading,400000,0,0,3.0,0,South,2074.0,303,80 Ropani,15 Feet,15 Feet,Unknown,N/A Ropani,1 year ago,[],1,15.0,438080.0,,Low
"Land For Sale In Nawalparasi, Nawalparasi","Sunwal Nagarpalaika-7, Nawalparasi, Nawalparasi",Nawalparasi,100000,0,0,3.0,0,West,2074.0,484,14 Dhur,20 Feet,20 Feet,Unknown,N/A Sq. Feet,1 year ago,[],1,20.0,2551.5,,Low
"Land For Sale In Nawalparasi, Nawalparasi","Ramgram Nagarpalika, Nawalparasi, Nawalparasi",Nawalparasi,550000,0,0,3.0,0,West,2074.0,583,12 Kattha,20 Feet,20 Feet,Unknown,N/A Sq. Feet,1 year ago,[],1,20.0,43740.0,,Low
"House For Rent In Bhaisepati, Lalitpur","Civil Home, Bhaisepati, Bhaisepati, Lalitpur",Lalitpur,150000,5,3,3.0,2,South East,2074.0,325,1 Ropani,13 Feet,13 Feet,Unknown,N/A Sq. Feet,1 year ago,"['Balcony', 'Garden', 'Microwave', 'Modular Kitchen', 'TV Cable', 'Wifi', 'Drainage', 'Water Supply', 'Solar Water', 'Water Tank']",1,13.0,5476.0,,Low
"House For Rent In Baluwatar, Kathmandu","Chundevi, Baluwatar, Kathmandu",Kathmandu,150000,7,3,3.0,4,South East,2074.0,317,11 Sq. Feet,13 Feet,13 Feet,Unknown,N/A Sq. Feet,1 year ago,"['Balcony', 'TV Cable', 'Drainage', 'Water Supply', 'Water Tank']",1,13.0,11.0,,Low
"Land For Sale In Nawalparasi, Nawalparasi","Sunwal Nagarpalika-3, Nawalparasi, Nawalparasi",Nawalparasi,1000000,0,0,3.0,0,South,2074.0,244,26 Kattha,20 Feet,20 Feet,Unknown,N/A Sq. Feet,1 year ago,[],1,20.0,94770.0,,Low
"House For Rent In Bakhundol, Lalitpur","Nearby Norway Embassy, Bakhundol, Lalitpur",Lalitpur,160000,4,6,3.0,1,West,2074.0,254,2500 Sq. Feet,15 Feet,15 Feet,Unknown,N/A Sq. Feet,1 year ago,"['Balcony', 'Garden', 'TV Cable', 'Drainage', 'Water Supply', 'Water Tank']",1,15.0,2500.0,,Low
"Land For Sale In Nawalparasi, Nawalparasi","Nawalparasi, Nawalparasi, Nawalparasi",Nawalparasi,550000,0,0,3.0,0,West,2074.0,260,1 Bigha,13 Feet,13 Feet,Unknown,N/A Sq. Feet,1 year ago,[],1,13.0,72900.0,,Low
"Land For Sale In Nawalparasi, Nawalparasi","Ramgram Nagarpalika-18, Nawalparasi, Nawalparasi",Nawalparasi,300000,0,0,3.0,0,West,2074.0,461,5 Kattha,20 Feet,20 Feet,Unknown,N/A Sq. Feet,1 year ago,[],1,20.0,18225.0,,Low
"Land For Sale In Nawalparasi, Nawalparasi","Sunwal Nagarpalika-8, Nawalparasi, Nawalparasi",Nawalparasi,1300000,0,0,3.0,0,West,2074.0,276,9 Kattha,20 Feet / Gravelled,20 Feet , Gravelled,N/A Sq. Feet,1 year ago,[],1,20.0,32805.0,,Low
"Land For Sale In Nawalparasi, Nawalparasi","Sunwal Nagarpalika - 3, Nawalparasi, Nawalparasi",Nawalparasi,260000,0,0,3.0,0,West,2074.0,360,5 Aana,20 Feet / Gravelled,20 Feet , Gravelled,N/A Sq. Feet,1 year ago,[],1,20.0,1711.25,,Low
"House For Rent In Tinkune, Kathmandu","Subidhanagar, Tinkune, Kathmandu",Kathmandu,270000,14,6,3.0,6,North East,2074.0,602,13 Aana,20 Feet,20 Feet,Unknown,7 Aana,1 year ago,"['Balcony', 'Drainage', 'Water Supply', 'Water Tank']",1,20.0,4449.25,2395.75,Low
"House For Sale In Butwal, Butwal","Rupandehi, Butwal, Butwal",Butwal,25000000,10,4,3.0,0,East,2074.0,1.6K,7 Dhur,20 Feet / Gravelled,20 Feet , Gravelled,N/A Sq. Feet,1 year ago,"['Balcony', 'TV Cable', 'Wifi', 'Drainage', 'Water Supply', 'Water Tank']",1,20.0,1275.75,,High
"House For Rent In Sanepa, Lalitpur","Sanepa, Sanepa, Lalitpur",Lalitpur,144000,3,4,3.0,1,South East,2074.0,545,0-3-3-0 Aana,15 Feet,15 Feet,Unknown,N/A Sq. Feet,1 year ago,"['Balcony', 'Modular Kitchen', 'TV Cable', 'Washing Machine', 'Drainage', 'Water Supply', 'Solar Water']",1,15.0,1283.4375,,Low
"Land For Sale In Nawalparasi, Nawalparasi","sunwal Nagarpalika, Nawalparasi, Nawalparasi",Nawalparasi,125000,0,0,3.0,0,West,2074.0,265,21 Dhur,20 Feet / Gravelled,20 Feet , Gravelled,N/A Sq. Feet,1 year ago,[],1,20.0,3827.25,,Low
"Land For Sale In Nawalparasi, Nawalparasi","Nawalparasi, Nawalparasi, Nawalparasi",Nawalparasi,2200000,0,0,3.0,0,West,2074.0,406,2 Kattha,20 Feet / Soil Stabilized,20 Feet , Soil Stabilized,N/A Sq. Feet,1 year ago,[],1,20.0,7290.0,,Medium
"Land For Sale In Nawalparasi, Nawalparasi","Sunwal Nagarpalika, Nawalparasi, Nawalparasi",Nawalparasi,1700000,0,0,3.0,0,West,2074.0,289,10 Dhur,20 Feet / Gravelled,20 Feet , Gravelled,N/A Sq. Feet,1 year ago,[],1,20.0,1822.5,,Medium
"House For Rent In Hattiban, Lalitpur","Hattiban, Hattiban, Lalitpur",Lalitpur,80000,5,4,3.0,0,South West,2074.0,357,5 Aana,13 Feet,13 Feet,Unknown,2085 Sq. Feet,1 year ago,"['Balcony', 'TV Cable', 'Drainage', 'Water Tank']",1,13.0,1711.25,2085.0,Low
"House For Rent In Hadigaun, Kathmandu","Nearby Bhatbhateni Supermarket, Hadigaun, Kathmandu",Kathmandu,125000,0,5,3.0,3,South,2074.0,349,0-4-2-0 Aana,13 Feet,13 Feet,Unknown,N/A Sq. Feet,1 year ago,"['Drainage', 'Water Supply', 'Water Tank', 'Water Well']",1,13.0,1540.125,,Low
"House For Rent In Naxal, Kathmandu","Gahanapokhari, Naxal, Kathmandu",Kathmandu,200000,7,5,3.0,3,South West,2074.0,482,7 Aana,13 Feet,13 Feet,Unknown,N/A Sq. Feet,1 year ago,[],1,13.0,2395.75,,Low
"House For Rent In Khumaltar, Lalitpur","Khumaltar, Khumaltar, Lalitpur",Lalitpur,300000,4,4,3.0,5,South East,2074.0,322,2-11-0-0 Ropani,15 Feet,15 Feet,Unknown,N/A Sq. Feet,1 year ago,"['Garage', 'Air Condition', 'Balcony', 'Garden', 'Modular Kitchen', 'TV Cable', 'Wifi', 'Drainage', 'Water Supply', 'Water Tank', 'Water Well']",1,15.0,14716.75,,Low
"House For Rent In Sanepa, Lalitpur","Nearby Star Hospital, Sanepa, Lalitpur",Lalitpur,125000,21,18,3.0,2,East,2074.0,325,0-6-2-0 Aana,12 Feet,12 Feet,Unknown,N/A Sq. Feet,1 year ago,"['Balcony', 'TV Cable', 'Wifi', 'Water Supply', 'Solar Water', 'Water Tank']",1,12.0,2224.625,,Low
"House For Rent In Baneshwor, Kathmandu","New Baneshwor, Baneshwor, Kathmandu",Kathmandu,560000,0,0,3.0,12,North,2074.0,322,20 Sq. Feet,0 Feet,0 Feet,Unknown,N/A Sq. Feet,1 year ago,[],1,0.0,20.0,,Low
"House For Sale In Pasikot, Kathmandu","Pasikot, Pasikot, Kathmandu",Kathmandu,17500000,6,2,3.0,1,North,2074.0,390,0-3-2-0 Aana,12 Feet,12 Feet,Unknown,N/A Sq. Feet,1 year ago,"['Balcony', 'TV Cable', 'Drainage', 'Water Supply', 'Water Tank']",1,12.0,1197.875,,High
"Land For Sale In Samakhusi, Kathmandu","Samakhusi, Samakhusi, Kathmandu",Kathmandu,4400000,0,0,3.0,0,South,2074.0,243,0-3-1-2 Aana,12 Feet,12 Feet,Unknown,N/A Sq. Feet,1 year ago,[],1,12.0,1155.09375,,Medium
"House For Sale In Bhangal, Kathmandu","Sundarbasti, Bhangal, Kathmandu",Kathmandu,25000000,4,3,3.0,0,East,2074.0,351,4 Aana,13 Feet,13 Feet,Unknown,N/A Sq. Feet,1 year ago,"['Balcony', 'TV Cable', 'Wifi', 'Drainage', 'Water Supply', 'Water Tank']",1,13.0,1369.0,,High
"House For Sale In Golfutar, Kathmandu","Golfutar, Golfutar, Kathmandu",Kathmandu,59900000,5,0,3.0,4,North,2074.0,586,1 Ropani,26 Feet / Gravelled,26 Feet , Gravelled,N/A Sq. Feet,1 year ago,"['Backyard', 'Balcony', 'Frontyard', 'Garden', 'Modular Kitchen', 'TV Cable', 'Wifi', 'Drainage', 'Water Supply', 'Solar Water', 'Water Tank']",1,26.0,5476.0,,Premium
"House For Sale In Budhanilkantha, Kathmandu","Budhanilkantha, Budhanilkantha, Kathmandu",Kathmandu,29900000,10,0,3.0,3,East,2074.0,405,4.1 Aana,0 Feet,0 Feet,Unknown,13 Sq. Feet,1 year ago,"['Balcony', 'TV Cable', 'Wifi', 'Drainage', 'Water Supply', 'Water Tank']",1,0.0,1403.225,13.0,Premium
"Land For Sale In Dhumbarahi, Kathmandu","Dhumbarahi, Dhumbarahi, Kathmandu",Kathmandu,4200000,0,0,3.0,0,South East,2074.0,395,8 Aana,13 Feet / Soil Stabilized,13 Feet , Soil Stabilized,N/A Sq. Feet,1 year ago,[],1,13.0,2738.0,,Medium
"House For Sale In Baneshwor, Kathmandu","New Baneshwor, Baneshwor, Kathmandu",Kathmandu,55000000,0,0,2.0,0,East,2074.0,716,8.2 Aana,24 Feet / Gravelled,24 Feet , Gravelled,N/A Sq. Feet,1 year ago,"['Balcony', 'TV Cable', 'Wifi', 'Drainage', 'Water Supply', 'Solar Water', 'Water Tank']",1,24.0,2806.45,,Premium
"House For Sale In Bafal, Kathmandu","Bafal, Bafal, Kathmandu",Kathmandu,26500000,4,0,3.0,0,West,2074.0,455,4.5 Aana,13 Feet / Gravelled,13 Feet , Gravelled,N/A Sq. Feet,1 year ago,"['Balcony', 'TV Cable', 'Wifi', 'Drainage', 'Water Supply', 'Water Tank']",1,13.0,1540.125,,High
"House For Sale In Dhumbarahi, Kathmandu","Near, Pipalbot, Dhumbarahi, Kathmandu",Kathmandu,32500000,8,6,3.0,4,South,2074.0,571,0-4-1-2 Aana,13 Feet / Gravelled,13 Feet , Gravelled,N/A Sq. Feet,1 year ago,"['Balcony', 'TV Cable', 'Wifi', 'Drainage', 'Water Supply', 'Solar Water', 'Water Tank']",1,13.0,1497.34375,,Premium
"Land For Sale In Samakhusi, Kathmandu","Samakhusi Town planning, Samakhusi, Kathmandu",Kathmandu,6000000,0,0,3.0,0,West,2074.0,317,6 Aana,10 Feet / Gravelled,10 Feet , Gravelled,N/A Sq. Feet,1 year ago,[],1,10.0,2053.5,,Medium
"Land For Sale In Baluwatar, Kathmandu","Baluwatar, Baluwatar, Kathmandu",Kathmandu,4500000,0,0,3.0,0,South,2074.0,354,11 Aana,26 Feet / Gravelled,26 Feet , Gravelled,N/A Sq. Feet,1 year ago,[],1,26.0,3764.75,,Medium
"House For Sale In Makalbari, Kathmandu","Makalbari, Makalbari, Kathmandu",Kathmandu,21500000,7,4,4.0,1,South West,2074.0,270,0-3-1-3 Aana,14 Feet / Gravelled,14 Feet , Gravelled,N/A Sq. Feet,1 year ago,"['Balcony', 'TV Cable', 'Drainage', 'Water Supply', 'Water Tank']",1,14.0,1176.484375,,High
"Land For Sale In Lazimpat, Kathmandu","Lazimpat, Lazimpat, Kathmandu",Kathmandu,5000000,0,0,3.0,0,North,2074.0,366,6 Aana,12 Feet,12 Feet,Unknown,N/A Sq. Feet,1 year ago,[],1,12.0,2053.5,,Medium
"Land For Sale In Lazimpat, Kathmandu","Lazimpat, Lazimpat, Kathmandu",Kathmandu,5000000,0,0,3.0,0,North,2074.0,367,8 Aana,12 Feet,12 Feet,Unknown,N/A Sq. Feet,1 year ago,[],1,12.0,2738.0,,Medium
"Land For Sale In Budhanilkantha, Kathmandu","Siddhartha Colony, Budhanilkantha, Kathmandu",Kathmandu,2800000,0,0,3.0,0,North,2074.0,272,4.5 Aana,13 Feet / Soil Stabilized,13 Feet , Soil Stabilized,N/A Sq. Feet,1 year ago,[],1,13.0,1540.125,,Medium
"House For Sale In Mhepi, Kathmandu","Nearby Thamel, Mhepi, Kathmandu",Kathmandu,38000000,8,4,4.0,1,North West,2074.0,557,7 Aana,15 Feet,15 Feet,Unknown,N/A Sq. Feet,1 year ago,"['Balcony', 'TV Cable', 'Drainage', 'Water Supply', 'Water Tank']",1,15.0,2395.75,,Premium
"Land For Sale In Budhanilkantha, Kathmandu","Bhangal Height, Budhanilkantha, Kathmandu",Kathmandu,2500000,0,0,3.0,0,West,2074.0,229,12 Aana,12 Feet / Soil Stabilized,12 Feet , Soil Stabilized,N/A Sq. Feet,1 year ago,[],1,12.0,4107.0,,Medium
"House For Sale In Dhapasi, Kathmandu","Nearby API boarding school, Dhapasi, Kathmandu",Kathmandu,25000000,7,3,4.0,1,North,2074.0,273,0-4-3-0 Aana,12 Feet,12 Feet,Unknown,N/A Sq. Feet,1 year ago,"['Balcony', 'TV Cable', 'Drainage', 'Water Supply', 'Water Tank', 'Water Well']",1,12.0,1625.6875,,High
"Land For Sale In Budhanilkantha, Kathmandu","Rudreshwor, Budhanilkantha, Kathmandu",Kathmandu,3200000,0,0,3.0,0,North,2074.0,197,6 Aana,10 Feet / Soil Stabilized,10 Feet , Soil Stabilized,N/A Sq. Feet,1 year ago,[],1,10.0,2053.5,,Medium
"Land For Sale In Budhanilkantha, Kathmandu","Bhangal Height, Budhanilkantha, Kathmandu",Kathmandu,2400000,0,0,3.0,0,West,2074.0,272,15 Aana,11 Feet,11 Feet,Unknown,N/A Sq. Feet,1 year ago,[],1,11.0,5133.75,,Medium
"House For Sale In Dallu, Kathmandu","Nearby SBI bank, Dallu, Dallu, Kathmandu",Kathmandu,24000000,15,5,4.0,0,North,2074.0,442,3 Aana,20 Feet,20 Feet,Unknown,N/A Sq. Feet,1 year ago,"['TV Cable', 'Drainage', 'Water Supply', 'Water Tank', 'Water Well']",1,20.0,1026.75,,High
"Land For Sale In Basundhara, Kathmandu","Shreetole Height, Basundhara, Kathmandu",Kathmandu,3200000,0,0,3.0,0,West,2074.0,1.1K,6 Aana,14 Feet / Gravelled,14 Feet , Gravelled,N/A Sq. Feet,1 year ago,[],1,14.0,2053.5,,Medium
"Land For Sale In Samakhusi, Kathmandu","Samakhusi, Samakhusi, Kathmandu",Kathmandu,4200000,0,0,3.0,0,North,2074.0,241,7 Aana,13 Feet / Gravelled,13 Feet , Gravelled,N/A Sq. Feet,1 year ago,[],1,13.0,2395.75,,Medium
"Land For Sale In Basundhara, Kathmandu","Basundhara, Basundhara, Kathmandu",Kathmandu,480000,0,0,3.0,0,West,2074.0,335,5 Aana,15 Feet,15 Feet,Unknown,N/A Sq. Feet,1 year ago,[],1,15.0,1711.25,,Low
"House For Sale In Tokha, Kathmandu","Nearby Namuna Planning, Tokha, Kathmandu",Kathmandu,17000000,8,4,4.0,0,West,2074.0,243,0-3-2-0 Aana,20 Feet / Gravelled,20 Feet , Gravelled,N/A Sq. Feet,1 year ago,"['Balcony', 'TV Cable', 'Drainage', 'Water Supply', 'Solar Water', 'Water Tank']",1,20.0,1197.875,,High
"Land For Sale In Samakhusi, Kathmandu","Greenland Chowk, Samakhusi, Kathmandu",Kathmandu,3000000,0,0,3.0,0,East,2074.0,308,5.2 Aana,15 Feet / Gravelled,15 Feet , Gravelled,N/A Sq. Feet,1 year ago,[],1,15.0,1779.7,,Medium
"Land For Sale In Samakhusi, Kathmandu","Greenland Chowk., Samakhusi, Kathmandu",Kathmandu,3250000,0,0,3.0,0,West,2074.0,270,4 Aana,12 Feet / Gravelled,12 Feet , Gravelled,N/A Sq. Feet,1 year ago,[],1,12.0,1369.0,,Medium
"Land For Sale In Samakhusi, Kathmandu","Mahadevtar Height, Samakhusi, Kathmandu",Kathmandu,3700000,0,0,3.0,0,South East,2074.0,307,10 Aana,10 Feet / Gravelled,10 Feet , Gravelled,N/A Sq. Feet,1 year ago,[],1,10.0,3422.5,,Medium
"House For Sale In Gongabu, Kathmandu","Aananda tol, Gongabu, Kathmandu",Kathmandu,26000000,5,3,3.0,2,North,2074.0,241,4.3 Aana,16 Feet,16 Feet,Unknown,N/A Sq. Feet,1 year ago,"['Balcony', 'TV Cable', 'Wifi', 'Drainage', 'Water Supply', 'Solar Water', 'Water Tank']",1,16.0,1471.675,,High
"House For Sale In Budhanilkantha, Kathmandu","Budhanilkantha, Budhanilkantha, Kathmandu",Kathmandu,29000000,6,3,3.0,0,South,2074.0,435,4 Aana,14 Feet,14 Feet,Unknown,N/A Sq. Feet,1 year ago,"['Balcony', 'TV Cable', 'Wifi', 'Drainage', 'Water Supply', 'Water Tank']",1,14.0,1369.0,,Premium
"House For Sale In Kalanki, Kathmandu","Kalanki, Kalanki, Kathmandu",Kathmandu,13500000,3,2,3.0,1,South West,2074.0,740,0-3-1-1 Aana,12 Feet,12 Feet,Unknown,N/A Sq. Feet,1 year ago,"['Balcony', 'TV Cable', 'Drainage', 'Water Supply', 'Water Tank']",1,12.0,1133.703125,,High
"House For Sale In Budhanilkantha, Kathmandu","Budhanilkantha, Budhanilkantha, Kathmandu",Kathmandu,22800000,6,2,3.0,0,East,2074.0,446,4 Aana,20 Feet,20 Feet,Unknown,N/A Sq. Feet,1 year ago,[],1,20.0,1369.0,,High
"House For Sale In Basundhara, Kathmandu","Basundhara, Basundhara, Kathmandu",Kathmandu,26000000,3,3,3.0,0,East,2074.0,314,3.5 Sq. Feet,12 Feet,12 Feet,Unknown,N/A Sq. Feet,1 year ago,"['Balcony', 'TV Cable', 'Drainage', 'Water Supply', 'Water Tank']",1,12.0,3.5,,High
"Land For Sale In Samakhusi, Kathmandu","Samakhusi, Samakhusi, Kathmandu",Kathmandu,6000000,0,0,3.0,0,South,2074.0,247,6.5 Aana,15 Feet,15 Feet,Unknown,N/A Sq. Feet,1 year ago,[],1,15.0,2224.625,,Medium
"House For Sale In Sukedhara, Kathmandu","Nearby Colony home, Sukedhara, Kathmandu",Kathmandu,27500000,6,4,4.0,0,South,2074.0,582,4 Aana,12 Feet,12 Feet,Unknown,N/A Sq. Feet,1 year ago,"['Balcony', 'TV Cable', 'Drainage', 'Water Supply', 'Water Tank']",1,12.0,1369.0,,Premium
"House For Sale In Mandikatar, Kathmandu","Mandikatar, Mandikatar, Kathmandu",Kathmandu,22500000,4,3,3.0,0,East,2074.0,272,3.13 Aana,12 Feet,12 Feet,Unknown,N/A Sq. Feet,1 year ago,"['Balcony', 'TV Cable', 'Drainage', 'Water Supply', 'Water Tank']",1,12.0,1071.2425,,High
"House For Rent In Budhanilkantha, Kathmandu","Narayanthan, Budhanilkantha, Kathmandu",Kathmandu,400000,4,5,3.0,10,South East,2074.0,799,3 Ropani,13 Feet,13 Feet,Unknown,N/A Ropani,1 year ago,"['Garage', 'Balcony', 'Garden', 'TV Cable', 'Wifi', 'Drainage', 'Water Supply', 'Water Tank']",1,13.0,16428.0,,Low
"House For Sale In Kalanki, Kathmandu","Nearby LRI School, Kalanki, Kathmandu",Kathmandu,15500000,7,2,3.0,0,West,2074.0,548,3.5 Aana,13 Feet,13 Feet,Unknown,N/A Sq. Feet,1 year ago,"['Balcony', 'TV Cable', 'Wifi', 'Drainage', 'Water Supply', 'Water Tank']",1,13.0,1197.875,,High
"House For Sale In Hattigauda, Kathmandu","Hattigauda, Hattigauda, Kathmandu",Kathmandu,30000000,5,0,3.0,0,West,2074.0,455,6.5 Aana,15 Feet,15 Feet,Unknown,2900 Sq. Feet,1 year ago,"['Balcony', 'TV Cable', 'Wifi', 'Drainage', 'Water Supply', 'Solar Water', 'Water Tank']",1,15.0,2224.625,2900.0,Premium
"House For Sale In Baluwatar, Kathmandu","Nearby IOM, Baluwatar, Kathmandu",Kathmandu,51500000,6,3,3.0,0,North East,2074.0,2.6K,6 Aana,12 Feet,12 Feet,Unknown,N/A Sq. Feet,1 year ago,"['Balcony', 'TV Cable', 'Wifi', 'Drainage', 'Water Supply', 'Water Tank']",1,12.0,2053.5,,Premium
"House For Sale In Sitapaila, Kathmandu","Sitapaila, Sitapaila, Kathmandu",Kathmandu,15000000,11,0,3.0,0,West,2074.0,602,3.1 Sq. Feet,20 Feet,20 Feet,Unknown,N/A Sq. Feet,1 year ago,"['Balcony', 'TV Cable', 'Wifi', 'Water Supply', 'Water Tank']",1,20.0,3.1,,High
"House For Sale In Basundhara, Kathmandu","Basundhara, Basundhara, Kathmandu",Kathmandu,45000000,11,0,3.0,0,South,2074.0,680,6 Ropani,14 Feet,14 Feet,Unknown,N/A Sq. Feet,1 year ago,"['Balcony', 'TV Cable', 'Wifi', 'Drainage', 'Water Supply', 'Solar Water', 'Water Tank']",1,14.0,32856.0,,Premium
"House For Sale In Sukedhara, Kathmandu","Sukedhara, Sukedhara, Kathmandu",Kathmandu,33000000,11,0,3.0,0,East,2074.0,347,5 Aana,15 Feet,15 Feet,Unknown,N/A Sq. Feet,1 year ago,"['Balcony', 'TV Cable', 'Washing Machine', 'Wifi', 'Drainage', 'Water Supply', 'Solar Water', 'Water Tank']",1,15.0,1711.25,,Premium
"House For Sale In Dhumbarahi, Kathmandu","Dhumbarahi, Dhumbarahi, Kathmandu",Kathmandu,40000000,12,0,4.0,4,East,2074.0,340,7 Aana,13 Feet,13 Feet,Unknown,N/A Sq. Feet,1 year ago,"['Balcony', 'TV Cable', 'Wifi', 'Drainage', 'Water Supply', 'Solar Water', 'Water Tank']",1,13.0,2395.75,,Premium
"House For Sale In Bhangal, Kathmandu","Sundarbasti, Bhangal, Kathmandu",Kathmandu,18200000,9,0,3.0,3,South,2074.0,355,3.1 Aana,13 Feet,13 Feet,Unknown,N/A Sq. Feet,1 year ago,"['Balcony', 'TV Cable', 'Wifi', 'Drainage', 'Water Supply', 'Water Tank']",1,13.0,1060.9750000000001,,High
"House For Sale In Budhanilkantha, Kathmandu","Sundarbasti, Budhanilkantha, Kathmandu",Kathmandu,19200000,5,4,3.0,3,East,2074.0,388,4 Sq. Feet,13 Feet,13 Feet,Unknown,N/A Sq. Feet,1 year ago,"['Balcony', 'TV Cable', 'Wifi', 'Drainage', 'Water Supply', 'Solar Water', 'Water Tank']",1,13.0,4.0,,High
"House For Sale In Budhanilkantha, Kathmandu","Jyotinagar, Budhanilkantha, Kathmandu",Kathmandu,17700000,12,0,4.0,0,East,2074.0,425,3.5 Aana,13 Feet,13 Feet,Unknown,N/A Sq. Feet,1 year ago,"['Balcony', 'TV Cable', 'Wifi', 'Drainage', 'Water Supply', 'Solar Water', 'Water Tank']",1,13.0,1197.875,,High
"House For Sale In Kapan, Kathmandu","Nearby Aakashedhara, Kapan, Kathmandu",Kathmandu,17000000,7,0,3.0,0,East,2074.0,413,3 Aana,13 Feet,13 Feet,Unknown,N/A Sq. Feet,1 year ago,"['Balcony', 'TV Cable', 'Wifi', 'Drainage', 'Water Supply', 'Water Tank']",1,13.0,1026.75,,High
"House For Sale In Budhanilkantha, Kathmandu","Nearby Hattigauda, Budhanilkantha, Kathmandu",Kathmandu,29800000,10,0,3.0,3,West,2074.0,449,6 Aana,13 Feet,13 Feet,Unknown,N/A Sq. Feet,1 year ago,"['Balcony', 'TV Cable', 'Wifi', 'Drainage', 'Water Supply', 'Water Tank']",1,13.0,2053.5,,Premium
"House For Sale In Budhanilkantha, Kathmandu","Nearby Dhumbarai Chowk., Budhanilkantha, Kathmandu",Kathmandu,21000000,9,0,3.0,0,North West,2074.0,495,3.5 Aana,13 Feet,13 Feet,Unknown,N/A Sq. Feet,1 year ago,"['Balcony', 'TV Cable', 'Wifi', 'Drainage', 'Water Supply', 'Water Tank']",1,13.0,1197.875,,High
"House For Sale In Budhanilkantha, Kathmandu","Nearby Jyotinagar, Budhanilkantha, Kathmandu",Kathmandu,34000000,6,3,3.0,4,South East,2074.0,265,6 Aana,13 Feet,13 Feet,Unknown,N/A Sq. Feet,1 year ago,"['Balcony', 'TV Cable', 'Wifi', 'Drainage', 'Water Supply', 'Water Tank']",1,13.0,2053.5,,Premium
"Land For Sale In Kageshwari-Manohara, Kathmandu","Nearby Daachi Panitanki, Kageshwari-Manohara, Kathmandu",Kathmandu,1450000,0,0,3.0,0,East,2074.0,217,4 Aana,20 Feet,20 Feet,Unknown,N/A Sq. Feet,1 year ago,[],1,20.0,1369.0,,Medium
"House For Sale In Chandol, Kathmandu","Chandol, Chandol, Kathmandu",Kathmandu,40000000,6,4,3.0,4,South East,2074.0,324,6 Sq. Feet,14 Feet,14 Feet,Unknown,N/A Sq. Feet,1 year ago,"['Balcony', 'TV Cable', 'Wifi', 'Drainage', 'Water Supply', 'Water Tank']",1,14.0,6.0,,Premium
"Land For Sale In Budhanilkantha, Kathmandu","Ram Mandir, Budhanilkantha, Kathmandu",Kathmandu,2150000,0,0,3.0,0,West,2074.0,221,4 Aana,12 Feet,12 Feet,Unknown,N/A Sq. Feet,1 year ago,[],1,12.0,1369.0,,Medium
"House For Sale In Basundhara, Kathmandu","Shreetole Height home, Basundhara, Kathmandu",Kathmandu,19900000,3,3,3.0,0,South West,2074.0,327,3 Aana,12 Feet,12 Feet,Unknown,N/A Sq. Feet,1 year ago,"['Balcony', 'TV Cable', 'Wifi', 'Drainage', 'Water Supply', 'Water Tank']",1,12.0,1026.75,,High
"House For Sale In Budhanilkantha, Kathmandu","Nearby Chapali Home, Budhanilkantha, Kathmandu",Kathmandu,16800000,10,0,3.0,0,South West,2074.0,565,3 Aana,13 Feet,13 Feet,Unknown,N/A Sq. Feet,1 year ago,"['Balcony', 'Modular Kitchen', 'TV Cable', 'Wifi', 'Drainage', 'Water Supply', 'Water Tank']",1,13.0,1026.75,,High
"House For Rent In Budhanilkantha, Kathmandu","Narayanthan, Budhanilkantha, Kathmandu",Kathmandu,100000,5,3,3.0,4,East,2074.0,332,1.10 Ropani,12 Feet,12 Feet,Unknown,N/A Sq. Feet,1 year ago,"['Garage', 'Balcony', 'TV Cable', 'Wifi', 'Drainage', 'Water Supply', 'Solar Water', 'Water Tank']",1,12.0,6023.6,,Low
"Flat For Rent In Bharatpur, Chitwan","Near krishnapur water tank, behind Bharatpur Airport, Bharatpur, Chitwan",Chitwan,9000,1,1,3.0,1,North,2075.0,680,800 Sq. Meter,6 Meter,6 Meter,Unknown,N/A Sq. Meter,1 year ago,"['Lawn', 'Backyard', 'Fencing', 'Garden', 'Modular Kitchen', 'TV Cable', 'Wifi', 'Drainage', 'Water Supply', 'Water Tank']",0,19.68504,8611.119999999999,,Low
"House For Sale In Basbari, Kathmandu","Basbari, Basbari, Kathmandu",Kathmandu,63000000,9,4,4.0,4,South,2074.0,369,0-12-3-2 Aana,13 Feet,13 Feet,Unknown,N/A Sq. Feet,1 year ago,"['Balcony', 'Garden', 'TV Cable', 'Wifi', 'Drainage', 'Water Supply', 'Solar Water', 'Water Tank']",1,13.0,4406.46875,,Premium
"Office Space For Sale In Thamel, Kathmandu","Galkopakha, Thamel, Kathmandu",Kathmandu,100,0,0,3.0,0,East,2074.0,400,1.8 Ropani,20 Feet,20 Feet,Unknown,N/A Sq. Feet,1 year ago,"['Wifi', 'Water Supply', 'Water Tank']",1,20.0,9856.800000000001,,Low
"House For Sale In Dhapakhel, Lalitpur","Dhapakhel Height, Dhapakhel, Lalitpur",Lalitpur,12500000,3,2,3.0,3,South,2074.0,589,3 Aana,10 Feet,10 Feet,Unknown,N/A Sq. Feet,1 year ago,"['Balcony', 'TV Cable', 'Wifi', 'Drainage', 'Water Supply', 'Solar Water', 'Water Tank']",1,10.0,1026.75,,High
"House For Sale In Balaju, Kathmandu","Jarankhu, Balaju, Kathmandu",Kathmandu,14200000,5,2,2.0,3,North West,2074.0,486,0-3-2-2 Aana,13 Feet,13 Feet,Unknown,N/A Sq. Feet,1 year ago,"['Balcony', 'TV Cable', 'Wifi', 'Drainage', 'Water Supply', 'Water Tank']",1,13.0,1240.65625,,High
"House For Sale In Satdobato, Lalitpur","Dholahity, Satdobato, Lalitpur",Lalitpur,20000000,5,4,3.0,3,North,2074.0,468,0-3-0-1 Aana,16 Feet,16 Feet,Unknown,N/A Sq. Feet,1 year ago,"['Balcony', 'TV Cable', 'Wifi', 'Drainage', 'Water Supply', 'Solar Water', 'Water Tank']",1,16.0,1048.140625,,High
"House For Sale In Sunderbasti, Kathmandu","Golfutar, Sunderbasti, Kathmandu",Kathmandu,19500000,5,3,3.0,2,East,2074.0,599,3.2 Aana,13 Feet,13 Feet,Unknown,N/A Sq. Feet,1 year ago,"['Balcony', 'TV Cable', 'Wifi', 'Drainage', 'Water Supply', 'Water Tank']",1,13.0,1095.2,,High
"House For Sale In Swayambhu, Kathmandu","Kimdol, Swayambhu, Kathmandu",Kathmandu,21000000,4,2,2.0,2,South,2074.0,1.1K,3.1 Aana,18 Feet,18 Feet,Unknown,N/A Sq. Feet,1 year ago,"['Balcony', 'TV Cable', 'Wifi', 'Drainage', 'Water Supply', 'Solar Water', 'Water Tank']",1,18.0,1060.9750000000001,,High
"House For Sale In Kalikasthan, Kathmandu","Kalikasthan, Kalikasthan, Kathmandu",Kathmandu,100000000,5,2,3.0,4,West,2074.0,720,10.1 Aana,20 Feet,20 Feet,Unknown,N/A Sq. Feet,1 year ago,"['Balcony', 'TV Cable', 'Wifi', 'Drainage', 'Water Supply', 'Water Tank']",1,20.0,3456.725,,Premium
"House For Sale In Samakhusi, Kathmandu","Samakhusi, Samakhusi, Kathmandu",Kathmandu,22500000,6,4,4.0,3,North,2074.0,279,0-3-0-1 Aana,10 Feet,10 Feet,Unknown,N/A Sq. Feet,1 year ago,"['Balcony', 'TV Cable', 'Wifi', 'Drainage', 'Water Supply', 'Solar Water', 'Water Tank']",1,10.0,1048.140625,,High
"House For Sale In Chabahil, Kathmandu","Arubari, Chabahil, Kathmandu",Kathmandu,37000000,5,4,3.0,4,South West,2074.0,266,4 Aana,12 Feet,12 Feet,Unknown,N/A Sq. Feet,1 year ago,"['Balcony', 'TV Cable', 'Wifi', 'Drainage', 'Water Supply', 'Solar Water', 'Water Tank']",1,12.0,1369.0,,Premium
"House For Sale In Ramkot, Kathmandu","Ramkot, Ramkot, Kathmandu",Kathmandu,19000000,4,3,3.0,4,East,2074.0,583,0-3-3-2 Aana,20 Feet,20 Feet,Unknown,N/A Sq. Feet,1 year ago,"['Balcony', 'Garden', 'Swimming Pool', 'TV Cable', 'Wifi', 'Drainage', 'Water Supply', 'Solar Water', 'Water Tank']",1,20.0,1326.21875,,High
"House For Sale In Sitapaila, Kathmandu","Sitapaila, Sitapaila, Kathmandu",Kathmandu,45000000,5,5,3.0,4,East,2074.0,286,9 Aana,12 Feet,12 Feet,Unknown,N/A Sq. Feet,1 year ago,"['Balcony', 'TV Cable', 'Wifi', 'Drainage', 'Water Supply', 'Solar Water', 'Water Tank']",1,12.0,3080.25,,Premium
"House For Sale In Tarkeshwor, Kathmandu","Lambagar, Tarkeshwor, Kathmandu",Kathmandu,16500000,6,3,3.0,3,South,2074.0,328,4 Aana,12 Feet,12 Feet,Unknown,N/A Sq. Feet,1 year ago,"['Balcony', 'TV Cable', 'Wifi', 'Drainage', 'Water Supply', 'Water Tank']",1,12.0,1369.0,,High
"House For Sale In Sukedhara, Kathmandu","Sukedhara, Sukedhara, Kathmandu",Kathmandu,88000000,0,0,3.0,0,West,2074.0,245,0-15-2-2 Aana,20 Feet,20 Feet,Unknown,N/A Sq. Feet,1 year ago,"['Balcony', 'TV Cable', 'Wifi', 'Drainage', 'Water Supply', 'Water Tank']",1,20.0,5347.65625,,Premium
"House For Sale In Gongabu, Kathmandu","Gongabu, Gongabu, Kathmandu",Kathmandu,29000000,10,6,5.0,4,West,2074.0,277,4.2 Aana,10 Feet,10 Feet,Unknown,N/A Sq. Feet,1 year ago,"['Balcony', 'TV Cable', 'Wifi', 'Drainage', 'Water Supply', 'Water Tank']",1,10.0,1437.45,,Premium
"Land For Sale In Balkhu, Kathmandu","Balkhu, Balkhu, Kathmandu",Kathmandu,7500000,0,0,3.0,0,East,2074.0,311,1.4 Ropani,20 Feet,20 Feet,Unknown,N/A Sq. Feet,1 year ago,[],1,20.0,7666.4,,Medium
"House For Sale In Naxal, Kathmandu","Gahana, Pokhari, Naxal, Kathmandu",Kathmandu,55000000,0,0,4.0,0,North,2074.0,327,7 Aana,20 Feet,20 Feet,Unknown,N/A Sq. Feet,1 year ago,"['Balcony', 'TV Cable', 'Wifi', 'Drainage', 'Water Supply', 'Water Tank']",1,20.0,2395.75,,Premium
"House For Sale In Kadaghari, Kathmandu","Birendra Chowk, Kadaghari, Kathmandu",Kathmandu,36000000,6,4,3.5,3,South East,2074.0,247,3.2 Aana,13 Feet,13 Feet,Unknown,N/A Sq. Feet,1 year ago,"['Balcony', 'TV Cable', 'Wifi', 'Drainage', 'Water Supply', 'Solar Water', 'Water Tank']",1,13.0,1095.2,,Premium
"House For Sale In Pepsicola, Kathmandu","Suncity Planning, Pepsicola, Kathmandu",Kathmandu,24000000,10,6,3.0,4,East,2074.0,808,3.2 Aana,13 Feet,13 Feet,Unknown,N/A Sq. Feet,1 year ago,"['Balcony', 'TV Cable', 'Wifi', 'Drainage', 'Water Supply', 'Water Tank']",1,13.0,1095.2,,High
"House For Sale In Kadaghari, Kathmandu","Gotthatar, Kadaghari, Kathmandu",Kathmandu,12000000,4,1,1.0,2,East,2074.0,452,3 Aana,13 Feet,13 Feet,Unknown,N/A Sq. Feet,1 year ago,"['TV Cable', 'Wifi', 'Drainage', 'Water Supply', 'Water Tank']",1,13.0,1026.75,,High
"Land For Sale In Balaju, Kathmandu","Balaju, Balaju, Kathmandu",Kathmandu,8500000,0,0,3.0,0,West,2074.0,231,0-6-3-3 Aana,20 Feet,20 Feet,Unknown,N/A Sq. Feet,1 year ago,[],1,20.0,2374.359375,,High
"House For Sale In Balaju, Kathmandu","Near by Bhatbhatei Super Market., Balaju, Kathmandu",Kathmandu,45000000,12,4,4.0,5,North,2074.0,257,0-4-0-2 Aana,0 Feet,0 Feet,Unknown,N/A Sq. Feet,1 year ago,"['Balcony', 'TV Cable', 'Wifi', 'Drainage', 'Water Supply', 'Water Tank']",1,0.0,1411.78125,,Premium
"House For Sale In Joranku, Kathmandu","Joranku, Joranku, Kathmandu",Kathmandu,15000000,3,3,3.0,2,South,2074.0,260,3.2 Aana,10 Feet,10 Feet,Unknown,N/A Sq. Feet,1 year ago,"['Balcony', 'TV Cable', 'Wifi', 'Drainage', 'Water Supply', 'Water Tank']",1,10.0,1095.2,,High
"Land For Sale In Tarkeshwor, Kathmandu","Phutung, Tarkeshwor, Kathmandu",Kathmandu,1000000,0,0,3.0,0,South West,2074.0,275,7 Aana,26 Feet,26 Feet,Unknown,N/A Sq. Feet,1 year ago,[],1,26.0,2395.75,,Low
"Office Space For Sale In Samakhusi, Kathmandu","Samakhusi Town Planning, Samakhusi, Kathmandu",Kathmandu,500000,0,0,3.0,0,East,2074.0,226,165 Sq. Feet,20 Feet,20 Feet,Unknown,N/A Sq. Feet,1 year ago,[],1,20.0,165.0,,Low
"House For Sale In Sitapaila, Kathmandu","Ichadol, Sitapaila, Kathmandu",Kathmandu,20000000,4,2,3.0,0,East,2074.0,331,5 Aana,13 Feet,13 Feet,Unknown,N/A Sq. Feet,1 year ago,"['Balcony', 'TV Cable', 'Wifi', 'Drainage', 'Water Supply', 'Solar Water', 'Water Tank']",1,13.0,1711.25,,High
"House For Sale In Imadol, Lalitpur","sital height, Imadol, Lalitpur",Lalitpur,16000000,4,4,3.0,2,South East,2075.0,1.9K,0-3-0-0 Aana,13 Feet,13 Feet,Unknown,N/A Sq. Feet,1 year ago,"['Balcony', 'Fencing', 'Modular Kitchen', 'Water Tank', 'Water Well']",0,13.0,1026.75,,High
"House For Sale In Thamel, Kathmandu","Thahiti Chowk, Thamel, Kathmandu",Kathmandu,37500000,4,4,6.0,4,East,2074.0,316,0-2-3-2 Aana,12 Feet,12 Feet,Unknown,N/A Aana,1 year ago,"['Balcony', 'Gym', 'Wifi', 'Drainage', 'Water Supply', 'Solar Water', 'Water Tank']",1,12.0,983.96875,,Premium
"Land For Sale In Thamel, Kathmandu","Thamel, Thamel, Kathmandu",Kathmandu,20000000,0,0,3.0,0,East,2074.0,267,1.11 Ropani,26 Feet,26 Feet,Unknown,N/A Sq. Feet,1 year ago,[],1,26.0,6078.360000000001,,High
"House For Sale In Gongabu, Kathmandu","Mitranagar, Gongabu, Kathmandu",Kathmandu,31000000,9,9,4.0,3,North,2074.0,298,2.2 Aana,9 Feet,9 Feet,Unknown,N/A Sq. Feet,1 year ago,"['Balcony', 'TV Cable', 'Wifi', 'Water Supply', 'Water Tank']",1,9.0,752.95,,Premium
"Apartment For Sale In Samakhusi, Kathmandu","Samakhusi Town Planning, Samakhusi, Kathmandu",Kathmandu,20500000,5,4,3.0,3,South,2074.0,356,2.2 Aana,16 Feet,16 Feet,Unknown,N/A Sq. Feet,1 year ago,"['Balcony', 'TV Cable', 'Wifi', 'Drainage', 'Water Supply', 'Water Tank']",1,16.0,752.95,,High
"House For Sale In Sano Bharyang, Kathmandu","Near by Yellow Gumba, Sano Bharyang, Kathmandu",Kathmandu,26000000,4,5,3.0,3,East,2074.0,247,0-4-0-2 Aana,12 Feet,12 Feet,Unknown,N/A Sq. Feet,1 year ago,"['Balcony', 'TV Cable', 'Wifi', 'Drainage', 'Water Supply', 'Water Tank']",1,12.0,1411.78125,,High
"Apartment For Rent In Naxal, Kathmandu","Narayanchaur, Naxal, Kathmandu",Kathmandu,120000,2,2,3.0,2,South West,2074.0,323,1100 Sq. Feet,16 Feet,16 Feet,Unknown,N/A Sq. Feet,1 year ago,"['Balcony', 'Swimming Pool', 'TV Cable', 'Wifi', 'Drainage', 'Water Supply', 'Solar Water', 'Water Tank']",1,16.0,1100.0,,Low
"Apartment For Sale In Bhaisepati, Lalitpur","Bhaisepati, Bhaisepati, Lalitpur",Lalitpur,7500000,2,2,1.0,2,West,2074.0,864,800 Sq. Feet,24 Feet,24 Feet,Unknown,N/A Sq. Feet,1 year ago,"['Balcony', 'TV Cable', 'Wifi', 'Drainage', 'Water Supply', 'Water Tank']",1,24.0,800.0,,Medium
"Apartment For Rent In Panipokhari, Kathmandu","panipokhari, Panipokhari, Kathmandu",Kathmandu,100000,2,2,1.0,2,West,2074.0,356,1000 Sq. Feet,20 Feet,20 Feet,Unknown,N/A Sq. Feet,1 year ago,"['Balcony', 'Garden', 'Swimming Pool', 'TV Cable', 'Wifi', 'Drainage', 'Water Supply', 'Water Tank']",1,20.0,1000.0,,Low
"Apartment For Sale In Lazimpat, Kathmandu","Panipokhari, Lazimpat, Kathmandu",Kathmandu,17500000,3,3,3.0,2,South,2074.0,737,1582 Sq. Feet,20 Feet,20 Feet,Unknown,N/A Sq. Feet,1 year ago,"['Balcony', 'TV Cable', 'Wifi', 'Drainage', 'Water Supply', 'Water Tank']",1,20.0,1582.0,,High
"Land At Gausala, Battisputali : Land For Sale In Old Baneshwor, Kathmandu","Battisputali, Old Baneshwor, Kathmandu",Kathmandu,5500000,0,0,3.0,0,South,2074.0,6.1K,0-7-2-0 Aana,6 Meter,6 Meter,Unknown,N/A Sq. Feet,1 year ago,[],1,19.68504,2566.875,,Medium
"Apartment For Rent In Durbar Marg, Kathmandu","Durbar marg, Durbar Marg, Kathmandu",Kathmandu,110000,2,2,3.0,2,North East,2074.0,375,1100 Sq. Feet,13 Feet,13 Feet,Unknown,N/A Sq. Feet,1 year ago,"['Balcony', 'Garden', 'Swimming Pool', 'TV Cable', 'Wifi', 'Drainage', 'Water Supply', 'Solar Water', 'Water Tank']",1,13.0,1100.0,,Low
"Scenic : House For Sale In Dhapakhel, Lalitpur","Dhapakhel height, Dhapakhel, Lalitpur",Lalitpur,25000000,4,3,3.0,1,South,2072.0,5.9K,0-4-3-0 Aana,13 Feet,13 Feet,Unknown,800 Sq. Feet,1 year ago,"['Balcony', 'Fencing', 'Garden', 'Modular Kitchen', 'TV Cable', 'Wifi', 'Solar Water', 'Water Tank']",0,13.0,1625.6875,800.0,High
"House At New Colony : House For Sale In Budhanilkantha, Kathmandu","New Colony, Budhanilkantha, Budhanilkantha, Kathmandu",Kathmandu,28500000,3,3,2.0,1,South West,2073.0,6.5K,0-4-5-0 Aana,18 Feet,18 Feet,Unknown,N/A Sq. Feet,1 year ago,"['Garage', 'Backyard', 'Balcony', 'Fencing', 'Frontyard', 'Garden', 'Modular Kitchen', 'TV Cable', 'Wifi', 'Water Supply']",0,18.0,1796.8125,,Premium
"Apartment For Rent In Lazimpat, Kathmandu","Lazimpat, Lazimpat, Kathmandu",Kathmandu,50000,0,0,3.0,0,East,2074.0,419,200 Aana,0 Feet,0 Feet,Unknown,N/A Aana,1 year ago,"['Balcony', 'Modular Kitchen', 'Water Supply', 'Water Tank']",1,0.0,68450.0,,Low
"Apartment For Rent In Lazimpat, Kathmandu","lazimpat, Lazimpat, Kathmandu",Kathmandu,40000,0,0,3.0,0,East,2074.0,518,180 Aana,0 Feet,0 Feet,Unknown,N/A Aana,1 year ago,"['Balcony', 'Modular Kitchen', 'Drainage', 'Water Supply', 'Water Tank']",1,0.0,61605.0,,Low
"Dhobhighat : Land For Rent In Dhobighat, Lalitpur","Dhobhighat, Lalitpur, Dhobighat, Lalitpur",Lalitpur,250000,0,0,3.0,0,East,2074.0,325,2.2 Ropani,20 Feet,20 Feet,Unknown,2 Ropani,1 year ago,"['Garage', 'Water Supply']",1,20.0,12047.2,10952.0,Low
"Business For Sale In Naxal, Kathmandu","Near, Bhat bhateni, Naxal, Kathmandu",Kathmandu,3000000,0,0,3.0,0,South,2074.0,4.9K,400 Sq. Feet,35 Feet / Blacktopped,35 Feet , Blacktopped,N/A Sq. Feet,1 year ago,"['Air Condition', 'TV Cable']",1,35.0,400.0,,Medium
"Land For Sale In Bhaisepati, Lalitpur","Near, Bhaisepati Colony, Bhaisepati, Lalitpur",Lalitpur,2400000,0,0,3.0,0,South East,2074.0,520,0-6-0-0 Aana,16 Feet,16 Feet,Unknown,N/A Sq. Feet,1 year ago,[],1,16.0,2053.5,,Medium
"Land For Sale In Banasthali, Kathmandu","Near, Dhungedhara, Banasthali, Kathmandu",Kathmandu,3500000,0,0,3.0,0,East,2074.0,425,0-5-0-0 Aana,16 Feet,16 Feet,Unknown,N/A Sq. Feet,1 year ago,[],1,16.0,1711.25,,Medium
"House For Sale In Lubhu, Lalitpur","Near, Sarbotchrit School, Lubhu, Lalitpur",Lalitpur,14500000,4,3,2.0,1,South East,2074.0,768,0-5-0-3 Aana,13 Feet,13 Feet,Unknown,N/A Sq. Feet,1 year ago,"['Backyard', 'Balcony', 'Frontyard', 'Garden', 'Modular Kitchen', 'Drainage', 'Water Supply', 'Solar Water', 'Water Tank', 'Water Well']",1,13.0,1775.421875,,High
"House For Sale In Sunderbasti, Kathmandu","Budanilkantha, Sunderbasti, Kathmandu",Kathmandu,27500000,6,4,3.0,1,South East,2074.0,375,0-5-0-3 Aana,13 Feet,13 Feet,Unknown,N/A Sq. Feet,1 year ago,"['Backyard', 'Balcony', 'Frontyard', 'Modular Kitchen', 'Wifi', 'Drainage', 'Water Supply', 'Solar Water', 'Water Tank', 'Water Well']",1,13.0,1775.421875,,Premium
"Land For Sale In Sitapaila, Kathmandu","Near, Padma Colony, Sitapaila, Kathmandu",Kathmandu,2600000,0,0,3.0,0,East,2074.0,302,0-4-0-0 Aana,13 Feet,13 Feet,Unknown,N/A Sq. Feet,1 year ago,[],1,13.0,1369.0,,Medium
"Lamas Residence : House For Rent In Lubhu, Lalitpur","Lubhu Lalitpur, Lubhu, Lalitpur",Lalitpur,60000,6,2,2.0,0,East,2074.0,351,16 Aana,18 Feet,18 Feet,Unknown,8 Aana,1 year ago,"['Garage', 'Balcony', 'Garden', 'Water Supply', 'Lawn', 'Frontyard', 'Backyard']",1,18.0,5476.0,2738.0,Low
"Apartment For Rent In Bishal Nagar, Kathmandu","Central Park Apartment, Bishal Nagar, Kathmandu",Kathmandu,120000,3,2,10.0,0,East,2074.0,394,1300 Sq. Feet,20 Feet,20 Feet,Unknown,N/A Sq. Feet,1 year ago,[],1,20.0,1300.0,,Low
"Apartment For Rent In Swayambhu, Kathmandu","Bijeshwari, Swayambhu, Kathmandu",Kathmandu,150000,2,2,4.0,0,South East,2074.0,371,1200 Sq. Feet,15 Feet,15 Feet,Unknown,N/A Sq. Feet,1 year ago,[],1,15.0,1200.0,,Low
"Apartment For Sale In Kamalpokhari, Kathmandu","Kamalpokhari, Kamalpokhari, Kathmandu",Kathmandu,55000000,2,3,3.0,0,North East,2074.0,565,3400 Sq. Feet,20 Feet,20 Feet,Unknown,N/A Sq. Feet,1 year ago,"['Balcony', 'Garden', 'Gym', 'Washing Machine', 'Wifi', 'Drainage', 'Water Supply', 'Solar Water', 'Water Tank']",1,20.0,3400.0,,Premium
"Apartment For Rent In Jhamsikhel, Lalitpur","Jhamsikhel, Jhamsikhel, Lalitpur",Lalitpur,40000,2,1,3.0,0,East,2074.0,554,750 Sq. Feet,15 Feet,15 Feet,Unknown,N/A Sq. Feet,1 year ago,"['Balcony', 'TV Cable', 'Wifi', 'Drainage', 'Water Supply']",1,15.0,750.0,,Low
"Apartment For Sale In Dhobighat, Lalitpur","Bazra and Sangrila Residency, Dhobighat, Lalitpur",Lalitpur,16500000,3,2,10.0,0,East,2074.0,619,1350 Sq. Feet,20 Feet,20 Feet,Unknown,N/A Sq. Feet,1 year ago,[],1,20.0,1350.0,,High
"Best For Commercial Use : House For Sale In Kamalpokhari, Kathmandu","Naxal, kathmandu, Kamalpokhari, Kathmandu",Kathmandu,30000000,0,3,5.0,0,West,2074.0,524,1-3-3 Aana,32 Feet,32 Feet,Unknown,N/A Sq. Feet,1 year ago,[],1,32.0,6759.4375,,Premium
"Newly Built : House For Rent In Baneshwor, Kathmandu","Mid- Baneshwor, Baneshwor, Kathmandu",Kathmandu,125000,5,2,2.0,5,East,2076.0,1.8K,10 Aana,13 Feet,13 Feet,Unknown,N/A Sq. Feet,1 year ago,"['Lawn', 'Garage', 'Balcony', 'Deck', 'Water Supply']",0,13.0,3422.5,,Low
"House For Rent In Bhaisepati, Lalitpur","Near, Radio Tower, Bhaisepati, Lalitpur",Lalitpur,250000,5,3,3.0,2,East,2075.0,12.7K,13 Aana,20 Feet,20 Feet,Unknown,4 Aana,1 year ago,"['Garage', 'Backyard', 'Balcony', 'Frontyard', 'Garden', 'Microwave', 'Modular Kitchen', 'TV Cable', 'Washing Machine', 'Water Supply', 'Solar Water', 'Water Tank', 'Water Well']",0,20.0,4449.25,1369.0,Low
"House For Sale In Maligaon, Kathmandu","Maligaon, Maligaon, Kathmandu",Kathmandu,65000000,5,6,3.0,0,North West,2074.0,607,12 Aana,13 Feet,13 Feet,Unknown,N/A Sq. Feet,1 year ago,"['Lawn', 'Balcony', 'Garden', 'TV Cable', 'Wifi', 'Drainage', 'Water Supply', 'Solar Water', 'Water Tank']",1,13.0,4107.0,,Premium
"House For Sale In Bhatbhateni, Kathmandu","Bhatbhateni, Bhatbhateni, Kathmandu",Kathmandu,235000000,10,10,3.0,0,East,2074.0,561,33 Aana,16 Feet,16 Feet,Unknown,N/A Sq. Feet,1 year ago,"['Air Condition', 'Balcony', 'Garden', 'TV Cable', 'Wifi', 'Drainage', 'Water Supply', 'Solar Water', 'Water Tank']",1,16.0,11294.25,,Premium
"Land For Sale In Kalanki, Kathmandu","Dhungeadda, Kalanki, Kathmandu",Kathmandu,4500000,0,0,3.0,0,South East,2074.0,317,13 Aana,20 Feet,20 Feet,Unknown,N/A Aana,1 year ago,[],1,20.0,4449.25,,Medium
"House For Sale In Maharajgunj, Kathmandu","Nearby, Teaching Hospital, Maharajgunj, Kathmandu",Kathmandu,47500000,10,6,3.0,0,East,2074.0,392,0-3-0-1 Aana,11 Meter,11 Meter,Unknown,N/A Sq. Feet,1 year ago,"['Balcony', 'TV Cable', 'Wifi', 'Drainage', 'Water Supply', 'Solar Water', 'Water Tank']",1,36.08924,1048.140625,,Premium
"Land For Sale In Godawari, Lalitpur","Godawari, Godawari, Lalitpur",Lalitpur,950000,0,0,3.0,0,South,2074.0,360,10 Aana,24 Feet,24 Feet,Unknown,N/A Sq. Feet,1 year ago,[],1,24.0,3422.5,,Low
"House For Sale In Chabahil, Kathmandu","Chuchhepati, Chabahil, Kathmandu",Kathmandu,35000000,10,4,3.0,0,West,2074.0,383,4.5 Aana,20 Feet,20 Feet,Unknown,N/A Sq. Feet,1 year ago,[],1,20.0,1540.125,,Premium
"Land For Sale In Tikathali, Lalitpur","Pani Tanki, Tikathali, Lalitpur",Lalitpur,2000000,0,0,3.0,0,West,2074.0,9.3K,0-5-1-1 Aana,14 Feet,14 Feet,Unknown,N/A Sq. Feet,1 year ago,[],1,14.0,1818.203125,,Medium
"Land For Sale In Satungal, Kathmandu","Balagaun, Satungal, Kathmandu",Kathmandu,2500000,0,0,3.0,0,South,2074.0,308,0-3-3-3 Aana,14 Feet,14 Feet,Unknown,N/A Sq. Feet,1 year ago,[],1,14.0,1347.609375,,Medium
"House For Rent In Sanepa, Lalitpur","Sanepa, Sanepa, Lalitpur",Lalitpur,300000,14,5,3.0,0,North,2074.0,423,32 Aana,13 Feet,13 Feet,Unknown,4000 Sq. Feet,1 year ago,[],1,13.0,10952.0,4000.0,Low
"Land For Rent In Dhapasi, Kathmandu","Dhapasi Height, Dhapasi, Kathmandu",Kathmandu,60000,0,0,3.0,0,South East,2074.0,437,18 Aana,20 Feet,20 Feet,Unknown,N/A Sq. Feet,1 year ago,[],1,20.0,6160.5,,Low
"House For Rent In Bhaisepati, Lalitpur","Mangal Colony, Bhaisepati, Lalitpur",Lalitpur,60000,3,3,3.0,0,North,2074.0,550,4.5 Aana,16 Feet,16 Feet,Unknown,1300 Sq. Feet,1 year ago,"['Balcony', 'TV Cable', 'Wifi', 'Drainage', 'Water Supply', 'Water Tank']",1,16.0,1540.125,1300.0,Low
"Apartment For Rent In Hattiban, Lalitpur","City Scape Apartment, Hattiban, Lalitpur",Lalitpur,55000,3,2,3.0,0,North,2074.0,598,1300 Sq. Feet,20 Feet,20 Feet,Unknown,N/A Sq. Feet,1 year ago,"['Balcony', 'TV Cable', 'Wifi', 'Drainage', 'Water Supply', 'Water Tank']",1,20.0,1300.0,,Low
"House For Sale In Syuchatar, Kathmandu","Syuchatar, Syuchatar, Kathmandu",Kathmandu,20000000,5,3,3.0,0,North,2074.0,383,0-3-3-0 Aana,20 Feet,20 Feet,Unknown,N/A Sq. Feet,1 year ago,"['Balcony', 'TV Cable', 'Wifi', 'Drainage', 'Water Supply', 'Water Tank']",1,20.0,1283.4375,,High
"Apartment For Sale In Tripureshwor, Kathmandu","Tripureshwor, Tripureshwor, Kathmandu",Kathmandu,25000000,3,4,4.0,0,South East,2074.0,839,3000 Sq. Feet,13 Feet,13 Feet,Unknown,N/A Sq. Feet,1 year ago,"['Balcony', 'TV Cable', 'Wifi', 'Drainage', 'Water Supply', 'Water Tank']",1,13.0,3000.0,,High
"House For Sale In Balkhu, Kathmandu","Kumari Club, Balkhu, Kathmandu",Kathmandu,49500000,7,7,3.0,0,South,2074.0,695,9 Aana,10 Feet,10 Feet,Unknown,N/A Sq. Feet,1 year ago,"['Balcony', 'TV Cable', 'Wifi', 'Drainage', 'Water Supply', 'Solar Water', 'Water Tank']",1,10.0,3080.25,,Premium
"Land For Sale In Godawari, Lalitpur","Devi Chaur, Godawari, Lalitpur",Lalitpur,300000,0,0,3.0,0,South East,2074.0,703,10-22-0-0 Ropani,20 Feet,20 Feet,Unknown,N/A Sq. Feet,1 year ago,[],1,20.0,62289.5,,Low
"House For Sale In Kirtipur, Kirtipur","Bhatkeko Party, Kirtipur, Kathmandu",Kathmandu,18000000,4,4,2.0,0,South East,2074.0,783,6 Aana,20 Feet,20 Feet,Unknown,2045 Sq. Feet,1 year ago,"['Lawn', 'TV Cable', 'Wifi', 'Water Supply', 'Water Tank']",1,20.0,2053.5,2045.0,High
"House For Sale In Baneshwor, Kathmandu","Behind Bicc Hall, Baneshwor, Kathmandu",Kathmandu,6000000,0,0,3.0,0,South,2074.0,488,9.5 Aana,20 Feet,20 Feet,Unknown,N/A Sq. Feet,1 year ago,[],1,20.0,3251.375,,Medium
"Land For Sale In Bhaisepati, Lalitpur","Bhaisepati, Bhaisepati, Lalitpur",Lalitpur,2650000,0,0,3.0,0,North,2074.0,362,8 Aana,13 Feet,13 Feet,Unknown,N/A Sq. Feet,1 year ago,[],1,13.0,2738.0,,Medium
"House For Sale In Hattisar, Kathmandu","Hattisar, Hattisar, Kathmandu",Kathmandu,43500000,6,0,3.0,0,West,2074.0,375,0-3-2-1 Aana,20 Feet,20 Feet,Unknown,N/A Sq. Feet,1 year ago,"['TV Cable', 'Wifi', 'Drainage', 'Water Supply', 'Water Tank']",1,20.0,1219.265625,,Premium
"House For Sale In Lokanthali, Bhaktapur","Lokanthali, Lokanthali, Bhaktapur",Bhaktapur,35000000,14,4,3.0,0,East,2074.0,360,7.1 Aana,14 Feet,14 Feet,Unknown,N/A Sq. Feet,1 year ago,"['Balcony', 'TV Cable', 'Wifi', 'Water Supply', 'Water Tank']",1,14.0,2429.975,,Premium
"House For Sale In Ravi Bhawan, Kathmandu","Ravi Bhawan, Ravi Bhawan, Kathmandu",Kathmandu,60000000,0,0,3.0,0,East,2074.0,594,12 Aana,13 Feet,13 Feet,Unknown,N/A Sq. Feet,1 year ago,"['Balcony', 'TV Cable', 'Wifi', 'Drainage', 'Water Tank']",1,13.0,4107.0,,Premium
"Land For Sale In Sankhamul, Kathmandu","Manidol, Sankhamul, Kathmandu",Kathmandu,4200000,0,0,3.0,0,West,2074.0,476,22 Aana,20 Feet,20 Feet,Unknown,N/A Sq. Feet,1 year ago,[],1,20.0,7529.5,,Medium
"House For Sale In Swayambhu, Kathmandu","Halchowk, Swayambhu, Kathmandu",Kathmandu,13000000,4,2,3.0,0,South,2074.0,623,4.8 Aana,16 Feet,16 Feet,Unknown,N/A Sq. Feet,1 year ago,[],1,16.0,1642.8,,High
"Land For Sale In Kalanki, Kathmandu","Kalanki, Kalanki, Kathmandu",Kathmandu,2700000,0,0,3.0,0,North East,2074.0,299,7.3 Aana,13 Feet,13 Feet,Unknown,N/A Sq. Feet,1 year ago,[],1,13.0,2498.4249999999997,,Medium
"Land For Sale In Kirtipur, Kirtipur","Bhatkya Party, Kirtipur, Kathmandu",Kathmandu,2100000,0,0,3.0,0,North East,2074.0,302,6 Aana,22 Feet,22 Feet,Unknown,N/A Sq. Feet,1 year ago,[],1,22.0,2053.5,,Medium
"House For Sale In Kalanki, Kathmandu","Kalanki, Kalanki, Kathmandu",Kathmandu,38000000,7,4,3.0,4,East,2074.0,407,6.1 Aana,14 Feet,14 Feet,Unknown,N/A Sq. Feet,1 year ago,"['Balcony', 'TV Cable', 'Wifi', 'Drainage', 'Water Supply', 'Solar Water', 'Water Tank']",1,14.0,2087.725,,Premium
"Land For Sale In Tahachal, Kathmandu","Tahachal, Tahachal, Kathmandu",Kathmandu,3700000,0,0,3.0,0,North East,2074.0,502,0-2-5-0 Aana,16 Feet,16 Feet,Unknown,N/A Sq. Feet,1 year ago,[],1,16.0,1112.3125,,Medium
"Land For Sale In Hattiban, Lalitpur","Hattiban, Hattiban, Lalitpur",Lalitpur,2800000,0,0,3.0,0,South,2074.0,329,7.1 Aana,20 Feet,20 Feet,Unknown,N/A Sq. Feet,1 year ago,[],1,20.0,2429.975,,Medium
"House For Sale In Thulo Bharyang, Kathmandu","Thulo Bharyang, Thulo Bharyang, Kathmandu",Kathmandu,70000000,3,4,2.0,4,North West,2074.0,291,0-6-25-0 Aana,20 Feet,20 Feet,Unknown,N/A Sq. Feet,1 year ago,"['TV Cable', 'Wifi', 'Water Supply', 'Solar Water', 'Water Tank']",1,20.0,4192.5625,,Premium
"Business For Sale In Godawari, Lalitpur","Godawari, Godawari, Lalitpur",Lalitpur,251000000,0,0,3.0,0,North East,2074.0,282,156.75 Aana,16 Feet,16 Feet,Unknown,N/A Sq. Feet,1 year ago,[],1,16.0,53647.6875,,Premium
"House For Sale In Kalanki, Kathmandu","Durga Nagar Colony, Kalanki, Kathmandu",Kathmandu,41500000,8,7,3.0,0,East,2074.0,654,0-7-5-0 Aana,14 Feet,14 Feet,Unknown,3300 Sq. Feet,1 year ago,[],1,14.0,2823.5625,3300.0,Premium
"House For Sale In Dadikot, Bhaktapur","Dadikot, Dadikot, Bhaktapur",Bhaktapur,22500000,12,4,3.0,0,South,2074.0,291,4 Aana,20 Feet,20 Feet,Unknown,2610 Sq. Feet,1 year ago,[],1,20.0,1369.0,2610.0,High
"Land For Sale In Hattigauda, Kathmandu","Near Itali Chowk, Hattigauda, Kathmandu",Kathmandu,5500000,0,0,3.0,0,South East,2074.0,281,0-7-0-0 Aana,20 Feet,20 Feet,Unknown,N/A Sq. Feet,1 year ago,[],1,20.0,2395.75,,Medium
"House For Sale In Thapathali, Kathmandu","Thapathali, Thapathali, Kathmandu",Kathmandu,40100000,5,2,2.0,0,East,2074.0,622,0-4-3-3 Aana,14 Feet,14 Feet,Unknown,N/A Sq. Feet,1 year ago,"['Balcony', 'TV Cable', 'Wifi', 'Drainage', 'Water Supply', 'Water Tank']",1,14.0,1689.859375,,Premium
"Land For Sale In Hattigauda, Kathmandu","Near VDC, Hattigauda, Kathmandu",Kathmandu,1800000,0,0,3.0,0,South East,2074.0,371,0-15-0-0 Aana,16 Feet,16 Feet,Unknown,N/A Sq. Feet,1 year ago,[],1,16.0,5133.75,,Medium
"Office Space For Rent In Chabahil, Kathmandu","Near Dhumbarahi, Chabahil, Kathmandu",Kathmandu,975000,0,0,2.0,0,West,2074.0,266,12000 Sq. Feet,20 Feet,20 Feet,Unknown,N/A Sq. Feet,1 year ago,[],1,20.0,12000.0,,Low
"House For Sale In Thamel, Kathmandu","Cheetrapati Chowk, Thamel, Kathmandu",Kathmandu,65000000,23,16,7.0,4,West,2074.0,390,0-3-5-0-0 Aana,12 Feet,12 Feet,Unknown,N/A Sq. Feet,1 year ago,"['Balcony', 'TV Cable', 'Wifi', 'Drainage', 'Water Supply', 'Solar Water', 'Water Tank']",1,12.0,1454.5625,,Premium
"Land For Sale In Durbar Marg, Kathmandu","Near ACE Travel, Durbar Marg, Kathmandu",Kathmandu,13000000,0,0,3.0,0,North,2074.0,411,0-11-5-0 Aana,17 Feet,17 Feet,Unknown,N/A Sq. Feet,1 year ago,[],1,17.0,4192.5625,,High
"Land For Sale In Tripureshwor, Kathmandu","Near Bluebird, Tripureshwor, Kathmandu",Kathmandu,13500000,0,0,3.0,0,North East,2074.0,245,0-17-3-0 Aana,20 Feet,20 Feet,Unknown,N/A Sq. Feet,1 year ago,[],1,20.0,6074.9375,,High
"Land For Sale In Durbar Marg, Kathmandu","Durbarmarg, Durbar Marg, Kathmandu",Kathmandu,13000000,0,0,3.0,0,South East,2074.0,247,0-80-0-0 Aana,20 Feet,20 Feet,Unknown,N/A Sq. Feet,1 year ago,[],1,20.0,27380.0,,High
"House For Rent In Mandikatar, Kathmandu","Mandikatar, Mandikatar, Kathmandu",Kathmandu,150000,4,3,3.0,3,West,2074.0,261,0-16-0-0 Aana,13 Feet,13 Feet,Unknown,N/A Sq. Feet,1 year ago,"['Balcony', 'TV Cable', 'Wifi', 'Water Supply', 'Water Tank']",1,13.0,5476.0,,Low
"Land For Sale In Hattigauda, Kathmandu","Hattigauda, Hattigauda, Kathmandu",Kathmandu,2500000,0,0,3.0,0,North East,2074.0,744,0-6-0-0 Aana,12 Feet,12 Feet,Unknown,N/A Sq. Feet,1 year ago,[],1,12.0,2053.5,,Medium
"MULPANI : House For Sale In Mulpani, Kathmandu","nearby greenhill city, Mulpani, Kathmandu",Kathmandu,16500000,5,3,3.0,1,North,2073.0,7.4K,0-3-0-0 Aana,10 Feet,10 Feet,Unknown,650 Sq. Feet,1 year ago,"['Garage', 'Balcony', 'Fencing', 'Modular Kitchen', 'Drainage', 'Water Tank', 'Water Well']",0,10.0,1026.75,650.0,High
"Land For Sale In Basbari, Kathmandu","Dharapati, Basbari, Kathmandu",Kathmandu,2700000,0,0,3.0,0,South,2074.0,318,0-60-0-0 Aana,12 Feet,12 Feet,Unknown,N/A Sq. Feet,1 year ago,[],1,12.0,20535.0,,Medium
"Land For Sale In Baluwatar, Kathmandu","Near PM House, Baluwatar, Kathmandu",Kathmandu,4800000,0,0,3.0,0,South East,2074.0,328,0-11-5-0 Aana,12 Feet,12 Feet,Unknown,N/A Sq. Feet,1 year ago,[],1,12.0,4192.5625,,Medium
"Land For Sale In Chapali, Kathmandu","Bhangal, Chapali, Kathmandu",Kathmandu,1850000,0,0,3.0,0,North East,2074.0,498,20 Aana,15 Feet,15 Feet,Unknown,N/A Sq. Feet,1 year ago,[],1,15.0,6845.0,,Medium
"Land For Sale In Sanepa, Lalitpur","Sanepa Height, Sanepa, Lalitpur",Lalitpur,6800000,0,0,3.0,0,East,2074.0,685,0-6-0-0 Aana,15 Feet,15 Feet,Unknown,N/A Sq. Feet,1 year ago,[],1,15.0,2053.5,,Medium
"Apartment For Rent In Bishal Nagar, Kathmandu","Central park, Bishal Nagar, Kathmandu",Kathmandu,95000,2,2,3.0,0,North,2074.0,447,1000 Sq. Feet,20 Feet,20 Feet,Unknown,N/A Sq. Feet,1 year ago,[],1,20.0,1000.0,,Low
"Land For Sale In Thankot, Kathmandu","Chandragiri, Thankot, Kathmandu",Kathmandu,1750000,0,0,3.0,0,South East,2074.0,384,8-0-0-0 Ropani,20 Feet,20 Feet,Unknown,N/A Sq. Feet,1 year ago,[],1,20.0,43808.0,,Medium
"House For Sale In Dhumbarahi, Kathmandu","Dhumbarahi Main chowk, Dhumbarahi, Kathmandu",Kathmandu,55000000,0,0,2.0,0,West,2074.0,484,0-4-5-0 Aana,20 Feet,20 Feet,Unknown,N/A Sq. Feet,1 year ago,[],1,20.0,1796.8125,,Premium
"Land For Sale In Chundevi, Kathmandu","Chundevi, Chundevi, Kathmandu",Kathmandu,6000000,0,0,3.0,0,South East,2074.0,441,0-4-0-0 Aana,12 Feet,12 Feet,Unknown,N/A Sq. Feet,1 year ago,[],1,12.0,1369.0,,Medium
"Office Space For Rent In Nag Pokhari, Kathmandu","Nag pokhri, Nag Pokhari, Kathmandu",Kathmandu,270000,0,0,3.0,0,South East,2074.0,272,2000 Sq. Feet,20 Feet,20 Feet,Unknown,N/A Sq. Feet,1 year ago,[],1,20.0,2000.0,,Low
"Land For Sale In Bhangal, Kathmandu","Bhangal, Bhangal, Kathmandu",Kathmandu,1600000,0,0,3.0,0,South East,2074.0,376,2-0-0-0 Ropani,15 Feet,15 Feet,Unknown,N/A Sq. Feet,1 year ago,[],1,15.0,10952.0,,Medium
"Land For Sale In Budhanilkantha, Kathmandu","Washi, Budhanilkantha, Kathmandu",Kathmandu,2100000,0,0,3.0,0,East,2074.0,288,1-0-0-0 Ropani,15 Feet,15 Feet,Unknown,N/A Sq. Feet,1 year ago,[],1,15.0,5476.0,,Medium
"Land For Sale In Budhanilkantha, Kathmandu","Siddhartha Colony, Budhanilkantha, Kathmandu",Kathmandu,2600000,0,0,3.0,0,North East,2074.0,442,0-4-0-0 Aana,20 Feet,20 Feet,Unknown,N/A Sq. Feet,1 year ago,[],1,20.0,1369.0,,Medium
"Land For Sale In Dakshinkali, Kathmandu","Dakshinkali, Dakshinkali, Kathmandu",Kathmandu,3200000,0,0,3.0,0,South East,2074.0,318,2-0-0-0 Ropani,0 Feet,0 Feet,Unknown,N/A Sq. Feet,1 year ago,[],1,0.0,10952.0,,Medium
"Land For Sale In Budhanilkantha, Kathmandu","Budhanilkantha, Budhanilkantha, Kathmandu",Kathmandu,2500000,0,0,3.0,0,South East,2074.0,302,0-5-0-0 Aana,12 Feet,12 Feet,Unknown,N/A Sq. Feet,1 year ago,[],1,12.0,1711.25,,Medium
"House For Sale In Dhapasi, Kathmandu","Near grande hospital, Dhapasi, Kathmandu",Kathmandu,26000000,4,3,3.0,0,West,2074.0,382,0-5-5-0 Aana,15 Feet,15 Feet,Unknown,N/A Sq. Feet,1 year ago,"['Garden', 'TV Cable', 'Wifi', 'Drainage', 'Water Supply', 'Water Tank']",1,15.0,2139.0625,,High
"Land For Sale In Putalisadak, Kathmandu","Near Star Mall, Putalisadak, Kathmandu",Kathmandu,5100000,0,0,3.0,0,East,2074.0,483,0-3-2-0 Aana,13 Feet,13 Feet,Unknown,N/A Sq. Feet,1 year ago,[],1,13.0,1197.875,,Medium
"House For Rent In Naxal, Kathmandu","Near bhatbhaten, Naxal, Kathmandu",Kathmandu,400000,0,0,3.0,0,South,2074.0,383,24 Aana,20 Feet,20 Feet,Unknown,N/A Sq. Feet,1 year ago,"['Balcony', 'Frontyard', 'Drainage', 'Water Supply', 'Water Tank']",1,20.0,8214.0,,Low
"Office Space For Rent In Hadigaun, Kathmandu","Near Tangal, Hadigaun, Kathmandu",Kathmandu,160000,4,3,3.0,1,South,2074.0,344,20 Aana,15 Feet,15 Feet,Unknown,N/A Sq. Feet,1 year ago,"['Balcony', 'Frontyard', 'Drainage', 'Water Supply', 'Water Tank']",1,15.0,6845.0,,Low
"House For Sale In Harisiddhi, Lalitpur","Harisiddhi, Harisiddhi, Lalitpur",Lalitpur,33000000,8,7,3.5,2,East,2075.0,13.3K,7.1 Aana,10 Feet,10 Feet,Unknown,3400 Sq. Feet,1 year ago,"['Garage', 'Backyard', 'Fencing', 'Frontyard', 'Garden', 'TV Cable', 'Drainage', 'Water Supply', 'Solar Water', 'Water Well']",0,10.0,2429.975,3400.0,Premium
"House For Rent In Grande Villa, Kathmandu","Tokha, Grande Villa, Kathmandu",Kathmandu,45000,4,3,2.0,1,East,2074.0,496,4 Aana,0 Feet,0 Feet,Unknown,N/A Sq. Feet,1 year ago,"['Balcony', 'Frontyard', 'Drainage', 'Water Supply', 'Water Tank']",1,0.0,1369.0,,Low
"House For Rent In Naxal, Kathmandu","Tangal, Naxal, Kathmandu",Kathmandu,250000,4,3,2.0,1,West,2074.0,295,24 Aana,20 Feet,20 Feet,Unknown,N/A Sq. Feet,1 year ago,"['Balcony', 'Frontyard', 'Modular Kitchen', 'Wifi', 'Drainage', 'Water Supply', 'Water Tank']",1,20.0,8214.0,,Low
"House For Rent In Baluwatar, Kathmandu","Near Russian Embassy, Baluwatar, Kathmandu",Kathmandu,525000,5,5,3.0,1,East,2074.0,392,3000 Sq. Feet,16 Feet,16 Feet,Unknown,N/A Sq. Feet,1 year ago,"['Balcony', 'Frontyard', 'Garden', 'Modular Kitchen', 'Drainage', 'Water Supply', 'Water Tank']",1,16.0,3000.0,,Low
"House For Rent In Hattigauda, Kathmandu","Hattigauda Chowk, Hattigauda, Kathmandu",Kathmandu,55000,0,2,2.0,1,East,2074.0,682,2000 Sq. Feet,15 Feet,15 Feet,Unknown,N/A Sq. Feet,1 year ago,"['Balcony', 'Frontyard', 'Drainage', 'Water Supply', 'Water Tank']",1,15.0,2000.0,,Low
"House For Rent In Lazimpat, Kathmandu","Near Radisson Hotel, Lazimpat, Kathmandu",Kathmandu,350000,0,0,3.0,0,South East,2074.0,279,1-8-0-0 Ropani,20 Feet,20 Feet,Unknown,N/A Sq. Feet,1 year ago,"['Balcony', 'Frontyard', 'Drainage', 'Water Supply', 'Water Tank']",1,20.0,8214.0,,Low
"House For Sale In Hattigauda, Kathmandu","Budhanilkantha, Hattigauda, Kathmandu",Kathmandu,55000000,4,4,2.0,2,East,2066.0,7.1K,0-7-2-0 Aana,13 Feet,13 Feet,Unknown,N/A Sq. Feet,1 year ago,"['Backyard', 'Balcony', 'Frontyard', 'Garden', 'Modular Kitchen', 'TV Cable', 'Wifi', 'Drainage', 'Water Supply', 'Solar Water', 'Water Tank', 'Water Well']",0,13.0,2566.875,,Premium
"Land For Rent In Chabahil, Kathmandu","Gaurighat, Chabahil, Chabahil, Kathmandu",Kathmandu,350000,14,4,3.0,10,South,2009.0,1.2K,35 Aana,20 Feet,20 Feet,Unknown,N/A Sq. Feet,1 year ago,"['Garage', 'Backyard', 'Fencing', 'Frontyard', 'Water Supply']",0,20.0,11978.75,,Low
"Business For Sale In Pokhara, Pokhara","Near, Tika Resort, Pokhara, Pokhara",Pokhara,3500000,0,0,3.0,0,South East,2074.0,1.6K,2900 Sq. Feet,20 Feet,20 Feet,Unknown,N/A Sq. Feet,1 year ago,"['Frontyard', 'Wifi', 'Drainage', 'Water Supply']",1,20.0,2900.0,,Medium
"Land For Sale In Ravi Bhawan, Kathmandu","Near Lincoln School, Ravi Bhawan, Kathmandu",Kathmandu,5500000,0,0,3.0,0,East,2074.0,437,0-11-0-0 Aana,13 Feet,13 Feet,Unknown,N/A Sq. Feet,1 year ago,[],1,13.0,3764.75,,Medium
"Land For Sale In Chandol, Kathmandu","Kundalini, Chandol, Kathmandu",Kathmandu,4500000,0,0,3.0,0,South,2074.0,399,0-7-0-0 Aana,13 Feet,13 Feet,Unknown,N/A Sq. Feet,1 year ago,[],1,13.0,2395.75,,Medium
"CIVIL HOMES PHASE III : House For Rent In Kalanki, Kathmandu","Tinthana, Kalanki, Kathmandu",Kathmandu,100000,6,3,5.0,2,East,2067.0,2.4K,0-7-2-0 Aana,20 Feet,20 Feet,Unknown,1900 Sq. Feet,1 year ago,"['Lawn', 'Garage', 'Backyard', 'Balcony', 'Fencing', 'Frontyard', 'Garden', 'Gym', 'Modular Kitchen', 'Swimming Pool', 'TV Cable', 'Washing Machine', 'Wifi', 'Drainage', 'Water Supply', 'Solar Water']",0,20.0,2566.875,1900.0,Low
"Business For Sale In Lakeside, Pokhara","Kaski, Lakeside, Pokhara",Pokhara,600000000,0,0,3.0,0,South East,2074.0,669,3-5-0-0 Ropani,25 Feet,25 Feet,Unknown,N/A Sq. Feet,1 year ago,[],1,25.0,18139.25,,Premium
"Business For Sale In Dhading, Dhading","Charaudi, Benighat Rorang Gaupalika, Dhading, Dhading",Dhading,62000000,0,0,3.0,0,South,2074.0,330,4-3-0-0 Ropani,25 Feet,25 Feet,Unknown,N/A Sq. Feet,1 year ago,[],1,25.0,22930.75,,Premium
"Land For Sale In Sarankot, Pokhara","Kaski, Sarankot, Pokhara",Pokhara,14000000,0,0,3.0,0,South East,2074.0,359,40-0-0-0 Ropani,20 Feet,20 Feet,Unknown,N/A Sq. Feet,1 year ago,[],1,20.0,219040.0,,High
"Business For Sale In Thamel, Kathmandu","Thamel, Thamel, Kathmandu",Kathmandu,240000000,0,0,3.0,0,West,2074.0,514,0-22-0-0 Aana,6 Meter,6 Meter,Unknown,N/A Sq. Feet,1 year ago,[],1,19.68504,7529.5,,Premium
"COMMERCIAL BUILDING : House For Sale In Pepsicola, Kathmandu","Suncity, Pepsicola, Kathmandu",Kathmandu,110000000,0,13,5.0,12,South East,2073.0,4.4K,0-11-0-0 Aana,23 Feet,23 Feet,Unknown,11000 Sq. Feet,1 year ago,"['Drainage', 'Water Supply']",0,23.0,3764.75,11000.0,Premium
"Business For Sale In Lakeside, Pokhara","Kaski, Lakeside, Pokhara",Pokhara,350000000,0,0,3.0,0,South,2074.0,1.2K,0-30-0-0 Aana,11 Meter,11 Meter,Unknown,N/A Sq. Feet,1 year ago,[],1,36.08924,10267.5,,Premium
"Land For Sale In Mahalaxmi Nagarpalika, Lalitpur","Lamatar Lakuri Bhanjyang., Mahalaxmi Nagarpalika, Lalitpur",Lalitpur,4550000,0,0,3.0,0,South East,2074.0,550,55-0-0-0 Ropani,9 Meter,9 Meter,Unknown,N/A Sq. Feet,1 year ago,[],1,29.52756,301180.0,,Medium
"House For Rent In Hattiban, Lalitpur","Nearby, Nepal Cancer Hospital, Hattiban, Lalitpur",Lalitpur,1000001,0,0,3.0,0,South East,2074.0,312,2000 Sq. Feet,9 Meter,9 Meter,Unknown,N/A Sq. Feet,1 year ago,[],1,29.52756,2000.0,,Low
"Land For Sale In Lazimpat, Kathmandu","Bigmart, Lazimpat, Kathmandu",Kathmandu,15000000,0,0,3.0,0,East,2074.0,1.2K,0-9-0-0 Aana,11 Meter,11 Meter,Unknown,N/A Sq. Feet,1 year ago,[],1,36.08924,3080.25,,High
"Residential Land At Innovative Colony : Land For Sale In Hattiban, Lalitpur","Hattiban, Hattiban, Lalitpur",Lalitpur,2800000,0,0,3.0,0,South,2074.0,2.6K,8 Aana,24 Feet,24 Feet,Unknown,2890 Sq. Feet,1 year ago,[],1,24.0,2738.0,2890.0,Medium
"54 Aana Commercial Land : Land For Sale In Maharajgunj, Kathmandu","Maharajgunj, Maharajgunj, Kathmandu",Kathmandu,5800000,0,0,3.0,0,North,2074.0,2.3K,54 Aana,32 Feet,32 Feet,Unknown,N/A Sq. Feet,1 year ago,[],1,32.0,18481.5,,Medium
"Residential Cum Commercial House : House For Rent In Sanepa, Lalitpur","Sanepa, Sanepa, Lalitpur",Lalitpur,100000,7,3,3.0,2,North East,2074.0,4K,8 Aana,15 Feet,15 Feet,Unknown,N/A Sq. Feet,1 year ago,"['Lawn', 'Garage', 'Balcony', 'Deck', 'Fencing', 'Frontyard', 'Modular Kitchen', 'TV Cable', 'Drainage', 'Water Supply']",1,15.0,2738.0,,Low
"2 Room For Office Purpose : Flat For Rent In Pulchowk, Lalitpur","Hariharbhawan, Pulchowk, Lalitpur",Lalitpur,15500,2,1,3.0,0,South West,2074.0,1.8K,300 Sq. Feet,11 Feet,11 Feet,Unknown,N/A Sq. Feet,1 year ago,"['Fencing', 'Frontyard', 'Wifi', 'Drainage', 'Water Supply']",1,11.0,300.0,,Low
"Land For Sale In Budhanilkantha, Kathmandu","behind budanilkantha school, Budhanilkantha, Kathmandu",Kathmandu,1500000,0,0,3.0,0,North,2074.0,657,5-0-0-0 Ropani,15 Feet,15 Feet,Unknown,N/A Sq. Feet,1 year ago,[],1,15.0,27380.0,,Medium
"Semi Furnished House : House For Rent In Khumaltar, Lalitpur","Khumaltar, Khumaltar, Lalitpur",Lalitpur,75000,5,5,3.0,3,East,2012.0,6.4K,9 Aana,13 Feet,13 Feet,Unknown,N/A Aana,1 year ago,"['Garage', 'Backyard', 'Balcony', 'Deck', 'Fencing', 'Frontyard', 'Garden', 'Modular Kitchen', 'Drainage', 'Water Supply']",0,13.0,3080.25,,Low
"Residential, Good For Investment : Land For Sale In Mulpani, Kathmandu","Mulpani, Mulpani, Kathmandu",Kathmandu,1600000,0,0,3.0,0,North East,2074.0,2.4K,0-3-2-0 Aana,13 Feet,13 Feet,Unknown,N/A Sq. Feet,1 year ago,[],1,13.0,1197.875,,Medium
"Land For Sale In Mulpani, Kathmandu","Dachii, Mulpani, Kathmandu",Kathmandu,875000,0,0,3.0,0,South East,2074.0,673,4 Aana,13 Feet,13 Feet,Unknown,N/A Sq. Feet,1 year ago,[],1,13.0,1369.0,,Low
"Apartment For Sale In Jhamsikhel, Lalitpur","jhamsikhel, Jhamsikhel, Lalitpur",Lalitpur,12500000,2,1,1.0,1,East,2074.0,6.8K,683 Sq. Feet,20 Feet,20 Feet,Unknown,N/A Sq. Feet,1 year ago,"['Balcony', 'Garden', 'Gym', 'Microwave', 'Modular Kitchen', 'Swimming Pool', 'TV Cable', 'Washing Machine', 'Wifi', 'Water Supply', 'Solar Water']",1,20.0,683.0,,High
"Land For Sale In Gothatar, Kathmandu","Ward-7 Office, Gothatar, Kathmandu",Kathmandu,2000000,0,0,3.0,0,West,2074.0,401,0-4-2-2 Aana,10 Feet,10 Feet,Unknown,N/A Sq. Feet,1 year ago,[],1,10.0,1582.90625,,Medium
"Land For Sale In Gothatar, Kathmandu","Near, Kadaghari, Gothatar, Kathmandu",Kathmandu,2200000,0,0,3.0,0,South,2074.0,429,7 Aana,18 Feet,18 Feet,Unknown,N/A Sq. Feet,1 year ago,[],1,18.0,2395.75,,Medium
"Land For Sale In Pepsicola, Kathmandu","TownPlanning, Pepsicola, Kathmandu",Kathmandu,4500000,0,0,3.0,0,North,2074.0,465,0-4-2-0 Aana,6 Meter,6 Meter,Unknown,N/A Sq. Feet,1 year ago,[],1,19.68504,1540.125,,Medium
"Luxurious Bungalow : House For Sale In Budhanilkantha, Kathmandu","Near Budhanilkantha School, Budhanilkantha, Kathmandu",Kathmandu,110000000,4,6,2.5,5,South East,2074.0,44.2K,17.3 Aana,20 Feet / Blacktopped,20 Feet , Blacktopped,0.4.1.1 Aana,1 year ago,"['Lawn', 'Garage', 'Backyard', 'Balcony', 'Deck', 'Frontyard', 'Garden', 'Gym', 'Modular Kitchen', 'TV Cable', 'Wifi', 'Drainage', 'Water Supply', 'Solar Water', 'Water Tank', 'Water Well']",0,20.0,5920.925,,Premium
"Bungalow At Mandikatar : House For Sale In Budhanilkantha, Kathmandu","Mandikatar, Budhanilkantha, Kathmandu",Kathmandu,62500000,5,4,3.0,4,West,2060.0,3.6K,0-15-0-0 Aana,13 Feet,13 Feet,Unknown,4000 Sq. Feet,1 year ago,"['Lawn', 'Garage', 'Backyard', 'Balcony', 'Deck', 'Fencing', 'Frontyard', 'Garden', 'Modular Kitchen', 'TV Cable', 'Wifi', 'Drainage', 'Water Supply', 'Water Tank', 'Water Well']",0,13.0,5133.75,4000.0,Premium
"13 Aana : Land For Sale In Baneshwor, Kathmandu","Baneshwor Height, Baneshwor, Kathmandu",Kathmandu,5200000,0,0,3.0,0,North West,2074.0,5.7K,0-13-0-0 Aana,18 Feet,18 Feet,Unknown,N/A Sq. Feet,1 year ago,"['Drainage', 'Water Supply']",1,18.0,4449.25,,Medium
"22 Aana Land : Land For Sale In Tikathali, Lalitpur","Tikathali, Tikathali, Lalitpur",Lalitpur,1550000,0,0,3.0,0,North East,2074.0,2.3K,1-6-0-0 Aana,22 Feet,22 Feet,Unknown,22 Aana,1 year ago,[],1,22.0,7529.5,7529.5,Medium
"Apartment At 4th Floor : Apartment For Sale In Bhaisepati, Lalitpur","Janata Awas, Bhaisepati, Lalitpur",Lalitpur,13000000,3,2,4.0,1,North West,2070.0,1.6K,12-0-0-0 Ropani,28 Feet,28 Feet,Unknown,1350 Sq. Feet,1 year ago,"['Garage', 'Balcony', 'Deck', 'Fencing', 'Frontyard', 'Modular Kitchen', 'Wifi', 'Water Supply']",0,28.0,65712.0,1350.0,High
"Apartment For Sale : Apartment For Sale In Bhaisepati, Lalitpur","Janata Awas, Bhaisepati, Lalitpur",Lalitpur,13000000,3,2,4.0,1,North West,2013.0,1.7K,12-0-0-0 Ropani,28 Feet,28 Feet,Unknown,1350 Sq. Feet,1 year ago,"['Garage', 'Balcony', 'Fencing', 'Modular Kitchen', 'TV Cable', 'Wifi', 'Water Supply']",0,28.0,65712.0,1350.0,High
"2.5 Storey House : House For Sale In Lokanthali, Bhaktapur","Lokanthali, Lokanthali, Bhaktapur",Bhaktapur,35000000,6,3,3.0,2,North East,2050.0,4.9K,0-7-2-0 Aana,18 Feet,18 Feet,Unknown,N/A Sq. Feet,1 year ago,"['Garage', 'Backyard', 'Balcony', 'Deck', 'Fencing', 'Frontyard', 'Modular Kitchen', 'TV Cable', 'Wifi', 'Drainage', 'Water Supply']",0,18.0,2566.875,,Premium
"2.5 Storey House : House For Sale In Budhanilkantha, Kathmandu","Mathilo Bhangal, Budhanilkantha, Kathmandu",Kathmandu,36500000,4,5,3.0,4,South,2075.0,5.5K,0-11-3-0 Aana,18 Feet,18 Feet,Unknown,2698 Sq. Feet,1 year ago,"['Lawn', 'Garage', 'Backyard', 'Balcony', 'Deck', 'Fencing', 'Frontyard', 'Garden', 'Modular Kitchen', 'Wifi', 'Water Supply', 'Water Tank', 'Water Well']",0,18.0,4021.4375,2698.0,Premium
"House For Sale In Budhanilkantha, Kathmandu","Bisnumati pool,Narayanthan, Budhanilkantha, Kathmandu",Kathmandu,26000000,5,5,3.0,2,North East,2074.0,1.4K,0-5-0-0 Aana,15 Feet,15 Feet,Unknown,N/A Sq. Feet,1 year ago,"['Balcony', 'Frontyard', 'Garden', 'Modular Kitchen', 'Wifi', 'Drainage', 'Water Supply', 'Solar Water', 'Water Tank', 'Water Well']",1,15.0,1711.25,,High
"House For Sale In Budhanilkantha, Kathmandu","Narayanthan Tusal , Bisnumati pool, Budhanilkantha, Kathmandu",Kathmandu,11000000,4,1,3.0,1,South,2074.0,1.8K,0-3-2-0 Aana,15 Feet,15 Feet,Unknown,N/A Sq. Feet,1 year ago,"['Frontyard', 'Drainage', 'Water Supply', 'Water Tank', 'Water Well']",1,15.0,1197.875,,High
"House For Sale In Manamaiju, Kathmandu","Tushal Chowk, Manamaiju, Kathmandu",Kathmandu,19000000,8,2,3.0,1,East,2074.0,596,0-4-0-0 Aana,15 Feet,15 Feet,Unknown,N/A Sq. Feet,1 year ago,"['Drainage', 'Water Supply', 'Water Tank', 'Water Well']",1,15.0,1369.0,,High
"House For Sale In Budhanilkantha, Kathmandu","Bishnumati-Pool, Narayanthan, Budhanilkantha, Kathmandu",Kathmandu,25000000,5,5,3.0,2,North,2074.0,1.2K,0-5-0-0 Aana,15 Feet,15 Feet,Unknown,N/A Sq. Feet,1 year ago,"['Backyard', 'Balcony', 'Frontyard', 'Garden', 'Modular Kitchen', 'TV Cable', 'Wifi', 'Drainage', 'Water Supply', 'Water Tank', 'Water Well']",1,15.0,1711.25,,High
"House For Sale In Baniyatar, Kathmandu","Chowk,Mahanagarpalika,, Baniyatar, Kathmandu",Kathmandu,20000000,12,4,3.0,2,South East,2074.0,635,0-5-0-0 Aana,15 Feet,15 Feet,Unknown,N/A Sq. Feet,1 year ago,"['Balcony', 'Frontyard', 'TV Cable', 'Wifi', 'Drainage', 'Water Supply', 'Water Tank', 'Water Well']",1,15.0,1711.25,,High
"Land For Sale In Thamel, Kathmandu","thamel, Thamel, Kathmandu",Kathmandu,15000000,0,0,3.0,0,East,2074.0,2.8K,0-4-0-0 Aana,0 Feet,0 Feet,Unknown,N/A Sq. Feet,1 year ago,[],1,0.0,1369.0,,High
"House For Sale In Pasikot, Kathmandu","Budhanilkantha, Pasikot, Kathmandu",Kathmandu,29000000,7,5,3.0,2,North,2075.0,13.6K,5 Aana,12 Feet,12 Feet,Unknown,2464.12 Aana,1 year ago,"['Lawn', 'Balcony', 'Fencing', 'Frontyard', 'Water Supply', 'Water Tank', 'Water Well']",0,12.0,1711.25,843345.07,Premium
"Land For Sale In Chapali, Kathmandu","chapali, Chapali, Kathmandu",Kathmandu,2200000,0,0,3.0,0,South West,2074.0,3K,0-4-3-0 Aana,13 Feet,13 Feet,Unknown,N/A Sq. Feet,1 year ago,[],1,13.0,1625.6875,,Medium
"Land For Sale In Budhanilkantha, Kathmandu","Near Budanilkantha School, Budhanilkantha, Kathmandu",Kathmandu,1850000,0,0,3.0,0,East,2074.0,5.4K,0-6-0-0 Aana,0 Feet,0 Feet,Unknown,N/A Sq. Feet,1 year ago,[],1,0.0,2053.5,,Medium
"Land At Bhaisepati : Land For Sale In Bhaisepati, Lalitpur","Binayak Height, Bhaisepati, Lalitpur",Lalitpur,3500000,0,0,3.0,0,South,2074.0,1.2K,0-5-0-0 Aana,13 Feet,13 Feet,Unknown,N/A Sq. Feet,1 year ago,[],1,13.0,1711.25,,Medium
"Land At Baneshwor : Land For Sale In Baneshwor, Kathmandu","New Baneshwor, Baneshwor, Kathmandu",Kathmandu,6000000,0,0,3.0,0,East,2074.0,4K,0-8-1-0 Aana,16 Feet,16 Feet,Unknown,N/A Sq. Feet,1 year ago,[],1,16.0,2823.5625,,Medium
"PERFECT HOMES : House For Sale In Bhaisepati, Lalitpur","Gokul Awas, Bhaisepati, Lalitpur",Lalitpur,29000000,3,2,3.0,1,South,2075.0,24.7K,0-4-1-0 Aana,15 Feet,15 Feet,Unknown,890 Aana,1 year ago,"['Lawn', 'Balcony', 'Fencing', 'Garden', 'Modular Kitchen', 'TV Cable', 'Wifi', 'Drainage', 'Water Supply', 'Solar Water', 'Water Tank', 'Water Well']",0,15.0,1454.5625,304602.5,Premium
"Land At Bhaisepati : Land For Sale In Bhaisepati, Lalitpur","Binayak height, Bhaisepati, Lalitpur",Lalitpur,3800000,0,0,3.0,0,South East,2074.0,1.4K,0-5-0-0 Aana,13 Feet,13 Feet,Unknown,N/A Sq. Feet,1 year ago,[],1,13.0,1711.25,,Medium
"Land At Bhaisepati : Land For Sale In Bhaisepati, Lalitpur","Bhaisepati Awas, Bhaisepati, Lalitpur",Lalitpur,5500000,0,0,3.0,0,East,2074.0,903,0-5-0-0 Aana,0 Feet,0 Feet,Unknown,N/A Sq. Feet,1 year ago,[],1,0.0,1711.25,,Medium
"Land At Bhaisepati : Land For Sale In Bhaisepati, Lalitpur","Bhaisepati Awas, Bhaisepati, Lalitpur",Lalitpur,5500000,0,0,3.0,0,East,2074.0,1.7K,0-6-0-0 Aana,0 Feet,0 Feet,Unknown,N/A Sq. Feet,1 year ago,[],1,0.0,2053.5,,Medium
"Land At Bhaisepati : Land For Sale In Bhaisepati, Lalitpur","Bhaisepati Awas, Bhaisepati, Lalitpur",Lalitpur,5500000,0,0,3.0,0,West,2074.0,1.7K,4 Aana,0 Feet,0 Feet,Unknown,N/A Sq. Feet,1 year ago,[],1,0.0,1369.0,,Medium
"Land At Bhaisepati : Land For Sale In Bhaisepati, Lalitpur","Bhaisepati, Bhaisepati, Lalitpur",Lalitpur,5500000,0,0,3.0,0,West,2074.0,1.7K,8 Aana,20 Feet,20 Feet,Unknown,N/A Sq. Feet,1 year ago,['Water Supply'],1,20.0,2738.0,,Medium
"House For Sale In Dhapakhel, Lalitpur","Dhapakhel, Kathmandu, Dhapakhel, Lalitpur",Lalitpur,25000000,6,3,3.0,2,North,2074.0,953,0-5-1-3 Sq. Feet,10 Feet,10 Feet,Unknown,0-4-0-0 Aana,1 year ago,"['Balcony', 'Water Supply']",0,10.0,1860.984375,1369.0,High
"House For Sale In Godawari, Lalitpur","Taukhel, near Godawari village resort, Godawari, Lalitpur",Lalitpur,40000000,6,4,3.0,3,East,2069.0,1.3K,0-12-0-0 Aana,10 Feet,10 Feet,Unknown,0-6-0-0 Aana,1 year ago,"['Lawn', 'Balcony', 'Fencing', 'Frontyard', 'Garden', 'Drainage', 'Water Supply']",0,10.0,4107.0,2053.5,Premium
"Land For Sale In Panchkhal, Kavre","panchkhal, Panchkhal, Kavre",Kavre,350000,0,0,3.0,0,North,2074.0,978,1-0-0-0 Ropani,16 Feet,16 Feet,Unknown,N/A Sq. Feet,1 year ago,[],1,16.0,5476.0,,Low
"Land For Sale In Koteshwor, Kathmandu","Koteshwor, Bhatbhateni, Koteshwor, Kathmandu",Kathmandu,4500000,0,0,3.0,0,North,2074.0,798,0-6-2-0 Aana,20 Feet,20 Feet,Unknown,N/A Sq. Feet,1 year ago,[],1,20.0,2224.625,,Medium
"Land For Sale In Kavresthali, Kathmandu","Kavresthali, Kavresthali, Kathmandu",Kathmandu,700000,0,0,3.0,0,East,2074.0,1.5K,0-5-1-2 Aana,13 Feet,13 Feet,Unknown,N/A Sq. Feet,1 year ago,[],1,13.0,1839.59375,,Low
"House For Sale In Ghari Patan, Pokhara","Gharipatan , Pokhara, Ghari Patan, Pokhara",Pokhara,30000000,5,4,3.0,3,East,2074.0,1.4K,0-6-0-0 Aana,18 Feet,18 Feet,Unknown,N/A Sq. Feet,1 year ago,"['Balcony', 'Fencing', 'Frontyard']",1,18.0,2053.5,,Premium
"House For Sale In Shrijana Chowk, Pokhara","Shrijana Chowk, Pokhara, Shrijana Chowk, Pokhara",Pokhara,80000000,5,6,3.0,3,East,2065.0,873,12 Aana,0 Feet,0 Feet,Unknown,N/A Sq. Feet,1 year ago,[],0,0.0,4107.0,,Premium
"Land For Sale In Raam Bazar, Pokhara","Raambazar Pokhara, Raam Bazar, Pokhara",Pokhara,25000000,0,0,3.0,0,East,2074.0,534,14 Aana,14 Feet,14 Feet,Unknown,N/A Sq. Feet,1 year ago,[],1,14.0,4791.5,,High
"House For Sale In Sitapaila, Kathmandu","Sitapaila, Dada Pauwa, Sitapaila, Kathmandu",Kathmandu,18000000,4,2,3.0,2,South,2074.0,1.2K,0-3-2-0 Aana,13 Feet,13 Feet,Unknown,N/A Sq. Feet,1 year ago,['Water Supply'],1,13.0,1197.875,,High
"House For Sale In Hattiban, Lalitpur","Hattiban, Hattiban, Lalitpur",Lalitpur,23000000,7,3,3.0,2,North East,2074.0,948,0-5-2-2 Aana,16 Feet,16 Feet,Unknown,N/A Sq. Feet,1 year ago,[],1,16.0,1925.15625,,High
"House For Sale In Dhapasi, Kathmandu","Dhapasi, kathmandu, Dhapasi, Kathmandu",Kathmandu,35000000,0,0,3.0,0,East,2074.0,568,0-11-0-0 Aana,20 Feet,20 Feet,Unknown,N/A Sq. Feet,1 year ago,"['Lawn', 'Frontyard', 'Garden', 'Water Supply']",1,20.0,3764.75,,Premium
"House For Sale In Baluwatar, Kathmandu","Baluwatar, Baluwatar, Kathmandu",Kathmandu,35000000,11,6,3.0,2,East,2074.0,1.2K,0-7-0-0 Aana,20 Feet,20 Feet,Unknown,N/A Aana,1 year ago,[],1,20.0,2395.75,,Premium
"Business For Sale In Baneshwor, Kathmandu","Baneshwor, Baneshwor, Kathmandu",Kathmandu,45000000,6,4,3.0,0,East,2074.0,405,0-4-0-0 Aana,30 Feet,30 Feet,Unknown,5472 Sq. Feet,1 year ago,[],1,30.0,1369.0,5472.0,Premium
"House For Sale In Sitapaila, Kathmandu","Sitapaila, Sitapaila, Kathmandu",Kathmandu,29500000,4,3,3.0,2,West,2074.0,1.5K,0-7-0-0 Sq. Feet,20 Feet,20 Feet,Unknown,N/A Sq. Feet,1 year ago,"['Garden', 'Water Supply']",1,20.0,2395.75,,Premium
"House For Sale In Bhaisepati, Lalitpur","Bhaisepati, Bhaisepati, Lalitpur",Lalitpur,21000000,10,5,3.0,2,North East,2074.0,1.5K,0-4-2-0 Aana,16 Feet,16 Feet,Unknown,N/A Sq. Feet,1 year ago,['Water Supply'],1,16.0,1540.125,,High
"House For Sale In Bhaisepati, Lalitpur","Bhaisepati, Bhaisepati, Lalitpur",Lalitpur,28000000,12,5,3.0,1,North,2074.0,484,0-4-2-0 Aana,13 Feet,13 Feet,Unknown,N/A Sq. Feet,1 year ago,['Water Supply'],1,13.0,1540.125,,Premium
"Apartment At LP Tower : Apartment For Rent In Lazimpat, Kathmandu","Lazimpat, Lazimpat, Kathmandu",Kathmandu,200000,4,5,3.0,2,North East,2067.0,5.5K,3600 Sq. Feet,0 Feet,0 Feet,Unknown,3600 Sq. Feet,1 year ago,"['Lawn', 'Garage', 'Balcony', 'Deck', 'Fencing', 'Frontyard', 'Gym', 'Modular Kitchen', 'TV Cable', 'Washing Machine', 'Wifi', 'Drainage', 'Water Supply']",0,0.0,3600.0,3600.0,Low
"Business For Sale In Jamal, Kathmandu","Jamal, Jamal, Kathmandu",Kathmandu,170000000,0,0,3.0,0,West,2074.0,552,0-7-0-0 Aana,30 Feet,30 Feet,Unknown,2000 Sq. Feet,1 year ago,[],1,30.0,2395.75,2000.0,Premium
"Land For Sale In Chabahil, Kathmandu","CHABAHIL, Chabahil, Kathmandu",Kathmandu,3600000,0,0,3.0,0,North,2074.0,3.9K,2-1-0-0 Ropani,20 Feet,20 Feet,Unknown,N/A Sq. Feet,1 year ago,[],1,20.0,11294.25,,Medium
"House For Sale In Sitapaila, Kathmandu","sitapaila, Sitapaila, Kathmandu",Kathmandu,11700000,0,0,3.0,0,East,2074.0,625,0-3-1-1 Aana,12 Feet,12 Feet,Unknown,N/A Sq. Feet,1 year ago,[],1,12.0,1133.703125,,High
"Land For Sale In Pepsicola, Kathmandu","Pepsicola Town Planning, Pepsicola, Kathmandu",Kathmandu,4000000,0,0,3.0,0,East,2074.0,1.8K,0-6-0-0 Aana,20 Feet,20 Feet,Unknown,N/A Sq. Feet,1 year ago,[],1,20.0,2053.5,,Medium
"Land For Sale In Pepsicola, Kathmandu","Pepsicola Town Planning, Pepsicola, Kathmandu",Kathmandu,4000000,0,0,3.0,0,South West,2074.0,1.5K,0-4-2-2 Aana,20 Feet,20 Feet,Unknown,N/A Sq. Feet,1 year ago,[],1,20.0,1582.90625,,Medium
"Sun City : Apartment For Sale In Pepsicola, Kathmandu","Pepsicola, Pepsicola, Kathmandu",Kathmandu,11000000,3,2,6.0,1,North West,2071.0,16.1K,1336 Sq. Feet,20 Feet,20 Feet,Unknown,N/A Sq. Feet,1 year ago,"['Backyard', 'Balcony', 'Frontyard', 'Garden', 'Modular Kitchen', 'Swimming Pool', 'Drainage', 'Water Supply']",0,20.0,1336.0,,High
"Land For Sale In Gothatar, Kathmandu","gothatar kadaghari, Gothatar, Kathmandu",Kathmandu,2500000,0,0,3.0,0,North,2074.0,1.3K,0-4-2-2 Aana,8 Meter,8 Meter,Unknown,N/A Sq. Feet,1 year ago,[],1,26.24672,1582.90625,,Medium
"House For Sale In Maitidevi, Kathmandu","Maitidevi, Maitidevi, Kathmandu",Kathmandu,32500000,0,0,5.0,0,East,2074.0,8.6K,3 Aana,25 Feet,25 Feet,Unknown,N/A Sq. Feet,1 year ago,"['Garage', 'Backyard', 'Balcony', 'Garden', 'Microwave', 'Modular Kitchen', 'TV Cable', 'Wifi', 'Drainage', 'Water Supply']",1,25.0,1026.75,,Premium
"House For Sale In Nakhipot, Lalitpur","Sumnima Marg, Nakhipot, Lalitpur",Lalitpur,140000000,5,4,4.0,7,East,2074.0,11.9K,2-4-0-0 Ropani,20 Feet,20 Feet,Unknown,N/A Sq. Feet,1 year ago,"['Garage', 'Lawn', 'Backyard', 'Deck', 'Fencing', 'Frontyard', 'Balcony', 'Garden', 'Wifi', 'Drainage', 'Modular Kitchen', 'TV Cable', 'Water Supply']",1,20.0,12321.0,,Premium
"House For Sale In Budhanilkantha, Kathmandu","Buddha Colony, Budhanilkantha, Kathmandu",Kathmandu,105000000,4,5,3.0,7,South West,2074.0,14.9K,2-0-0-0 Ropani,20 Feet,20 Feet,Unknown,4080.12 Sq. Feet,1 year ago,"['Lawn', 'Garage', 'Backyard', 'Balcony', 'Deck', 'Fencing', 'Frontyard', 'Garden', 'Modular Kitchen', 'TV Cable', 'Wifi', 'Drainage', 'Water Supply']",0,20.0,10952.0,4080.12,Premium
"House For Sale In Machhegaun, Kirtipur","Machhegaun, Machhegaun, Kirtipur",Kirtipur,59000000,5,2,2.0,7,South,2074.0,15K,3-5-0-0 Ropani,12 Feet,12 Feet,Unknown,N/A Sq. Feet,1 year ago,"['Lawn', 'Garage', 'Backyard', 'Balcony', 'Deck', 'Fencing', 'Frontyard', 'Garden', 'Modular Kitchen', 'TV Cable', 'Wifi', 'Drainage', 'Water Supply']",1,12.0,18139.25,,Premium
"House For Sale In Kupondole, Lalitpur","Kupondole, Kupondole, Lalitpur",Lalitpur,6500000,4,3,3.0,5,North,2074.0,5.6K,30 Aana,30 Feet,30 Feet,Unknown,N/A Sq. Feet,1 year ago,"['Lawn', 'Garage', 'Backyard', 'Balcony', 'Deck', 'Fencing', 'Frontyard', 'Garden', 'Modular Kitchen', 'TV Cable', 'Wifi', 'Drainage', 'Water Supply']",1,30.0,10267.5,,Medium
"Land For Sale In Budhanilkantha, Kathmandu","Deuba Chowk, Budhanilkantha, Kathmandu",Kathmandu,2700000,0,0,3.0,0,North,2074.0,7.8K,7-0-2 Aana,12 Feet,12 Feet,Unknown,N/A Sq. Feet,1 year ago,"['Drainage', 'Water Supply']",1,12.0,38503.125,,Medium
"House For Rent In Chapali, Kathmandu","Bhangal, Chapali, Kathmandu",Kathmandu,500000,5,5,3.0,5,North East,2074.0,3.1K,1 Ropani,16 Feet,16 Feet,Unknown,N/A Sq. Feet,1 year ago,"['Balcony', 'Frontyard', 'Garden', 'Drainage', 'Water Supply']",1,16.0,5476.0,,Low
"House For Sale In Sitapaila, Kathmandu","Nagarjun, Sitapaila, Kathmandu",Kathmandu,12000000,4,2,2.0,1,North East,2074.0,1.4K,2.5 Aana,13 Feet,13 Feet,Unknown,N/A Sq. Feet,1 year ago,"['Balcony', 'Frontyard', 'Drainage', 'Water Supply']",1,13.0,855.625,,High
"House For Sale In Budhanilkantha, Kathmandu","Deuja Chowk, Budhanilkantha, Kathmandu",Kathmandu,27000000,5,3,2.0,1,East,2071.0,1.5K,8 Aana,12 Feet,12 Feet,Unknown,N/A Sq. Feet,1 year ago,"['Balcony', 'Frontyard', 'Drainage', 'Water Supply']",0,12.0,2738.0,,Premium
"House For Rent In Baneshwor, Kathmandu","Bhimsengola, Baneshwor, Kathmandu",Kathmandu,300000,9,3,2.0,4,North,2074.0,2.5K,51 Aana,13 Feet,13 Feet,Unknown,N/A Sq. Feet,1 year ago,"['Drainage', 'Water Supply', 'Garden', 'Frontyard', 'Backyard', 'Lawn']",1,13.0,17454.75,,Low
"House For Sale In Baluwatar, Kathmandu","Gocha marg, Baluwatar, Kathmandu",Kathmandu,72500000,5,2,3.0,5,East,2074.0,19.6K,13 Aana,12 Feet,12 Feet,Unknown,13 Aana,1 year ago,"['Garage', 'Balcony', 'Frontyard', 'Drainage', 'Water Supply']",1,12.0,4449.25,4449.25,Premium
